pair_id,veh_id,ped_id,veh_class,ped_class,first_seen,last_seen,confirmed,event_start,event_end,conflict_frames,crosswalk_frames,min_ttc,min_predicted_distance,min_current_distance,max_closing_speed,max_relative_speed,max_vehicle_speed,max_pedestrian_speed,min_vehicle_accel,braking_response,reject_reason
2470-2855,2470,2855,car,person,87.588,107.007,1,101.501,102.603,1,124,1.37,1.0,180.2,160.1,206.6,25.2,206.6,-71.6,yes,pedestrian_not_in_crosswalk
3142-3207,3142,3207,car,person,96.897,113.714,1,101.501,102.603,6,124,0.322,2.1,95.4,527.9,658.9,541.7,155.5,-115.4,yes,pedestrian_stationary
3142-3350,3142,3350,car,person,100.1,105.606,1,101.501,102.603,1,56,0.491,23.3,127.0,569.5,600.1,541.7,141.3,-90.3,yes,pedestrian_stationary
2952-3365,3365,2952,car,person,100.701,105.606,1,101.501,102.603,8,21,1.185,0.6,183.5,227.7,232.8,114.8,141.1,80.0,no,vehicle_not_moving
3365-3372,3365,3372,car,person,101.001,105.606,1,101.501,102.603,5,21,1.572,2.6,207.9,215.6,227.0,114.8,145.5,80.0,no,pedestrian_stationary
3207-3393,3393,3207,car,person,102.002,113.714,1,107.908,108.909,11,73,1.23,2.0,145.7,299.8,368.0,368.0,155.5,-363.3,yes,vehicle_not_moving
3372-3393,3393,3372,car,person,102.002,107.407,1,101.501,102.603,1,11,1.551,85.8,212.4,186.7,345.0,220.4,145.5,-363.3,yes,vehicle_not_moving
2237-3403,2237,3403,car,person,102.202,125.826,1,121.822,122.422,7,237,1.922,1.1,318.1,165.8,169.9,169.9,77.4,-14.5,no,pedestrian_stationary
3378-3403,3378,3403,car,person,102.202,121.822,1,111.912,113.013,2,197,0.449,1.4,73.1,313.3,376.7,376.7,77.4,-222.7,yes,pedestrian_stationary
2470-3490,2470,3490,car,person,105.105,117.017,1,111.912,113.013,1,120,1.634,0.8,143.9,231.0,234.9,79.6,234.9,-73.2,yes,pedestrian_stationary
3378-3490,3378,3490,car,person,105.105,117.017,1,111.912,113.013,1,120,0.811,102.1,117.1,210.0,376.7,376.7,234.9,-142.1,yes,pedestrian_stationary
3431-3620,3431,3620,car,person,110.11,121.321,1,111.912,113.013,4,22,1.951,31.6,176.5,108.1,590.2,551.3,156.5,-134.3,yes,pedestrian_stationary
1-12,1,12,car,person,0.0,4.705,0,,,0,37,16.22,658.6,687.4,42.4,216.6,190.2,137.8,72.1,no,pedestrian_not_in_crosswalk
1-14,1,14,car,person,0.0,4.705,0,,,0,48,,753.8,753.8,0.0,298.5,190.2,217.0,72.1,no,pedestrian_stationary
1-15,1,15,car,person,0.0,4.705,0,,,0,36,203.261,783.9,783.9,4.0,201.7,190.2,97.2,72.1,no,pedestrian_stationary
1-18,1,18,car,person,0.0,4.705,0,,,0,48,,773.6,773.6,0.0,254.2,190.2,158.1,72.1,no,pedestrian_stationary
1-19,1,19,car,person,0.0,4.705,0,,,0,48,16.554,188.5,1986.3,131.3,157.3,190.2,157.3,72.1,no,pedestrian_stationary
1-30,1,30,car,person,0.0,4.705,0,,,0,15,11.12,514.0,708.0,67.0,190.2,190.2,122.3,72.1,no,pedestrian_not_in_crosswalk
2-12,2,12,car,person,0.0,28.428,0,,,0,169,1.17,12.1,121.1,130.0,206.3,293.2,206.3,-142.4,yes,pedestrian_not_in_crosswalk
2-14,2,14,car,person,0.0,28.428,0,,,0,137,1.554,0.8,139.8,150.5,334.6,293.2,217.0,-142.4,yes,pedestrian_stationary
2-15,2,15,car,person,0.0,15.415,0,,,0,107,1.547,4.8,153.9,127.8,146.3,85.1,146.3,-142.4,yes,pedestrian_stationary
2-18,2,18,car,person,0.0,28.428,0,,,0,211,1.887,25.1,152.8,163.4,266.2,293.2,215.1,-142.4,yes,pedestrian_stationary
2-19,2,19,car,person,0.0,28.428,0,,,0,232,5.066,18.3,553.4,199.0,208.1,293.2,185.7,-142.4,yes,pedestrian_stationary
2-30,2,30,car,person,0.0,28.428,0,,,0,167,1.383,3.4,137.6,126.2,197.4,293.2,193.2,-142.4,yes,pedestrian_not_in_crosswalk
3-12,3,12,car,person,0.0,22.523,0,,,0,160,14.413,89.2,1211.2,135.8,554.4,554.4,206.3,-195.9,yes,pedestrian_not_in_crosswalk
3-14,3,14,car,person,0.0,22.523,0,,,0,111,17.656,1170.1,1310.2,106.6,463.5,554.4,217.0,-195.9,yes,pedestrian_stationary
3-15,3,15,car,person,0.0,15.415,0,,,0,107,28.26,195.3,1378.3,84.3,551.5,554.4,146.3,-195.9,yes,pedestrian_stationary
3-18,3,18,car,person,0.0,22.523,0,,,0,211,12.261,48.3,1169.1,134.4,510.7,554.4,215.1,-195.9,yes,pedestrian_stationary
3-19,3,19,car,person,0.0,22.523,0,,,0,200,2.074,615.0,619.6,390.5,663.2,554.4,185.7,-195.9,yes,pedestrian_stationary
3-30,3,30,car,person,0.0,22.523,0,,,0,153,15.271,28.3,1485.6,139.9,554.4,554.4,193.2,-195.9,yes,pedestrian_not_in_crosswalk
4-12,4,12,bus,person,0.0,39.239,0,,,0,169,8.407,53.2,823.6,187.9,224.2,121.2,206.3,-114.6,yes,pedestrian_not_in_crosswalk
4-14,4,14,bus,person,0.0,38.438,0,,,0,172,8.605,15.7,882.6,158.1,233.1,121.2,217.0,-114.6,yes,pedestrian_stationary
4-15,4,15,bus,person,0.0,15.415,0,,,0,107,12.111,59.2,1217.0,138.0,146.3,34.5,146.3,-79.6,yes,pedestrian_stationary
4-18,4,18,bus,person,0.0,28.829,0,,,0,211,9.363,9.3,782.2,157.9,215.1,110.5,215.1,-79.6,yes,pedestrian_stationary
4-19,4,19,bus,person,0.0,33.734,0,,,0,232,6.417,503.4,734.4,114.9,185.7,121.2,185.7,-79.6,yes,pedestrian_stationary
4-20,4,20,bus,person,0.0,39.64,0,,,0,8,36.095,496.6,598.8,17.2,1151.5,121.2,1151.5,-114.6,yes,pedestrian_not_in_crosswalk
4-30,4,30,bus,person,0.0,36.236,0,,,0,185,8.593,16.9,839.2,163.5,193.2,121.2,193.2,-114.6,yes,pedestrian_not_in_crosswalk
5-12,5,12,car,person,0.0,13.313,0,,,0,123,14.734,232.3,1819.9,147.5,263.5,274.7,206.3,-81.4,yes,pedestrian_not_in_crosswalk
5-14,5,14,car,person,0.0,13.313,0,,,0,111,16.944,1189.0,1556.9,102.3,201.8,274.7,217.0,-81.4,yes,pedestrian_stationary
5-15,5,15,car,person,0.0,13.313,0,,,0,86,26.232,496.8,1620.3,83.5,282.0,274.7,146.3,-81.4,yes,pedestrian_stationary
5-18,5,18,car,person,0.0,13.313,0,,,0,134,13.992,50.1,1588.5,127.4,226.3,274.7,181.3,-81.4,yes,pedestrian_stationary
5-19,5,19,car,person,0.0,13.313,0,,,0,133,5.135,680.2,682.1,146.2,400.0,274.7,157.3,-81.4,yes,pedestrian_stationary
5-30,5,30,car,person,0.0,13.313,0,,,0,101,15.612,37.9,1939.3,140.6,274.7,274.7,193.2,-81.4,yes,pedestrian_not_in_crosswalk
6-12,6,12,truck,person,0.0,17.818,0,,,0,155,13.332,72.6,595.3,120.1,535.6,535.6,206.3,-168.2,yes,pedestrian_not_in_crosswalk
6-14,6,14,truck,person,0.0,17.818,0,,,0,111,72.364,325.6,325.6,20.3,445.8,535.6,217.0,-168.2,yes,pedestrian_stationary
6-15,6,15,truck,person,0.0,15.415,0,,,0,107,,402.0,402.0,0.0,532.0,535.6,146.3,-168.2,yes,pedestrian_stationary
6-18,6,18,truck,person,0.0,17.818,0,,,0,179,11.405,365.0,365.0,119.6,493.6,535.6,181.3,-168.2,yes,pedestrian_stationary
6-19,6,19,truck,person,0.0,17.818,0,,,0,178,1.968,366.0,476.7,585.8,647.8,535.6,185.7,-168.2,yes,pedestrian_stationary
6-30,6,30,truck,person,0.0,17.818,0,,,0,146,17.54,249.8,721.7,98.2,535.6,535.6,193.2,-168.2,yes,pedestrian_not_in_crosswalk
7-12,7,12,car,person,0.0,16.016,0,,,0,150,13.721,198.1,1297.3,130.1,345.4,345.4,206.3,-73.4,yes,pedestrian_not_in_crosswalk
7-14,7,14,car,person,0.0,16.016,0,,,0,111,18.953,1029.3,1029.3,84.1,253.5,345.4,217.0,-73.4,yes,pedestrian_stationary
7-15,7,15,car,person,0.0,15.415,0,,,0,107,113.411,1094.3,1094.3,19.0,345.2,345.4,146.3,-73.4,yes,pedestrian_stationary
7-18,7,18,car,person,0.0,16.016,0,,,0,161,11.883,5.1,1061.8,126.2,301.7,345.4,181.3,-73.4,yes,pedestrian_stationary
7-19,7,19,car,person,0.0,16.016,0,,,0,160,2.729,536.3,564.1,361.4,463.8,345.4,185.7,-73.4,yes,pedestrian_stationary
7-30,7,30,car,person,0.0,16.016,0,,,0,128,18.309,102.8,1414.5,120.6,345.4,345.4,193.2,-73.4,yes,pedestrian_not_in_crosswalk
8-12,8,12,car,person,0.0,32.232,0,,,0,169,6.954,48.5,685.1,185.5,206.3,100.0,206.3,-124.2,yes,pedestrian_not_in_crosswalk
8-14,8,14,car,person,0.0,32.232,0,,,0,172,7.143,4.6,718.0,178.7,224.5,100.0,217.0,-124.2,yes,pedestrian_stationary
8-15,8,15,car,person,0.0,15.415,0,,,0,107,10.679,51.4,1002.0,136.6,146.3,59.0,146.3,-124.2,yes,pedestrian_stationary
8-18,8,18,car,person,0.0,28.829,0,,,0,211,7.676,1.8,661.1,132.4,232.5,100.0,215.1,-124.2,yes,pedestrian_stationary
8-19,8,19,car,person,0.0,32.232,0,,,0,232,5.08,318.2,593.8,123.4,193.6,100.0,185.7,-124.2,yes,pedestrian_stationary
8-30,8,30,car,person,0.0,32.232,0,,,0,185,7.089,34.7,701.1,161.1,193.2,100.0,193.2,-124.2,yes,pedestrian_not_in_crosswalk
10-12,10,12,car,person,0.0,7.908,0,,,0,69,12.852,51.0,2119.9,182.6,263.0,263.0,206.3,-64.8,yes,pedestrian_not_in_crosswalk
10-14,10,14,car,person,0.0,7.908,0,,,0,80,11.986,822.3,1785.0,153.4,218.2,263.0,217.0,-64.8,yes,pedestrian_stationary
10-15,10,15,car,person,0.0,7.908,0,,,0,63,17.676,12.8,1915.5,135.1,264.0,263.0,146.3,-64.8,yes,pedestrian_stationary
10-18,10,18,car,person,0.0,7.908,0,,,0,80,17.725,887.8,1884.2,116.8,220.1,263.0,181.3,-64.8,yes,pedestrian_stationary
10-19,10,19,car,person,0.0,7.908,0,,,0,80,47.163,719.1,719.1,15.5,390.5,263.0,157.3,-64.8,yes,pedestrian_stationary
10-30,10,30,car,person,0.0,7.908,0,,,0,47,15.031,89.7,2233.8,158.6,263.0,263.0,183.3,-64.8,yes,pedestrian_not_in_crosswalk
11-12,11,12,car,person,0.0,39.239,0,,,0,169,10.993,26.3,934.4,184.2,205.2,62.3,206.3,-102.2,yes,pedestrian_not_in_crosswalk
11-14,11,14,car,person,0.0,38.438,0,,,0,172,10.342,7.2,1093.5,156.5,214.5,62.3,217.0,-102.2,yes,pedestrian_stationary
11-15,11,15,car,person,0.0,15.415,0,,,0,107,15.313,21.8,1609.0,135.3,145.1,62.3,146.3,-76.1,yes,pedestrian_stationary
11-18,11,18,car,person,0.0,28.829,0,,,0,211,10.94,53.1,897.1,164.0,215.1,62.3,215.1,-76.1,yes,pedestrian_stationary
11-19,11,19,car,person,0.0,33.734,0,,,0,232,9.304,830.3,891.7,130.8,189.8,62.3,185.7,-102.2,yes,pedestrian_stationary
11-20,11,20,car,person,0.0,41.141,0,,,0,8,37.531,89.3,564.5,15.7,1221.2,62.3,1221.2,-102.2,yes,pedestrian_not_in_crosswalk
11-30,11,30,car,person,0.0,36.236,0,,,0,185,11.407,10.2,932.4,159.9,193.2,62.3,193.2,-102.2,yes,pedestrian_not_in_crosswalk
12-22,22,12,car,person,0.0,39.239,0,,,0,169,4.12,10.1,292.0,167.4,206.3,111.3,206.3,-56.6,yes,pedestrian_not_in_crosswalk
12-24,24,12,car,person,0.0,7.107,0,,,0,61,15.85,35.6,2787.4,181.9,206.3,64.3,206.3,-43.7,yes,pedestrian_not_in_crosswalk
12-25,25,12,truck,person,0.0,39.239,0,,,0,169,3.78,3.2,110.8,169.2,206.3,38.0,206.3,-114.9,yes,pedestrian_not_in_crosswalk
12-26,26,12,car,person,0.0,8.208,0,,,0,72,14.561,52.1,2441.5,182.5,206.3,95.1,206.3,-61.4,yes,pedestrian_not_in_crosswalk
12-28,28,12,car,person,0.0,4.304,0,,,0,33,23.694,9.0,3141.6,132.6,132.7,0.0,132.7,0.0,no,pedestrian_not_in_crosswalk
12-29,29,12,car,person,0.0,37.337,0,,,0,169,5.524,1.4,261.1,165.7,206.3,12.3,206.3,-50.2,yes,pedestrian_not_in_crosswalk
12-34,34,12,car,person,0.0,3.904,0,,,0,29,24.139,398.6,2963.1,125.2,131.2,0.0,131.2,,no,pedestrian_not_in_crosswalk
12-36,36,12,car,person,0.0,4.104,0,,,0,31,26.377,450.2,3227.7,125.5,131.2,0.0,131.2,,no,pedestrian_not_in_crosswalk
12-39,39,12,car,person,0.0,3.904,0,,,0,29,22.393,217.6,2879.0,130.6,131.2,0.0,131.2,,no,pedestrian_not_in_crosswalk
14-22,22,14,car,person,0.0,38.438,0,,,0,172,8.937,5.5,994.2,170.8,217.0,94.9,217.0,-56.6,yes,pedestrian_stationary
14-24,24,14,car,person,0.0,7.107,0,,,0,72,15.698,91.3,2422.6,156.1,217.0,64.3,217.0,-43.7,yes,pedestrian_stationary
14-25,25,14,truck,person,0.0,38.438,0,,,0,172,11.312,20.7,1335.2,171.2,217.0,38.0,217.0,-114.9,yes,pedestrian_stationary
14-26,26,14,car,person,0.0,8.208,0,,,0,83,13.833,208.5,2045.2,154.8,197.8,95.1,217.0,-61.4,yes,pedestrian_stationary
14-28,28,14,car,person,0.0,4.304,0,,,0,44,17.095,14.3,2736.8,161.0,217.0,0.0,217.0,0.0,no,pedestrian_stationary
14-29,29,14,car,person,0.0,37.337,0,,,0,172,12.567,16.1,1464.3,170.0,217.0,12.3,217.0,-50.2,yes,pedestrian_stationary
14-34,34,14,car,person,0.0,3.904,0,,,0,40,16.907,57.0,2561.7,155.9,191.7,0.0,191.7,,no,pedestrian_stationary
14-36,36,14,car,person,0.0,4.104,0,,,0,42,18.777,90.5,2831.3,155.6,217.0,0.0,217.0,,no,pedestrian_stationary
14-39,39,14,car,person,0.0,3.904,0,,,0,40,17.559,38.0,2460.8,145.7,191.7,0.0,191.7,,no,pedestrian_stationary
15-22,22,15,car,person,0.0,15.415,0,,,0,107,20.207,8.3,2030.4,113.3,146.3,0.0,146.3,0.0,no,pedestrian_stationary
15-24,24,15,car,person,0.0,7.107,0,,,0,59,21.707,6.3,2924.1,134.7,146.3,64.3,146.3,-43.7,yes,pedestrian_stationary
15-25,25,15,truck,person,0.0,15.415,0,,,0,107,23.665,24.8,2416.8,112.3,146.3,38.0,146.3,-114.9,yes,pedestrian_stationary
15-26,26,15,car,person,0.0,8.208,0,,,0,63,19.98,0.4,2519.3,135.1,146.3,95.1,146.3,-61.4,yes,pedestrian_stationary
15-28,28,15,car,person,0.0,4.304,0,,,0,32,41.304,33.8,3126.5,77.1,77.9,0.0,77.9,0.0,no,pedestrian_stationary
15-29,29,15,car,person,0.0,15.415,0,,,0,107,24.319,85.8,2493.3,116.3,146.3,12.3,146.3,-50.2,yes,pedestrian_stationary
15-34,34,15,car,person,0.0,3.904,0,,,0,28,41.308,949.3,2909.3,70.9,77.9,0.0,77.9,,no,pedestrian_stationary
15-36,36,15,car,person,0.0,4.104,0,,,0,30,45.247,1023.0,3183.7,71.1,77.9,0.0,77.9,,no,pedestrian_stationary
15-39,39,15,car,person,0.0,3.904,0,,,0,28,37.643,327.1,2836.5,76.1,77.9,0.0,77.9,,no,pedestrian_stationary
18-22,22,18,car,person,0.0,28.829,0,,,0,211,3.413,17.5,320.7,170.1,215.1,0.0,215.1,0.0,no,pedestrian_stationary
18-24,24,18,car,person,0.0,7.107,0,,,0,72,18.327,4.2,2581.1,157.0,181.3,64.3,181.3,-43.7,yes,pedestrian_stationary
18-25,25,18,truck,person,0.0,28.829,0,,,0,211,3.558,2.2,346.4,172.1,215.1,38.0,215.1,-114.9,yes,pedestrian_stationary
18-26,26,18,car,person,0.0,8.208,0,,,0,83,17.734,13.9,2234.6,128.7,181.3,95.1,181.3,-61.4,yes,pedestrian_stationary
18-28,28,18,car,person,0.0,4.304,0,,,0,44,20.086,13.8,2871.6,143.3,158.1,0.0,158.1,0.0,no,pedestrian_stationary
18-29,29,18,car,person,0.0,28.829,0,,,0,211,5.241,7.9,530.8,168.8,215.1,12.3,215.1,-50.2,yes,pedestrian_stationary
18-34,34,18,car,person,0.0,3.904,0,,,0,40,19.431,11.3,2676.9,137.8,138.4,0.0,138.4,,no,pedestrian_stationary
18-36,36,18,car,person,0.0,4.104,0,,,0,42,18.944,14.2,2936.5,155.0,157.2,0.0,157.2,,no,pedestrian_stationary
18-39,39,18,car,person,0.0,3.904,0,,,0,40,19.865,5.9,2599.2,130.8,138.4,0.0,138.4,,no,pedestrian_stationary
19-22,22,19,car,person,0.0,33.734,0,,,0,232,5.309,208.6,415.9,180.6,185.7,0.0,185.7,0.0,no,pedestrian_stationary
19-24,24,19,car,person,0.0,7.107,0,,,0,72,,1378.8,1378.8,0.0,199.1,64.3,157.3,-43.7,yes,pedestrian_stationary
19-25,25,19,truck,person,0.0,33.734,0,,,0,232,6.079,141.9,430.6,182.3,185.7,38.0,185.7,-114.9,yes,pedestrian_stationary
19-26,26,19,car,person,0.0,8.208,0,,,0,83,,1186.4,1186.4,0.0,228.0,95.1,157.3,-61.4,yes,pedestrian_stationary
19-28,28,19,car,person,0.0,4.304,0,,,0,44,,1167.3,1167.3,0.0,157.3,0.0,157.3,0.0,no,pedestrian_stationary
19-29,29,19,car,person,0.0,33.734,0,,,0,232,8.24,350.6,616.8,179.2,185.7,12.3,185.7,-50.2,yes,pedestrian_stationary
19-34,34,19,car,person,0.0,3.904,0,,,0,40,100.514,1306.2,1306.2,14.4,157.3,0.0,157.3,,no,pedestrian_stationary
19-36,36,19,car,person,0.0,4.104,0,,,0,42,912.52,1528.5,1528.5,1.9,157.3,0.0,157.3,,no,pedestrian_stationary
19-39,39,19,car,person,0.0,3.904,0,,,0,40,,922.9,922.9,0.0,157.3,0.0,157.3,,no,pedestrian_stationary
20-22,22,20,car,person,0.0,43.343,0,,,0,8,24.156,15.8,611.5,124.8,1089.1,313.5,1221.2,-56.6,yes,pedestrian_not_in_crosswalk
20-25,25,20,truck,person,0.0,43.343,0,,,0,8,59.596,21.4,1000.1,16.9,1211.2,38.0,1221.2,-114.9,yes,pedestrian_not_in_crosswalk
20-29,29,20,car,person,0.0,37.337,0,,,0,8,66.802,7.3,1069.3,16.1,428.4,12.3,428.4,-50.2,yes,pedestrian_not_in_crosswalk
22-30,22,30,car,person,0.0,36.236,0,,,0,185,4.992,0.1,400.8,147.8,193.2,25.5,193.2,0.0,no,pedestrian_not_in_crosswalk
24-30,24,30,car,person,0.0,7.107,0,,,0,39,24.233,847.4,3035.9,125.6,132.1,64.3,132.1,-43.7,yes,pedestrian_not_in_crosswalk
25-30,25,30,truck,person,0.0,36.236,0,,,0,185,6.053,1.2,439.6,152.6,193.2,38.0,193.2,-114.9,yes,pedestrian_not_in_crosswalk
26-30,26,30,car,person,0.0,8.208,0,,,0,50,16.996,96.8,2655.0,158.5,183.3,95.1,183.3,-61.4,yes,pedestrian_not_in_crosswalk
28-30,28,30,car,person,0.0,4.304,0,,,0,11,28.388,56.5,3371.9,118.8,118.9,0.0,118.9,0.0,no,pedestrian_not_in_crosswalk
29-30,29,30,car,person,0.0,36.236,0,,,0,185,7.789,4.3,622.2,147.5,193.2,12.3,193.2,-50.2,yes,pedestrian_not_in_crosswalk
30-34,34,30,car,person,0.0,3.904,0,,,0,7,29.054,180.3,3178.9,110.1,114.5,0.0,114.5,,no,pedestrian_not_in_crosswalk
30-36,36,30,car,person,0.0,4.104,0,,,0,9,31.622,186.3,3444.7,110.2,114.5,0.0,114.5,,no,pedestrian_not_in_crosswalk
30-39,39,30,car,person,0.0,3.904,0,,,0,7,27.392,52.8,3106.5,114.1,114.5,0.0,114.5,,no,pedestrian_not_in_crosswalk
1-46,1,46,car,person,0.4,4.705,0,,,0,10,12.021,5.0,1893.8,166.1,178.2,190.2,178.2,87.3,no,pedestrian_stationary
2-46,2,46,car,person,0.4,11.311,0,,,0,71,6.921,0.3,823.8,188.1,216.1,84.3,189.3,-93.3,yes,pedestrian_stationary
3-46,3,46,car,person,0.4,11.311,0,,,0,71,2.906,648.5,656.3,276.2,691.7,554.4,189.3,-195.9,yes,pedestrian_stationary
4-46,4,46,bus,person,0.4,11.311,0,,,0,71,19.92,779.2,811.8,40.8,189.3,29.5,189.3,-79.6,yes,pedestrian_stationary
5-46,5,46,car,person,0.4,11.311,0,,,0,71,9.875,681.5,681.7,81.6,416.7,274.7,189.3,-81.4,yes,pedestrian_stationary
6-46,6,46,truck,person,0.4,11.311,0,,,0,71,2.365,578.2,615.0,529.4,668.1,535.6,189.3,-168.2,yes,pedestrian_stationary
7-46,7,46,car,person,0.4,11.311,0,,,0,71,3.175,627.6,667.7,294.3,486.7,345.4,189.3,-73.4,yes,pedestrian_stationary
8-46,8,46,car,person,0.4,11.311,0,,,0,71,8.659,601.7,712.3,85.7,205.2,59.0,189.3,-124.2,yes,pedestrian_stationary
10-46,10,46,car,person,0.4,7.908,0,,,0,37,,730.1,730.1,0.0,409.4,263.0,189.3,-64.8,yes,pedestrian_stationary
11-46,11,46,car,person,0.4,11.311,0,,,0,71,,889.7,889.7,0.0,211.1,62.3,189.3,-76.1,yes,pedestrian_stationary
22-46,22,46,car,person,0.4,11.311,0,,,0,71,,783.8,783.8,0.0,189.3,0.0,189.3,0.0,no,pedestrian_stationary
24-46,24,46,car,person,0.4,7.107,0,,,0,29,,1386.9,1386.9,0.0,209.8,58.9,178.2,-34.9,yes,pedestrian_stationary
25-46,25,46,truck,person,0.4,11.311,0,,,0,71,,1147.0,1147.0,0.0,189.3,38.0,189.3,-114.9,yes,pedestrian_stationary
26-46,26,46,car,person,0.4,8.208,0,,,0,40,,1172.3,1172.3,0.0,256.9,95.1,189.3,-61.4,yes,pedestrian_stationary
28-46,28,46,car,person,0.4,4.304,0,,,0,9,,1147.0,1147.0,0.0,178.2,0.0,178.2,0.0,no,pedestrian_stationary
29-46,29,46,car,person,0.4,11.311,0,,,0,71,,1259.8,1259.8,0.0,189.3,12.3,189.3,-50.2,yes,pedestrian_stationary
34-46,34,46,car,person,0.4,3.904,0,,,0,9,,1287.6,1287.6,0.0,173.2,0.0,173.2,,no,pedestrian_stationary
36-46,36,46,car,person,0.4,4.104,0,,,0,9,,1516.8,1516.8,0.0,178.2,0.0,178.2,,no,pedestrian_stationary
39-46,39,46,car,person,0.4,3.904,0,,,0,9,,906.0,906.0,0.0,173.2,0.0,173.2,,no,pedestrian_stationary
2-59,2,59,car,person,0.801,28.428,0,,,0,175,9.271,78.4,1400.6,207.2,348.8,293.2,144.9,-142.4,yes,pedestrian_not_in_crosswalk
3-59,3,59,car,person,0.801,22.523,0,,,0,116,3.828,987.4,1128.3,439.1,544.8,537.6,144.9,-195.9,yes,pedestrian_not_in_crosswalk
4-59,4,59,bus,person,0.801,39.64,0,,,0,268,18.691,793.5,1420.9,85.8,182.9,121.2,144.9,-114.6,yes,pedestrian_not_in_crosswalk
5-59,5,59,car,person,0.801,13.313,0,,,0,24,6.522,973.4,1215.9,253.9,318.6,274.7,144.9,-81.4,yes,pedestrian_not_in_crosswalk
6-59,6,59,truck,person,0.801,17.818,0,,,0,69,5.171,969.2,1268.0,486.3,526.1,513.3,144.9,-168.2,yes,pedestrian_not_in_crosswalk
7-59,7,59,car,person,0.801,16.016,0,,,0,51,6.153,999.1,1276.8,331.5,380.3,340.1,144.9,-73.4,yes,pedestrian_not_in_crosswalk
8-59,8,59,car,person,0.801,32.232,0,,,0,213,16.714,19.3,1430.0,94.0,144.9,100.0,144.9,-124.2,yes,pedestrian_not_in_crosswalk
11-59,11,59,car,person,0.801,41.141,0,,,0,268,17.362,914.3,1304.6,77.6,144.9,58.3,144.9,-102.2,yes,pedestrian_not_in_crosswalk
22-59,22,59,car,person,0.801,44.444,0,,,0,268,7.97,177.0,492.5,107.7,400.9,400.9,144.9,-235.9,yes,pedestrian_not_in_crosswalk
25-59,25,59,truck,person,0.801,44.444,0,,,0,268,3.806,124.3,160.8,43.9,144.9,38.0,144.9,-114.9,yes,pedestrian_not_in_crosswalk
29-59,29,59,car,person,0.801,37.337,0,,,0,264,34.796,290.0,293.0,8.4,144.9,12.3,144.9,-50.2,yes,pedestrian_not_in_crosswalk
12-68,68,12,car,person,1.001,10.811,0,,,0,98,16.145,2.8,2273.5,162.1,206.3,23.8,206.3,-83.8,yes,pedestrian_not_in_crosswalk
14-68,68,14,car,person,1.001,10.811,0,,,0,99,12.116,65.3,1847.0,171.2,217.0,23.8,217.0,-83.8,yes,vehicle_not_moving
15-68,68,15,car,person,1.001,10.811,0,,,0,62,23.666,26.7,2504.4,112.3,146.3,23.8,146.3,-83.8,yes,pedestrian_not_in_crosswalk
18-68,68,18,car,person,1.001,10.811,0,,,0,99,15.874,1.8,2087.9,154.5,181.3,23.8,181.3,-83.8,yes,vehicle_not_moving
19-68,68,19,car,person,1.001,10.811,0,,,0,98,,1298.2,1298.2,0.0,165.9,23.8,157.3,-83.8,yes,vehicle_not_moving
30-68,68,30,car,person,1.001,10.811,0,,,0,76,22.008,1.7,2605.2,133.0,193.2,23.8,193.2,-83.8,yes,pedestrian_not_in_crosswalk
46-68,68,46,car,person,1.001,10.811,0,,,0,62,,1212.1,1212.1,0.0,189.3,23.8,189.3,-83.8,yes,vehicle_not_moving
59-68,68,59,car,person,1.001,10.811,0,,,0,1,3.829,124.4,165.7,43.7,104.0,23.8,104.0,-83.8,yes,pedestrian_not_in_crosswalk
1-88,1,88,car,person,2.502,4.705,0,,,0,22,3.722,422.5,745.5,200.3,243.1,0.0,243.1,,no,pedestrian_not_in_crosswalk
2-88,2,88,car,person,2.502,10.21,0,,,0,77,1.469,34.6,135.9,132.7,243.1,9.5,243.1,-23.7,yes,pedestrian_not_in_crosswalk
3-88,3,88,car,person,2.502,10.21,0,,,0,77,91.517,2255.0,2481.3,30.3,378.4,311.5,243.1,-107.6,yes,pedestrian_not_in_crosswalk
4-88,4,88,bus,person,2.502,10.21,0,,,0,77,15.142,576.9,1752.5,117.0,243.1,0.0,243.1,-0.0,yes,pedestrian_not_in_crosswalk
5-88,5,88,car,person,2.502,10.21,0,,,0,77,111.694,2310.2,2313.7,22.7,344.2,266.3,243.1,-60.4,yes,pedestrian_not_in_crosswalk
6-88,6,88,truck,person,2.502,10.21,0,,,0,77,,1462.1,1462.1,0.0,368.0,301.3,243.1,-93.3,yes,pedestrian_not_in_crosswalk
7-88,7,88,car,person,2.502,10.21,0,,,0,77,,1875.9,1875.9,0.0,332.3,240.8,243.1,-52.7,yes,pedestrian_not_in_crosswalk
8-88,8,88,car,person,2.502,10.21,0,,,0,77,13.196,274.1,1540.2,118.2,258.7,59.0,243.1,-124.2,yes,pedestrian_not_in_crosswalk
10-88,10,88,car,person,2.502,7.908,0,,,0,54,20.752,672.2,2468.1,119.9,320.4,217.6,243.1,-64.8,yes,pedestrian_not_in_crosswalk
11-88,11,88,car,person,2.502,10.21,0,,,0,77,17.495,619.6,2141.1,122.8,243.1,35.0,243.1,-64.4,yes,pedestrian_not_in_crosswalk
22-88,22,88,car,person,2.502,10.21,0,,,0,77,20.603,12.0,2601.3,127.4,243.1,0.0,243.1,0.0,no,pedestrian_not_in_crosswalk
24-88,24,88,car,person,2.502,7.107,0,,,0,46,25.132,791.6,3003.7,120.3,251.6,34.0,243.1,-14.2,no,pedestrian_not_in_crosswalk
25-88,25,88,truck,person,2.502,10.21,0,,,0,77,23.6,3.8,2986.6,127.5,228.7,16.4,243.1,-57.4,yes,pedestrian_not_in_crosswalk
26-88,26,88,car,person,2.502,8.208,0,,,0,57,23.32,751.1,2778.5,120.0,230.8,95.1,243.1,-61.4,yes,pedestrian_not_in_crosswalk
28-88,28,88,car,person,2.502,4.304,0,,,0,18,29.629,68.3,3215.5,109.8,243.1,0.0,243.1,,no,pedestrian_not_in_crosswalk
29-88,29,88,car,person,2.502,10.21,0,,,0,77,24.306,57.0,3065.7,127.0,243.1,11.2,243.1,-39.3,yes,pedestrian_not_in_crosswalk
34-88,34,88,car,person,2.502,3.904,0,,,0,14,29.196,892.8,3019.0,103.4,243.1,0.0,243.1,,no,pedestrian_not_in_crosswalk
36-88,36,88,car,person,2.502,4.104,0,,,0,16,31.907,957.3,3290.0,103.6,243.1,0.0,243.1,,no,pedestrian_not_in_crosswalk
39-88,39,88,car,person,2.502,3.904,0,,,0,14,27.134,268.7,2942.9,108.5,243.1,0.0,243.1,,no,pedestrian_not_in_crosswalk
68-88,68,88,car,person,2.502,10.21,0,,,0,77,23.602,4.0,2987.2,127.5,233.5,15.4,243.1,-58.9,yes,pedestrian_not_in_crosswalk
2-113,2,113,car,person,3.904,28.428,0,,,0,145,7.278,39.5,1390.5,225.9,345.8,293.2,176.4,-142.4,yes,pedestrian_not_in_crosswalk
3-113,3,113,car,person,3.904,22.523,0,,,0,86,14.397,1105.3,1169.9,83.6,242.2,211.3,176.4,-72.5,yes,pedestrian_not_in_crosswalk
4-113,4,113,bus,person,3.904,39.64,0,,,0,241,12.516,56.4,1489.4,128.6,201.8,121.2,176.4,-114.6,yes,pedestrian_not_in_crosswalk
5-113,5,113,car,person,3.904,13.313,0,,,0,1,13.694,980.8,1264.2,97.7,228.9,196.5,176.4,-60.4,yes,pedestrian_not_in_crosswalk
6-113,6,113,truck,person,3.904,17.818,0,,,0,45,9.767,1089.2,1265.6,189.5,262.3,217.9,176.4,-63.1,yes,pedestrian_not_in_crosswalk
7-113,7,113,car,person,3.904,16.016,0,,,0,27,10.473,1119.1,1290.0,151.5,238.1,201.6,176.4,-49.5,yes,pedestrian_not_in_crosswalk
8-113,8,113,car,person,3.904,32.232,0,,,0,183,12.896,84.3,1474.8,130.9,176.4,100.0,176.4,-124.2,yes,pedestrian_not_in_crosswalk
11-113,11,113,car,person,3.904,41.141,0,,,0,241,11.504,337.6,1363.7,119.3,176.4,38.0,176.4,-102.2,yes,pedestrian_not_in_crosswalk
22-113,22,113,car,person,3.904,44.845,0,,,0,241,4.686,244.0,519.3,110.8,400.9,400.9,176.4,-434.2,yes,pedestrian_not_in_crosswalk
25-113,25,113,truck,person,3.904,44.845,0,,,0,241,18.271,262.9,262.9,30.5,176.4,33.5,176.4,-99.8,yes,pedestrian_not_in_crosswalk
29-113,29,113,car,person,3.904,37.337,0,,,0,234,30.015,392.7,392.7,34.7,176.4,0.0,176.4,-0.1,yes,pedestrian_not_in_crosswalk
12-132,132,12,car,person,4.705,25.726,0,,,0,133,6.036,9.0,460.0,169.3,214.7,33.4,206.3,-78.1,yes,vehicle_not_moving
14-132,132,14,car,person,4.705,25.726,0,,,0,64,10.262,8.8,1124.8,177.9,178.1,33.4,171.7,-78.1,yes,vehicle_not_moving
15-132,132,15,car,person,4.705,15.415,0,,,0,72,19.649,22.3,2110.6,120.4,143.5,33.4,146.3,-78.1,yes,vehicle_not_moving
18-132,132,18,car,person,4.705,25.726,0,,,0,164,5.065,64.2,464.5,165.8,215.1,33.4,215.1,-78.1,yes,vehicle_not_moving
19-132,132,19,car,person,4.705,25.726,0,,,0,166,6.859,346.3,566.1,177.5,185.7,33.4,185.7,-78.1,yes,vehicle_not_moving
30-132,132,30,car,person,4.705,25.726,0,,,0,139,6.99,52.1,626.0,143.4,206.1,33.4,193.2,-78.1,yes,vehicle_not_moving
46-132,132,46,car,person,4.705,11.311,0,,,0,61,79.315,43.2,1525.5,22.5,207.9,33.4,189.3,-78.1,yes,pedestrian_not_in_crosswalk
59-132,132,59,car,person,4.705,25.726,0,,,0,148,14.797,542.4,542.4,41.3,144.9,33.4,144.9,-78.1,yes,pedestrian_not_in_crosswalk
88-132,132,88,car,person,4.705,10.21,0,,,0,56,21.593,22.2,2692.8,128.7,128.7,33.4,127.6,-78.1,yes,vehicle_not_moving
113-132,132,113,car,person,4.705,25.726,0,,,0,118,6.652,436.9,596.2,92.6,176.4,33.4,176.4,-78.1,yes,pedestrian_not_in_crosswalk
12-150,150,12,car,person,5.405,9.409,0,,,0,41,8.703,21.8,1236.9,181.5,206.3,0.0,206.3,,no,vehicle_not_moving
14-150,150,14,car,person,5.405,9.409,0,,,0,41,7.447,574.8,881.2,147.5,171.7,0.0,171.7,,no,vehicle_not_moving
15-150,150,15,car,person,5.405,9.409,0,,,0,22,12.064,11.2,1331.5,134.3,146.3,0.0,146.3,,no,vehicle_not_moving
18-150,150,18,car,person,5.405,9.409,0,,,0,41,9.148,18.6,1066.6,126.9,153.4,0.0,153.4,,no,vehicle_not_moving
19-150,150,19,car,person,5.405,9.409,0,,,0,40,,694.5,694.5,0.0,137.9,0.0,137.9,,no,vehicle_not_moving
30-150,150,30,car,person,5.405,9.409,0,,,0,41,10.248,45.5,1478.5,157.3,193.2,0.0,193.2,,no,vehicle_not_moving
46-150,150,46,car,person,5.405,9.409,0,,,0,39,51.708,812.0,812.0,17.4,189.3,0.0,189.3,,no,pedestrian_not_in_crosswalk
88-150,150,88,car,person,5.405,9.409,0,,,0,41,14.319,538.0,1700.1,120.1,127.6,0.0,127.6,,no,vehicle_not_moving
2-187,2,187,car,person,6.506,28.428,0,,,0,211,7.475,144.3,144.3,116.9,199.9,293.2,199.9,-142.4,yes,pedestrian_stationary
3-187,3,187,car,person,6.506,22.523,0,,,0,161,15.445,81.4,1441.5,111.9,164.4,84.7,189.2,-72.5,yes,pedestrian_stationary
4-187,4,187,bus,person,6.506,39.64,0,,,0,247,10.521,1.3,798.2,158.5,244.0,121.2,216.0,-114.6,yes,pedestrian_stationary
5-187,5,187,car,person,6.506,13.313,0,,,0,69,19.943,11.9,2074.5,114.4,173.2,91.0,189.2,-23.7,yes,pedestrian_stationary
6-187,6,187,truck,person,6.506,17.818,0,,,0,114,17.567,1010.2,1617.5,92.1,164.5,148.3,189.2,-63.1,yes,pedestrian_stationary
7-187,7,187,car,person,6.506,16.016,0,,,0,96,21.289,836.1,1865.9,88.7,171.5,155.0,189.2,-49.5,yes,pedestrian_stationary
8-187,8,187,car,person,6.506,32.232,0,,,0,211,9.126,2.7,663.8,159.2,234.7,100.0,216.0,-92.6,yes,pedestrian_stationary
10-187,10,187,car,person,6.506,7.908,0,,,0,15,14.891,159.4,2262.8,160.0,189.2,0.0,189.2,,no,pedestrian_stationary
11-187,11,187,car,person,6.506,41.141,0,,,0,262,8.132,72.0,889.0,168.2,216.0,38.0,216.0,-102.2,yes,pedestrian_stationary
22-187,22,187,car,person,6.506,49.249,0,,,0,307,1.406,1.5,239.6,194.2,467.2,400.9,216.0,-434.2,yes,pedestrian_stationary
24-187,24,187,car,person,6.506,7.107,0,,,0,7,18.223,173.2,2871.9,160.1,161.4,0.0,161.4,,no,pedestrian_stationary
25-187,25,187,truck,person,6.506,52.152,0,,,0,307,3.64,0.5,305.8,158.7,216.0,33.5,216.0,-99.8,yes,pedestrian_stationary
26-187,26,187,car,person,6.506,8.208,0,,,0,18,16.829,177.4,2544.3,160.0,189.2,0.0,189.2,,no,pedestrian_stationary
29-187,29,187,car,person,6.506,37.337,0,,,0,224,4.308,9.0,488.3,169.2,216.0,0.0,216.0,-0.0,no,pedestrian_stationary
68-187,68,187,car,person,6.506,10.811,0,,,0,44,18.386,13.8,2479.4,158.7,189.2,0.0,189.2,-0.0,no,pedestrian_stationary
132-187,132,187,car,person,6.506,25.726,0,,,0,193,4.463,0.9,558.7,160.4,178.9,33.4,189.2,-78.1,yes,pedestrian_stationary
150-187,150,187,car,person,6.506,9.409,0,,,0,30,10.077,88.3,1366.0,160.2,189.2,0.0,189.2,,no,pedestrian_stationary
12-202,202,12,truck,person,7.307,30.931,0,,,0,107,3.784,13.0,101.3,169.2,173.3,0.0,173.3,0.0,no,vehicle_not_moving
14-202,202,14,truck,person,7.307,30.931,0,,,0,89,11.31,81.2,1335.5,171.3,171.7,0.0,171.7,0.0,no,vehicle_not_moving
15-202,202,15,truck,person,7.307,15.415,0,,,0,47,23.663,25.5,2417.0,112.0,137.5,0.0,137.5,0.0,no,vehicle_not_moving
18-202,202,18,truck,person,7.307,28.829,0,,,0,138,3.579,1.5,347.6,172.1,215.1,0.0,215.1,0.0,no,vehicle_not_moving
19-202,202,19,truck,person,7.307,30.931,0,,,0,159,6.099,178.0,430.6,182.3,185.7,0.0,185.7,0.0,no,vehicle_not_moving
30-202,202,30,truck,person,7.307,30.931,0,,,0,145,6.059,8.8,436.2,152.6,193.2,0.0,193.2,0.0,no,vehicle_not_moving
46-202,202,46,truck,person,7.307,11.311,0,,,0,41,,2057.5,2057.5,0.0,189.3,0.0,189.3,0.0,no,vehicle_not_moving
59-202,202,59,truck,person,7.307,30.931,0,,,0,200,223.665,334.6,334.6,5.6,144.9,0.0,144.9,0.0,no,pedestrian_not_in_crosswalk
88-202,202,88,truck,person,7.307,10.21,0,,,0,30,,2986.8,2986.8,0.0,0.0,0.0,0.0,0.0,no,vehicle_not_moving
113-202,202,113,truck,person,7.307,30.931,0,,,0,170,18.241,349.5,349.5,30.5,176.4,0.0,176.4,0.0,no,pedestrian_not_in_crosswalk
187-202,202,187,truck,person,7.307,30.931,0,,,0,203,3.605,0.3,303.7,147.2,216.0,0.0,216.0,0.0,no,vehicle_not_moving
4-207,4,207,bus,person,7.407,39.64,0,,,0,31,18.192,1322.3,1534.4,92.4,293.7,121.2,293.7,-114.6,yes,pedestrian_not_in_crosswalk
11-207,11,207,car,person,7.407,41.141,0,,,0,31,23.184,1025.6,1410.2,63.4,293.7,38.0,293.7,-102.2,yes,pedestrian_not_in_crosswalk
22-207,22,207,car,person,7.407,44.544,0,,,0,31,8.849,103.4,612.4,111.1,400.9,400.9,293.7,-330.9,yes,pedestrian_not_in_crosswalk
25-207,25,207,truck,person,7.407,44.544,0,,,0,31,98.27,292.2,292.2,13.2,293.7,33.5,293.7,-99.8,yes,pedestrian_not_in_crosswalk
29-207,29,207,car,person,7.407,37.337,0,,,0,31,180.998,425.1,425.1,7.4,293.7,0.0,293.7,-0.0,no,pedestrian_not_in_crosswalk
2-221,2,221,car,person,7.808,11.712,0,,,0,40,,793.3,793.3,0.0,0.0,0.0,0.0,-0.0,no,pedestrian_stationary
3-221,3,221,car,person,7.808,11.712,0,,,0,40,,2043.7,2043.7,0.0,58.0,58.0,0.0,-72.5,yes,pedestrian_stationary
4-221,4,221,bus,person,7.808,11.712,0,,,0,40,,1044.5,1044.5,0.0,0.0,0.0,0.0,-0.0,no,pedestrian_stationary
5-221,5,221,car,person,7.808,11.712,0,,,0,40,,1862.2,1862.2,0.0,65.5,65.5,0.0,-19.8,no,pedestrian_stationary
6-221,6,221,truck,person,7.808,11.712,0,,,0,40,,1262.8,1262.8,0.0,134.6,134.6,0.0,-63.1,yes,pedestrian_stationary
7-221,7,221,car,person,7.808,11.712,0,,,0,40,,1618.5,1618.5,0.0,103.3,103.3,0.0,-42.0,yes,pedestrian_stationary
8-221,8,221,car,person,7.808,11.712,0,,,0,40,,835.4,835.4,0.0,0.0,0.0,0.0,-0.0,no,pedestrian_stationary
10-221,10,221,car,person,7.808,7.908,0,,,0,2,,1689.4,1689.4,0.0,0.0,0.0,0.0,,no,pedestrian_stationary
11-221,11,221,car,person,7.808,11.712,0,,,0,40,,1383.0,1383.0,0.0,35.0,35.0,0.0,-76.1,yes,pedestrian_stationary
22-221,22,221,car,person,7.808,11.712,0,,,0,40,,1716.2,1716.2,0.0,0.0,0.0,0.0,0.0,no,pedestrian_stationary
25-221,25,221,truck,person,7.808,11.712,0,,,0,40,,2098.4,2098.4,0.0,0.0,0.0,0.0,-0.0,no,pedestrian_stationary
26-221,26,221,car,person,7.808,8.208,0,,,0,5,,1992.2,1992.2,0.0,0.0,0.0,0.0,,no,pedestrian_stationary
29-221,29,221,car,person,7.808,11.712,0,,,0,40,,2186.1,2186.1,0.0,0.0,0.0,0.0,-0.0,no,pedestrian_stationary
68-221,68,221,car,person,7.808,10.811,0,,,0,31,,2099.3,2099.3,0.0,0.0,0.0,0.0,,no,pedestrian_stationary
132-221,132,221,car,person,7.808,11.712,0,,,0,40,80.601,0.7,1813.1,22.5,33.4,33.4,0.0,-78.1,yes,pedestrian_stationary
150-221,150,221,car,person,7.808,9.409,0,,,0,17,,951.2,951.2,0.0,0.0,0.0,0.0,,no,pedestrian_stationary
202-221,202,221,truck,person,7.808,11.712,0,,,0,40,,2098.6,2098.6,0.0,0.0,0.0,0.0,0.0,no,pedestrian_stationary
2-228,2,228,car,person,7.908,28.428,0,,,0,193,11.419,17.6,1303.3,180.3,342.8,293.2,201.9,-142.4,yes,pedestrian_not_in_crosswalk
3-228,3,228,car,person,7.908,22.523,0,,,0,134,55.393,1023.3,1115.7,31.9,231.9,58.0,201.9,-72.5,yes,pedestrian_not_in_crosswalk
4-228,4,228,bus,person,7.908,39.64,0,,,0,305,8.047,3.4,1340.1,184.9,228.3,121.2,225.8,-114.6,yes,pedestrian_not_in_crosswalk
5-228,5,228,car,person,7.908,13.313,0,,,0,42,,1160.0,1160.0,0.0,255.1,64.7,201.9,-19.8,no,pedestrian_not_in_crosswalk
6-228,6,228,truck,person,7.908,17.818,0,,,0,87,10.93,1144.0,1203.2,119.3,326.6,134.6,201.9,-63.1,yes,pedestrian_not_in_crosswalk
7-228,7,228,car,person,7.908,16.016,0,,,0,69,50.262,1182.2,1183.7,31.4,290.5,102.3,201.9,-42.0,yes,pedestrian_not_in_crosswalk
8-228,8,228,car,person,7.908,32.232,0,,,0,231,14.608,54.1,1309.5,104.3,201.9,100.0,201.9,-92.6,yes,pedestrian_not_in_crosswalk
11-228,11,228,car,person,7.908,41.141,0,,,0,320,5.944,4.1,1257.8,225.8,225.8,38.0,225.8,-102.2,yes,pedestrian_not_in_crosswalk
22-228,22,228,car,person,7.908,49.249,0,,,0,344,3.482,2.5,432.3,193.0,445.1,400.9,225.8,-434.2,yes,pedestrian_not_in_crosswalk
25-228,25,228,truck,person,7.908,50.25,0,,,0,344,8.781,140.0,277.8,139.1,241.4,33.5,225.8,-99.8,yes,pedestrian_not_in_crosswalk
29-228,29,228,car,person,7.908,37.337,0,,,0,282,9.672,347.0,460.3,141.7,225.8,0.0,225.8,-0.0,no,pedestrian_not_in_crosswalk
68-228,68,228,car,person,7.908,10.811,0,,,0,17,,277.9,277.9,0.0,201.9,0.0,201.9,,no,pedestrian_not_in_crosswalk
132-228,132,228,car,person,7.908,25.726,0,,,0,166,28.612,357.8,515.6,22.6,201.9,33.4,201.9,-78.1,yes,pedestrian_not_in_crosswalk
150-228,150,228,car,person,7.908,9.409,0,,,0,3,15.298,1224.7,1415.3,96.9,191.0,0.0,191.0,,no,pedestrian_not_in_crosswalk
202-228,202,228,truck,person,7.908,30.931,0,,,0,218,55.54,277.1,277.1,22.9,201.9,0.0,201.9,0.0,no,pedestrian_not_in_crosswalk
12-242,242,12,car,person,8.508,13.614,0,,,0,52,2.651,764.3,1040.4,472.8,1649.9,1791.8,168.4,298.2,no,vehicle_not_moving
14-242,242,14,car,person,8.508,13.614,0,,,0,26,1.79,798.4,872.2,731.4,1685.9,1791.8,171.7,298.2,no,vehicle_not_moving
15-242,242,15,car,person,8.508,13.614,0,,,0,26,4.185,22.7,1242.9,319.2,1791.8,1791.8,137.5,298.2,no,pedestrian_not_in_crosswalk
18-242,242,18,car,person,8.508,13.614,0,,,0,52,2.144,789.4,992.5,620.1,1659.1,1791.8,158.2,298.2,no,vehicle_not_moving
19-242,242,19,car,person,8.508,13.614,0,,,0,51,1.894,243.2,1113.7,794.9,1864.8,1791.8,143.7,298.2,no,vehicle_not_moving
30-242,242,30,car,person,8.508,13.614,0,,,0,52,3.617,252.3,1132.2,339.4,1693.2,1791.8,193.2,298.2,no,vehicle_not_moving
46-242,242,46,car,person,8.508,11.311,0,,,0,29,1.747,1082.0,1084.4,784.3,1791.8,1791.8,0.0,298.2,no,vehicle_not_moving
59-242,242,59,car,person,8.508,13.614,0,,,0,27,0.955,60.0,1230.8,1731.7,1874.9,1791.8,144.9,298.2,no,pedestrian_not_in_crosswalk
88-242,242,88,car,person,8.508,10.21,0,,,0,18,5.247,1153.9,1154.1,229.0,1791.8,1791.8,0.0,298.2,no,pedestrian_stationary
113-242,242,113,car,person,8.508,13.614,0,,,0,3,1.001,21.7,1349.4,1732.1,1853.7,1791.8,176.4,298.2,no,pedestrian_not_in_crosswalk
187-242,242,187,car,person,8.508,13.614,0,,,0,52,3.116,550.3,1110.8,393.5,1701.7,1791.8,123.8,298.2,no,vehicle_not_moving
221-242,242,221,car,person,8.508,11.712,0,,,0,33,1.67,1035.4,1036.2,789.7,1791.8,1791.8,0.0,298.2,no,pedestrian_stationary
228-242,242,228,car,person,8.508,13.614,0,,,0,45,0.757,49.0,833.4,1810.2,1977.2,1791.8,201.9,298.2,no,pedestrian_not_in_crosswalk
2-247,2,247,car,person,8.709,12.713,0,,,0,41,,702.7,702.7,0.0,0.0,0.0,0.0,-0.0,no,pedestrian_stationary
3-247,3,247,car,person,8.709,12.713,0,,,0,41,,2152.4,2152.4,0.0,49.1,49.1,0.0,-72.5,yes,pedestrian_stationary
4-247,4,247,bus,person,8.709,12.713,0,,,0,41,,1077.0,1077.0,0.0,0.0,0.0,0.0,-0.0,no,pedestrian_stationary
5-247,5,247,car,person,8.709,12.713,0,,,0,41,,1972.9,1972.9,0.0,64.7,64.7,0.0,-15.2,no,pedestrian_stationary
6-247,6,247,truck,person,8.709,12.713,0,,,0,41,,1430.3,1430.3,0.0,132.8,132.8,0.0,-63.1,yes,pedestrian_stationary
7-247,7,247,car,person,8.709,12.713,0,,,0,41,,1753.6,1753.6,0.0,89.4,89.4,0.0,-42.0,yes,pedestrian_stationary
8-247,8,247,car,person,8.709,12.713,0,,,0,41,,864.6,864.6,0.0,0.0,0.0,0.0,-0.0,no,pedestrian_stationary
11-247,11,247,car,person,8.709,12.713,0,,,0,41,,1432.6,1432.6,0.0,31.1,31.1,0.0,-76.1,yes,pedestrian_stationary
22-247,22,247,car,person,8.709,12.713,0,,,0,41,,1797.5,1797.5,0.0,0.0,0.0,0.0,0.0,no,pedestrian_stationary
25-247,25,247,truck,person,8.709,12.713,0,,,0,41,,2181.2,2181.2,0.0,0.0,0.0,0.0,-0.0,no,pedestrian_stationary
29-247,29,247,car,person,8.709,12.713,0,,,0,41,,2266.6,2266.6,0.0,0.0,0.0,0.0,-0.0,no,pedestrian_stationary
68-247,68,247,car,person,8.709,10.811,0,,,0,22,,2181.1,2181.1,0.0,0.0,0.0,0.0,,no,pedestrian_stationary
132-247,132,247,car,person,8.709,12.713,0,,,0,41,84.823,38.3,1898.1,22.4,33.4,33.4,0.0,-78.1,yes,pedestrian_stationary
150-247,150,247,car,person,8.709,9.409,0,,,0,8,,994.1,994.1,0.0,0.0,0.0,0.0,,no,pedestrian_stationary
202-247,202,247,truck,person,8.709,12.713,0,,,0,41,,2181.0,2181.0,0.0,0.0,0.0,0.0,0.0,no,pedestrian_stationary
242-247,242,247,car,person,8.709,12.713,0,,,0,41,1.89,1083.7,1091.6,717.9,1791.8,1791.8,0.0,298.2,no,pedestrian_stationary
12-251,251,12,car,person,8.909,28.228,0,,,0,91,4.401,725.6,915.3,265.2,383.1,503.3,173.3,-228.4,yes,vehicle_not_moving
14-251,251,14,car,person,8.909,28.228,0,,,0,46,4.303,234.0,1001.1,304.3,541.9,503.3,171.7,-228.4,yes,vehicle_not_moving
15-251,251,15,car,person,8.909,15.415,0,,,0,44,8.748,25.6,924.4,107.0,136.9,165.3,137.5,-228.4,yes,pedestrian_not_in_crosswalk
18-251,251,18,car,person,8.909,28.228,0,,,0,122,5.271,961.6,1182.2,240.2,397.4,503.3,215.1,-228.4,yes,vehicle_not_moving
19-251,251,19,car,person,8.909,28.228,0,,,0,143,3.544,0.1,744.1,271.3,399.5,503.3,185.7,-228.4,yes,vehicle_not_moving
30-251,251,30,car,person,8.909,28.228,0,,,0,109,2.769,128.2,522.3,264.6,381.4,503.3,193.2,-228.4,yes,vehicle_not_moving
46-251,251,46,car,person,8.909,11.311,0,,,0,25,9.618,52.5,1331.4,157.8,165.3,165.3,0.0,-109.7,yes,vehicle_not_moving
59-251,251,59,car,person,8.909,28.228,0,,,0,173,4.734,5.7,1259.2,353.9,561.4,503.3,144.9,-228.4,yes,pedestrian_not_in_crosswalk
88-251,251,88,car,person,8.909,10.21,0,,,0,14,3.884,7.3,540.5,165.2,165.3,165.3,0.0,-65.4,yes,pedestrian_stationary
113-251,251,113,car,person,8.909,28.228,0,,,0,143,4.082,21.5,1247.5,412.4,553.2,503.3,176.4,-228.4,yes,pedestrian_not_in_crosswalk
187-251,251,187,car,person,8.909,28.228,0,,,0,187,2.686,105.2,522.7,270.4,385.7,503.3,199.9,-228.4,yes,vehicle_not_moving
221-251,251,221,car,person,8.909,11.712,0,,,0,29,9.478,8.8,1294.5,156.4,165.3,165.3,0.0,-123.0,yes,pedestrian_stationary
228-251,251,228,car,person,8.909,28.228,0,,,0,191,4.555,18.0,1169.7,333.1,522.9,503.3,201.9,-228.4,yes,pedestrian_not_in_crosswalk
247-251,251,247,car,person,8.909,12.713,0,,,0,39,8.816,71.8,1206.0,158.6,165.3,165.3,0.0,-123.0,yes,pedestrian_stationary
12-266,266,12,car,person,9.71,29.129,0,,,0,83,5.708,451.9,1149.4,268.2,416.9,548.2,173.3,-549.7,yes,vehicle_not_moving
14-266,266,14,car,person,9.71,29.129,0,,,0,47,5.352,1231.4,1231.4,290.1,580.0,548.2,148.1,-549.7,yes,vehicle_not_moving
15-266,266,15,car,person,9.71,15.415,0,,,0,44,10.516,66.2,984.8,94.0,192.1,192.1,137.5,-549.7,yes,pedestrian_not_in_crosswalk
18-266,266,18,car,person,9.71,28.829,0,,,0,114,5.077,1141.5,1362.8,412.7,506.0,548.2,215.1,-549.7,yes,vehicle_not_moving
19-266,266,19,car,person,9.71,29.129,0,,,0,136,5.499,84.9,1060.4,270.6,435.3,548.2,185.7,-549.7,yes,vehicle_not_moving
30-266,266,30,car,person,9.71,29.129,0,,,0,110,4.679,799.4,831.9,246.8,414.5,548.2,157.7,-549.7,yes,vehicle_not_moving
46-266,266,46,car,person,9.71,11.311,0,,,0,17,16.186,46.3,1436.4,94.0,141.5,141.5,0.0,-175.5,yes,pedestrian_stationary
59-266,266,59,car,person,9.71,29.129,0,,,0,182,5.484,2.5,1384.8,344.0,558.0,548.2,144.9,-549.7,yes,pedestrian_not_in_crosswalk
88-266,266,88,car,person,9.71,10.21,0,,,0,6,6.43,13.5,599.2,94.2,94.2,94.2,0.0,3.1,no,pedestrian_stationary
113-266,266,113,car,person,9.71,29.129,0,,,0,152,5.764,47.7,1379.1,347.4,554.3,548.2,176.4,-549.7,yes,pedestrian_not_in_crosswalk
187-266,266,187,car,person,9.71,29.129,0,,,0,179,4.542,690.9,796.0,251.3,427.4,548.2,199.9,-549.7,yes,vehicle_not_moving
221-266,266,221,car,person,9.71,11.712,0,,,0,21,15.897,16.5,1395.5,93.8,141.5,141.5,0.0,-275.5,yes,pedestrian_stationary
228-266,266,228,car,person,9.71,29.129,0,,,0,195,5.304,13.1,1313.1,319.8,548.8,548.2,201.9,-549.7,yes,vehicle_not_moving
247-266,266,247,car,person,9.71,12.713,0,,,0,31,14.88,34.6,1281.9,94.0,192.1,192.1,0.0,-549.7,yes,pedestrian_stationary
12-280,280,12,truck,person,10.31,14.214,0,,,0,40,8.911,57.4,1422.8,167.4,172.7,0.0,172.7,,no,vehicle_not_moving
14-280,280,14,truck,person,10.31,14.214,0,,,0,8,8.944,396.3,1118.6,137.7,148.1,0.0,148.1,,no,vehicle_not_moving
15-280,280,15,truck,person,10.31,14.214,0,,,0,32,20.836,18.2,2031.9,99.2,137.5,0.0,137.5,,no,pedestrian_not_in_crosswalk
18-280,280,18,truck,person,10.31,14.214,0,,,0,40,7.133,244.9,1195.6,167.6,171.3,0.0,171.3,,no,vehicle_not_moving
19-280,280,19,truck,person,10.31,14.214,0,,,0,40,11.979,239.3,1684.3,142.0,145.3,0.0,145.3,,no,vehicle_not_moving
30-280,280,30,truck,person,10.31,14.214,0,,,0,40,16.014,32.3,1865.6,127.2,146.0,0.0,146.0,,no,vehicle_not_moving
46-280,280,46,truck,person,10.31,11.311,0,,,0,11,,1686.0,1686.0,0.0,0.0,0.0,0.0,,no,pedestrian_stationary
59-280,280,59,truck,person,10.31,14.214,0,,,0,33,8.376,407.9,512.9,61.2,144.9,0.0,144.9,,no,pedestrian_not_in_crosswalk
113-280,280,113,truck,person,10.31,14.214,0,,,0,9,4.687,279.4,518.8,110.7,176.4,0.0,176.4,,no,pedestrian_not_in_crosswalk
187-280,280,187,truck,person,10.31,14.214,0,,,0,40,16.971,17.7,1784.1,123.7,123.8,0.0,123.8,,no,vehicle_not_moving
221-280,280,221,truck,person,10.31,11.712,0,,,0,15,,1717.9,1717.9,0.0,0.0,0.0,0.0,,no,pedestrian_stationary
228-280,280,228,truck,person,10.31,14.214,0,,,0,40,86.986,521.3,521.3,9.9,201.6,0.0,201.6,,no,vehicle_not_moving
247-280,280,247,truck,person,10.31,12.713,0,,,0,25,,1807.6,1807.6,0.0,0.0,0.0,0.0,,no,pedestrian_stationary
12-303,303,12,car,person,11.311,16.316,0,,,0,51,16.857,1007.7,1423.9,90.7,172.7,251.1,172.7,-4.9,no,vehicle_not_moving
15-303,303,15,car,person,11.311,15.415,0,,,0,42,4.498,7.2,1128.1,250.8,251.1,251.1,90.0,-4.9,no,vehicle_not_moving
18-303,303,18,car,person,11.311,16.316,0,,,0,51,16.497,986.6,1630.1,106.6,175.9,251.1,175.9,-4.9,no,vehicle_not_moving
19-303,303,19,car,person,11.311,16.316,0,,,0,51,9.273,30.4,1242.4,138.6,185.7,251.1,185.7,-4.9,no,vehicle_not_moving
30-303,303,30,car,person,11.311,16.316,0,,,0,51,7.568,514.0,1094.7,153.6,209.2,251.1,146.0,-4.9,no,vehicle_not_moving
46-303,303,46,car,person,11.311,11.311,0,,,0,1,,1571.5,1571.5,0.0,0.0,0.0,0.0,,no,pedestrian_stationary
59-303,303,59,car,person,11.311,16.316,0,,,0,51,9.101,572.6,2849.8,344.2,371.6,251.1,139.4,-4.9,no,vehicle_not_moving
113-303,303,113,car,person,11.311,16.316,0,,,0,30,10.188,116.5,2972.7,319.7,344.4,251.1,176.4,-4.9,no,pedestrian_not_in_crosswalk
187-303,303,187,car,person,11.311,16.316,0,,,0,51,7.199,359.5,1183.6,172.2,179.9,251.1,121.0,-4.9,no,vehicle_not_moving
221-303,303,221,car,person,11.311,11.712,0,,,0,5,76.024,1277.8,1530.9,20.1,36.6,36.6,0.0,,no,pedestrian_stationary
228-303,303,228,car,person,11.311,16.316,0,,,0,51,8.41,122.6,2612.6,322.3,357.9,251.1,191.0,-4.9,no,vehicle_not_moving
247-303,303,247,car,person,11.311,12.713,0,,,0,15,7.444,62.1,1340.0,180.0,189.1,189.1,0.0,-4.9,no,pedestrian_stationary
2-310,2,310,car,person,11.612,15.616,0,,,0,41,6.635,41.8,462.7,69.7,73.8,73.8,0.0,-142.4,yes,pedestrian_stationary
3-310,3,310,car,person,11.612,15.616,0,,,0,41,,2362.7,2362.7,0.0,10.7,10.7,0.0,-44.0,yes,pedestrian_stationary
4-310,4,310,bus,person,11.612,15.616,0,,,0,41,,1217.7,1217.7,0.0,0.0,0.0,0.0,-0.0,no,pedestrian_stationary
5-310,5,310,car,person,11.612,13.313,0,,,0,18,,2172.9,2172.9,0.0,0.0,0.0,0.0,,no,pedestrian_stationary
6-310,6,310,truck,person,11.612,15.616,0,,,0,41,,1904.8,1904.8,0.0,103.1,103.1,0.0,-30.3,no,pedestrian_stationary
7-310,7,310,car,person,11.612,15.616,0,,,0,41,,2157.8,2157.8,0.0,79.7,79.7,0.0,-26.6,yes,pedestrian_stationary
8-310,8,310,car,person,11.612,15.616,0,,,0,41,,1002.8,1002.8,0.0,0.0,0.0,0.0,-0.0,no,pedestrian_stationary
11-310,11,310,car,person,11.612,15.616,0,,,0,41,,1598.0,1598.0,0.0,0.0,0.0,0.0,-0.0,yes,pedestrian_stationary
22-310,22,310,car,person,11.612,15.616,0,,,0,41,,1975.5,1975.5,0.0,0.0,0.0,0.0,0.0,no,pedestrian_stationary
25-310,25,310,truck,person,11.612,15.616,0,,,0,41,,2359.8,2359.8,0.0,0.0,0.0,0.0,-0.0,no,pedestrian_stationary
29-310,29,310,car,person,11.612,15.616,0,,,0,41,,2442.8,2442.8,0.0,0.0,0.0,0.0,-0.0,no,pedestrian_stationary
132-310,132,310,car,person,11.612,15.616,0,,,0,41,,2061.8,2061.8,0.0,0.0,0.0,0.0,0.3,no,pedestrian_stationary
202-310,202,310,truck,person,11.612,15.616,0,,,0,41,,2360.0,2360.0,0.0,0.0,0.0,0.0,0.0,no,pedestrian_stationary
242-310,242,310,car,person,11.612,13.614,0,,,0,21,,1319.1,1319.1,0.0,0.0,0.0,0.0,,no,pedestrian_stationary
251-310,251,310,car,person,11.612,15.616,0,,,0,41,49.507,32.6,1027.6,20.9,67.7,67.7,0.0,-228.4,yes,pedestrian_stationary
266-310,266,310,car,person,11.612,15.616,0,,,0,41,26.503,53.8,1103.4,42.8,192.1,192.1,0.0,-549.7,yes,pedestrian_stationary
280-310,280,310,truck,person,11.612,14.214,0,,,0,27,,1977.1,1977.1,0.0,0.0,0.0,0.0,,no,pedestrian_stationary
303-310,303,310,car,person,11.612,15.616,0,,,0,41,4.705,46.0,1170.8,248.9,251.1,251.1,0.0,-4.9,no,pedestrian_stationary
12-330,330,12,car,person,12.112,26.226,0,,,0,59,3.204,201.6,535.2,334.4,354.9,497.7,173.3,-138.5,yes,vehicle_not_moving
14-330,330,14,car,person,12.112,26.226,0,,,0,4,3.964,424.2,789.9,385.6,425.5,497.7,148.1,-138.5,yes,pedestrian_not_in_crosswalk
15-330,330,15,car,person,12.112,15.415,0,,,0,34,0.381,77.2,84.1,490.9,497.7,497.7,0.0,-117.0,yes,vehicle_not_moving
18-330,330,18,car,person,12.112,26.226,0,,,0,90,3.896,149.7,695.3,351.7,373.4,497.7,215.1,-138.5,yes,vehicle_not_moving
19-330,330,19,car,person,12.112,26.226,0,,,0,98,2.334,3.1,376.8,400.2,407.0,497.7,185.7,-138.5,yes,vehicle_not_moving
30-330,330,30,car,person,12.112,26.226,0,,,0,65,1.084,66.4,192.4,419.6,424.3,497.7,157.7,-138.5,yes,vehicle_not_moving
59-330,330,59,car,person,12.112,26.226,0,,,0,142,4.455,456.0,1233.3,580.6,622.3,497.7,137.3,-138.5,yes,vehicle_not_moving
113-330,330,113,car,person,12.112,26.226,0,,,0,123,4.612,632.6,1263.9,565.9,613.9,497.7,176.4,-138.5,yes,pedestrian_not_in_crosswalk
187-330,330,187,car,person,12.112,26.226,0,,,0,142,1.264,14.1,208.0,417.0,420.7,497.7,153.6,-138.5,yes,vehicle_not_moving
228-330,330,228,car,person,12.112,26.226,0,,,0,142,4.349,744.0,1158.4,501.7,580.5,497.7,169.6,-138.5,yes,vehicle_not_moving
247-330,330,247,car,person,12.112,12.713,0,,,0,7,4.612,33.5,1292.2,295.5,295.6,295.6,0.0,-23.1,no,pedestrian_stationary
310-330,330,310,car,person,12.112,15.616,0,,,0,36,0.127,0.5,24.0,497.5,497.7,497.7,0.0,-117.0,yes,pedestrian_stationary
2-336,2,336,car,person,12.312,16.316,0,,,0,41,2.138,20.3,333.1,155.8,160.1,160.1,0.0,-142.4,yes,pedestrian_stationary
3-336,3,336,car,person,12.312,16.316,0,,,0,41,,2372.1,2372.1,0.0,10.4,10.4,0.0,-38.9,yes,pedestrian_stationary
4-336,4,336,bus,person,12.312,16.316,0,,,0,41,,1214.4,1214.4,0.0,0.0,0.0,0.0,-0.0,no,pedestrian_stationary
5-336,5,336,car,person,12.312,13.313,0,,,0,11,,2178.2,2178.2,0.0,0.0,0.0,0.0,,no,pedestrian_stationary
6-336,6,336,truck,person,12.312,16.316,0,,,0,41,,1972.7,1972.7,0.0,94.2,94.2,0.0,-30.3,no,pedestrian_stationary
7-336,7,336,car,person,12.312,16.016,0,,,0,38,,2187.3,2187.3,0.0,52.1,52.1,0.0,-26.6,yes,pedestrian_stationary
8-336,8,336,car,person,12.312,16.316,0,,,0,41,,999.2,999.2,0.0,0.0,0.0,0.0,-0.0,no,pedestrian_stationary
11-336,11,336,car,person,12.312,16.316,0,,,0,41,,1600.2,1600.2,0.0,0.0,0.0,0.0,-0.0,no,pedestrian_stationary
22-336,22,336,car,person,12.312,16.316,0,,,0,41,,1998.2,1998.2,0.0,0.0,0.0,0.0,0.0,no,pedestrian_stationary
25-336,25,336,truck,person,12.312,16.316,0,,,0,41,,2383.4,2383.4,0.0,0.0,0.0,0.0,-0.0,no,pedestrian_stationary
29-336,29,336,car,person,12.312,16.316,0,,,0,41,,2463.6,2463.6,0.0,0.0,0.0,0.0,-0.0,no,pedestrian_stationary
132-336,132,336,car,person,12.312,16.316,0,,,0,41,,2082.5,2082.5,0.0,0.0,0.0,0.0,0.0,no,pedestrian_stationary
202-336,202,336,truck,person,12.312,16.316,0,,,0,41,,2383.1,2383.1,0.0,0.0,0.0,0.0,0.0,no,pedestrian_stationary
242-336,242,336,car,person,12.312,13.614,0,,,0,14,,1364.7,1364.7,0.0,0.0,0.0,0.0,,no,pedestrian_stationary
251-336,251,336,car,person,12.312,16.316,0,,,0,41,12.098,1.7,956.1,79.0,79.0,79.0,0.0,-228.4,yes,pedestrian_stationary
266-336,266,336,car,person,12.312,16.316,0,,,0,41,42.82,136.7,1081.2,25.6,153.6,153.6,0.0,-549.7,yes,pedestrian_stationary
280-336,280,336,truck,person,12.312,14.214,0,,,0,20,,1999.1,1999.1,0.0,0.0,0.0,0.0,,no,pedestrian_stationary
303-336,303,336,car,person,12.312,16.316,0,,,0,41,4.606,3.6,1151.4,250.0,251.1,251.1,0.0,194.1,no,pedestrian_stationary
330-336,330,336,car,person,12.312,16.316,0,,,0,41,0.124,20.7,29.2,495.7,497.7,497.7,0.0,-117.0,yes,pedestrian_stationary
2-341,2,341,car,person,12.513,16.517,0,,,0,41,0.33,10.9,57.6,174.6,180.4,180.4,0.0,-142.4,yes,pedestrian_stationary
3-341,3,341,car,person,12.513,16.517,0,,,0,41,,2590.2,2590.2,0.0,0.0,0.0,0.0,-38.9,yes,pedestrian_stationary
4-341,4,341,bus,person,12.513,16.517,0,,,0,41,,1419.5,1419.5,0.0,0.0,0.0,0.0,-0.0,no,pedestrian_stationary
5-341,5,341,car,person,12.513,13.313,0,,,0,9,,2394.8,2394.8,0.0,0.0,0.0,0.0,,no,pedestrian_stationary
6-341,6,341,truck,person,12.513,16.517,0,,,0,41,,2207.4,2207.4,0.0,94.2,94.2,0.0,-30.3,no,pedestrian_stationary
7-341,7,341,car,person,12.513,16.016,0,,,0,36,,2403.5,2403.5,0.0,48.0,48.0,0.0,-26.6,yes,pedestrian_stationary
8-341,8,341,car,person,12.513,16.517,0,,,0,41,,1204.9,1204.9,0.0,0.0,0.0,0.0,-0.0,no,pedestrian_stationary
11-341,11,341,car,person,12.513,16.517,0,,,0,41,,1814.2,1814.2,0.0,0.0,0.0,0.0,-0.0,no,pedestrian_stationary
22-341,22,341,car,person,12.513,16.517,0,,,0,41,,2227.1,2227.1,0.0,0.0,0.0,0.0,0.0,no,pedestrian_stationary
25-341,25,341,truck,person,12.513,16.517,0,,,0,41,,2612.1,2612.1,0.0,0.0,0.0,0.0,-0.0,no,pedestrian_stationary
29-341,29,341,car,person,12.513,16.517,0,,,0,41,,2692.6,2692.6,0.0,0.0,0.0,0.0,-0.0,no,pedestrian_stationary
132-341,132,341,car,person,12.513,16.517,0,,,0,41,,2315.5,2315.5,0.0,0.0,0.0,0.0,0.0,no,pedestrian_stationary
202-341,202,341,truck,person,12.513,16.517,0,,,0,41,,2612.2,2612.2,0.0,0.0,0.0,0.0,0.0,no,pedestrian_stationary
242-341,242,341,car,person,12.513,13.614,0,,,0,12,,1501.8,1501.8,0.0,0.0,0.0,0.0,,no,pedestrian_stationary
251-341,251,341,car,person,12.513,16.517,0,,,0,41,7.002,26.1,698.4,99.7,99.8,99.8,0.0,-228.4,yes,pedestrian_stationary
266-341,266,341,car,person,12.513,16.517,0,,,0,41,41.011,111.7,844.4,21.1,101.2,101.2,0.0,-351.9,yes,pedestrian_stationary
280-341,280,341,truck,person,12.513,14.214,0,,,0,18,,2227.9,2227.9,0.0,0.0,0.0,0.0,,no,pedestrian_stationary
303-341,303,341,car,person,12.513,16.316,0,,,0,39,3.656,64.7,915.5,250.4,251.1,251.1,0.0,197.9,no,pedestrian_stationary
330-341,330,341,car,person,12.513,16.517,0,,,0,41,0.484,97.6,99.2,484.9,497.7,497.7,0.0,-117.0,yes,pedestrian_stationary
12-344,344,12,truck,person,12.613,16.517,0,,,0,40,7.656,285.5,1091.3,167.4,172.7,0.0,172.7,,no,vehicle_not_moving
15-344,344,15,truck,person,12.613,15.415,0,,,0,29,,2031.7,2031.7,0.0,0.0,0.0,0.0,,no,vehicle_not_moving
18-344,344,18,truck,person,12.613,16.517,0,,,0,40,5.749,180.0,844.4,170.1,175.9,0.0,175.9,,no,vehicle_not_moving
19-344,344,19,truck,person,12.613,16.517,0,,,0,40,7.615,208.9,1296.3,180.6,185.7,0.0,185.7,,no,vehicle_not_moving
30-344,344,30,truck,person,12.613,16.517,0,,,0,40,13.748,31.8,1609.0,120.1,146.0,0.0,146.0,,no,vehicle_not_moving
59-344,344,59,truck,person,12.613,16.517,0,,,0,40,,546.3,546.3,0.0,128.3,0.0,128.3,,no,vehicle_not_moving
113-344,344,113,truck,person,12.613,16.517,0,,,0,32,,564.0,564.0,0.0,116.5,0.0,116.5,,no,pedestrian_not_in_crosswalk
187-344,344,187,truck,person,12.613,16.517,0,,,0,40,13.095,138.7,1541.0,117.7,123.7,0.0,123.7,,no,vehicle_not_moving
228-344,344,228,truck,person,12.613,16.517,0,,,0,40,72.041,572.4,792.0,11.8,137.2,0.0,137.2,,no,vehicle_not_moving
247-344,344,247,truck,person,12.613,12.713,0,,,0,2,,1807.4,1807.4,0.0,0.0,0.0,0.0,,no,pedestrian_stationary
310-344,344,310,truck,person,12.613,15.616,0,,,0,31,,1976.9,1976.9,0.0,0.0,0.0,0.0,,no,pedestrian_stationary
336-344,344,336,truck,person,12.613,16.316,0,,,0,38,,2000.4,2000.4,0.0,0.0,0.0,0.0,,no,pedestrian_stationary
341-344,344,341,truck,person,12.613,16.517,0,,,0,40,,2237.1,2237.1,0.0,0.0,0.0,0.0,,no,pedestrian_stationary
12-350,350,12,car,person,12.813,18.719,0,,,0,38,1.994,566.5,1000.9,674.0,1899.7,2023.6,173.3,221.6,no,vehicle_not_moving
12-351,351,12,car,person,12.813,34.535,0,,,0,52,6.558,530.1,968.7,193.8,315.8,410.5,173.3,-227.3,yes,vehicle_not_moving
14-351,351,14,car,person,12.813,34.535,0,,,0,61,6.245,849.0,1183.7,244.8,448.0,410.5,155.1,-227.3,yes,pedestrian_not_in_crosswalk
15-350,350,15,car,person,12.813,15.415,0,,,0,27,2.923,1159.1,1159.1,452.8,2023.6,2023.6,0.0,221.6,no,vehicle_not_moving
15-351,351,15,car,person,12.813,15.415,0,,,0,27,5.899,29.2,844.1,164.9,166.4,166.4,0.0,-136.1,yes,vehicle_not_moving
18-350,350,18,car,person,12.813,18.719,0,,,0,60,1.769,661.7,987.2,760.1,1856.0,2023.6,182.7,221.6,no,vehicle_not_moving
18-351,351,18,car,person,12.813,28.829,0,,,0,83,6.506,1067.4,1304.9,305.5,370.9,410.5,215.1,-227.3,yes,vehicle_not_moving
19-350,350,19,car,person,12.813,18.719,0,,,0,60,2.249,632.1,1047.6,569.8,1855.7,2023.6,185.7,221.6,no,vehicle_not_moving
19-351,351,19,car,person,12.813,33.734,0,,,0,105,8.111,84.5,1111.9,180.1,293.4,410.5,185.7,-227.3,yes,vehicle_not_moving
30-350,350,30,car,person,12.813,18.719,0,,,0,58,2.39,474.1,1060.6,528.4,1909.4,2023.6,146.0,221.6,no,vehicle_not_moving
30-351,351,30,car,person,12.813,34.535,0,,,0,90,6.266,153.6,849.4,160.4,279.7,410.5,169.2,-227.3,yes,vehicle_not_moving
59-350,350,59,car,person,12.813,18.719,0,,,0,60,0.547,523.2,529.8,1619.0,2106.2,2023.6,128.3,221.6,no,vehicle_not_moving
59-351,351,59,car,person,12.813,34.535,0,,,0,218,6.648,214.5,1351.2,268.8,426.8,410.5,128.3,-227.3,yes,vehicle_not_moving
113-350,350,113,car,person,12.813,18.719,0,,,0,51,0.528,504.1,504.6,1638.1,2112.2,2023.6,116.5,221.6,no,pedestrian_not_in_crosswalk
113-351,351,113,car,person,12.813,34.535,0,,,0,206,7.059,113.6,1356.4,281.5,410.8,410.5,116.5,-227.3,yes,pedestrian_not_in_crosswalk
187-350,350,187,car,person,12.813,18.719,0,,,0,60,2.469,462.4,1083.8,515.4,1920.5,2023.6,128.0,221.6,no,vehicle_not_moving
187-351,351,187,car,person,12.813,34.535,0,,,0,148,6.219,14.8,808.5,168.9,295.3,410.5,216.0,-227.3,yes,vehicle_not_moving
207-351,351,207,car,person,12.813,34.535,0,,,0,10,6.889,5.2,1389.8,293.0,410.5,410.5,161.2,-227.3,yes,pedestrian_not_in_crosswalk
228-350,350,228,car,person,12.813,18.719,0,,,0,60,0.51,447.8,451.1,1498.0,2066.1,2023.6,112.5,221.6,no,vehicle_not_moving
228-351,351,228,car,person,12.813,34.535,0,,,0,218,6.636,7.4,1279.6,252.4,405.7,410.5,225.8,-227.3,yes,vehicle_not_moving
310-350,350,310,car,person,12.813,15.616,0,,,0,29,2.443,1072.1,1072.1,525.1,2023.6,2023.6,0.0,221.6,no,pedestrian_stationary
310-351,351,310,car,person,12.813,15.616,0,,,0,29,6.32,4.6,888.1,161.9,166.4,166.4,0.0,-136.1,yes,pedestrian_stationary
336-350,350,336,car,person,12.813,16.316,0,,,0,36,2.65,1114.3,1114.4,491.6,2023.6,2023.6,0.0,221.6,no,pedestrian_stationary
336-351,351,336,car,person,12.813,16.316,0,,,0,36,6.117,0.5,853.9,163.5,166.4,166.4,0.0,-136.1,yes,pedestrian_stationary
341-350,350,341,car,person,12.813,16.517,0,,,0,38,3.432,1082.2,1082.2,341.4,2023.6,2023.6,0.0,221.6,no,pedestrian_stationary
341-351,351,341,car,person,12.813,16.517,0,,,0,38,4.669,3.3,614.2,163.5,166.4,166.4,0.0,-136.1,yes,pedestrian_stationary
12-355,355,12,car,person,12.913,17.217,0,,,0,37,7.295,284.8,1010.1,167.5,172.7,0.0,172.7,0.0,no,vehicle_not_moving
15-355,355,15,car,person,12.913,15.415,0,,,0,26,,2030.1,2030.1,0.0,0.0,0.0,0.0,0.0,no,vehicle_not_moving
18-355,355,18,car,person,12.913,17.217,0,,,0,44,4.826,179.5,731.6,170.1,175.9,0.0,175.9,0.0,no,vehicle_not_moving
19-355,355,19,car,person,12.913,17.217,0,,,0,44,7.606,208.4,1186.6,180.6,185.7,0.0,185.7,0.0,no,vehicle_not_moving
30-355,355,30,car,person,12.913,17.217,0,,,0,44,12.305,231.2,1519.8,123.5,146.0,0.0,146.0,0.0,no,vehicle_not_moving
59-355,355,59,car,person,12.913,17.217,0,,,0,44,,557.3,557.3,0.0,128.3,0.0,128.3,0.0,no,vehicle_not_moving
113-355,355,113,car,person,12.913,17.217,0,,,0,39,,563.6,563.6,0.0,116.5,0.0,116.5,0.0,no,pedestrian_not_in_crosswalk
187-355,355,187,car,person,12.913,17.217,0,,,0,44,13.082,239.9,1469.5,117.7,123.7,0.0,123.7,0.0,no,vehicle_not_moving
228-355,355,228,car,person,12.913,17.217,0,,,0,44,71.577,572.2,807.1,11.8,108.5,0.0,108.5,0.0,no,vehicle_not_moving
310-355,355,310,car,person,12.913,15.616,0,,,0,28,,1975.2,1975.2,0.0,0.0,0.0,0.0,0.0,no,pedestrian_stationary
336-355,355,336,car,person,12.913,16.316,0,,,0,35,,1998.8,1998.8,0.0,0.0,0.0,0.0,0.0,no,pedestrian_stationary
341-355,355,341,car,person,12.913,16.517,0,,,0,37,,2235.5,2235.5,0.0,0.0,0.0,0.0,0.0,no,pedestrian_stationary
2-358,2,358,car,person,13.013,23.924,0,,,0,56,0.779,7.4,61.3,150.3,355.1,293.2,158.2,-142.4,yes,pedestrian_stationary
3-358,3,358,car,person,13.013,22.523,0,,,0,56,,2422.4,2422.4,0.0,158.2,0.0,158.2,-1.2,yes,pedestrian_stationary
4-358,4,358,bus,person,13.013,23.924,0,,,0,56,,1258.5,1258.5,0.0,158.2,0.0,158.2,-0.0,no,pedestrian_stationary
5-358,5,358,car,person,13.013,13.313,0,,,0,4,,2226.6,2226.6,0.0,124.6,0.0,124.6,,no,pedestrian_stationary
6-358,6,358,truck,person,13.013,17.818,0,,,0,48,,2081.0,2081.0,0.0,206.1,85.7,124.6,-30.3,no,pedestrian_stationary
7-358,7,358,car,person,13.013,16.016,0,,,0,30,,2235.4,2235.4,0.0,124.6,0.0,124.6,,no,pedestrian_stationary
8-358,8,358,car,person,13.013,23.924,0,,,0,56,80.242,201.1,1042.1,19.7,158.2,24.0,158.2,-83.7,yes,pedestrian_stationary
11-358,11,358,car,person,13.013,23.924,0,,,0,56,,1647.5,1647.5,0.0,158.2,0.0,158.2,-0.0,no,pedestrian_stationary
22-358,22,358,car,person,13.013,23.924,0,,,0,56,,2057.5,2057.5,0.0,158.2,0.0,158.2,0.0,no,pedestrian_stationary
25-358,25,358,truck,person,13.013,23.924,0,,,0,56,,2442.5,2442.5,0.0,158.2,0.0,158.2,-0.0,no,pedestrian_stationary
29-358,29,358,car,person,13.013,23.924,0,,,0,56,,2521.2,2521.2,0.0,158.2,0.0,158.2,-0.0,no,pedestrian_stationary
132-358,132,358,car,person,13.013,23.924,0,,,0,56,,2144.4,2144.4,0.0,158.2,14.6,158.2,-39.6,yes,pedestrian_stationary
202-358,202,358,truck,person,13.013,23.924,0,,,0,56,,2442.8,2442.8,0.0,158.2,0.0,158.2,0.0,no,pedestrian_stationary
242-358,242,358,car,person,13.013,13.614,0,,,0,7,,1414.7,1414.7,0.0,124.6,0.0,124.6,,no,pedestrian_stationary
251-358,251,358,car,person,13.013,23.924,0,,,0,56,1.146,44.2,194.3,242.8,572.7,503.3,158.2,-228.4,yes,pedestrian_stationary
266-358,266,358,car,person,13.013,23.924,0,,,0,56,1.102,1.9,159.6,180.1,548.2,548.2,158.2,-256.1,yes,pedestrian_stationary
280-358,280,358,truck,person,13.013,14.214,0,,,0,13,,2058.2,2058.2,0.0,124.6,0.0,124.6,,no,pedestrian_stationary
303-358,303,358,car,person,13.013,16.316,0,,,0,33,8.533,39.7,865.6,122.7,124.6,0.0,124.6,,no,pedestrian_stationary
330-358,330,358,car,person,13.013,23.924,0,,,0,56,0.569,134.2,165.9,561.7,574.1,497.7,158.2,-138.5,yes,pedestrian_stationary
344-358,344,358,truck,person,13.013,16.517,0,,,0,35,,2057.9,2057.9,0.0,124.6,0.0,124.6,,no,pedestrian_stationary
350-358,350,358,car,person,13.013,18.719,0,,,0,52,2.773,1121.8,1121.8,445.7,2131.5,2023.6,124.6,221.6,no,pedestrian_stationary
351-358,351,358,car,person,13.013,23.924,0,,,0,56,1.257,30.0,165.4,275.1,410.5,410.5,158.2,-227.3,yes,pedestrian_stationary
355-358,355,358,car,person,13.013,17.217,0,,,0,42,,2056.3,2056.3,0.0,124.6,0.0,124.6,0.0,no,pedestrian_stationary
12-371,371,12,car,person,13.413,21.822,0,,,0,32,,1766.8,1766.8,0.0,292.5,163.0,173.3,-269.1,yes,vehicle_not_moving
15-371,371,15,car,person,13.413,15.415,0,,,0,21,21.986,1182.0,1491.3,68.1,163.0,163.0,0.0,-269.1,yes,pedestrian_stationary
18-371,371,18,car,person,13.413,21.822,0,,,0,77,,1945.9,1945.9,0.0,329.8,163.0,189.2,-269.1,yes,vehicle_not_moving
19-371,371,19,car,person,13.413,21.822,0,,,0,67,,1581.8,1581.8,0.0,342.8,163.0,185.7,-269.1,yes,vehicle_not_moving
30-371,371,30,car,person,13.413,21.822,0,,,0,52,32.591,277.9,1475.0,45.3,277.4,163.0,157.7,-269.1,yes,vehicle_not_moving
59-371,371,59,car,person,13.413,21.822,0,,,0,85,12.804,0.4,2688.4,223.8,224.4,163.0,127.5,-269.1,yes,vehicle_not_moving
113-371,371,113,car,person,13.413,21.822,0,,,0,78,13.799,3.4,2778.0,217.7,217.7,163.0,116.5,-269.1,yes,vehicle_not_moving
187-371,371,187,car,person,13.413,21.822,0,,,0,85,55.096,94.3,1561.6,28.3,262.3,163.0,153.6,-269.1,yes,vehicle_not_moving
228-371,371,228,car,person,13.413,21.822,0,,,0,85,17.561,33.9,2475.5,142.0,149.8,163.0,104.6,-269.1,yes,vehicle_not_moving
310-371,371,310,car,person,13.413,15.616,0,,,0,23,19.733,1088.5,1453.9,74.0,163.0,163.0,0.0,-269.1,yes,pedestrian_stationary
336-371,371,336,car,person,13.413,16.316,0,,,0,30,20.738,1133.1,1472.1,71.3,163.0,163.0,0.0,-269.1,yes,pedestrian_stationary
341-371,371,341,car,person,13.413,16.517,0,,,0,32,22.414,1123.8,1325.7,59.4,163.0,163.0,0.0,-269.1,yes,pedestrian_stationary
358-371,371,358,car,person,13.413,21.822,0,,,0,52,13.801,1110.3,1384.7,103.0,194.3,163.0,158.2,-269.1,yes,vehicle_not_moving
12-385,385,12,car,person,13.814,39.239,0,,,0,42,2.661,37.4,406.7,368.5,512.2,512.2,173.3,-110.4,yes,vehicle_not_moving
14-385,385,14,car,person,13.814,38.438,0,,,0,61,3.657,245.9,824.1,281.6,398.6,398.6,181.5,-110.4,yes,pedestrian_not_in_crosswalk
15-385,385,15,car,person,13.814,15.415,0,,,0,17,9.587,408.8,2071.7,220.1,228.6,228.6,0.0,-102.0,yes,pedestrian_stationary
18-385,385,18,car,person,13.814,28.829,0,,,0,73,2.341,152.1,378.4,373.1,381.2,237.6,215.1,-110.4,yes,vehicle_not_moving
19-385,385,19,car,person,13.814,33.734,0,,,0,95,3.111,0.1,417.0,393.4,393.4,237.6,185.7,-110.4,yes,vehicle_not_moving
20-385,385,20,car,person,13.814,43.343,0,,,0,8,0.091,17.4,24.8,741.0,815.1,815.1,1221.2,-821.7,yes,pedestrian_not_in_crosswalk
30-385,385,30,car,person,13.814,36.236,0,,,0,80,4.719,9.2,420.6,331.5,331.9,237.6,169.2,-110.4,yes,vehicle_not_moving
59-385,385,59,car,person,13.814,44.444,0,,,0,240,7.546,26.7,899.1,131.9,815.1,815.1,126.2,-821.7,yes,vehicle_not_moving
113-385,385,113,car,person,13.814,44.845,0,,,0,237,7.585,61.5,855.8,126.4,746.7,815.1,121.1,-821.7,yes,vehicle_not_moving
187-385,385,187,car,person,13.814,45.846,0,,,0,234,4.635,14.1,340.5,323.0,715.6,815.1,216.0,-821.7,yes,vehicle_not_moving
207-385,385,207,car,person,13.814,44.544,0,,,0,31,10.374,136.8,919.7,96.5,815.1,815.1,161.2,-821.7,yes,pedestrian_not_in_crosswalk
228-385,385,228,car,person,13.814,45.846,0,,,0,298,3.742,3.2,669.6,220.3,757.5,815.1,225.8,-821.7,yes,vehicle_not_moving
310-385,385,310,car,person,13.814,15.616,0,,,0,19,9.321,302.3,1987.7,222.7,232.7,232.7,0.0,-102.0,yes,pedestrian_stationary
336-385,385,336,car,person,13.814,16.316,0,,,0,26,9.037,352.3,1869.5,221.5,237.6,237.6,0.0,-110.4,yes,pedestrian_stationary
341-385,385,341,car,person,13.814,16.517,0,,,0,28,10.181,423.2,2071.0,220.6,237.6,237.6,0.0,-110.4,yes,pedestrian_stationary
358-385,385,358,car,person,13.814,23.924,0,,,0,48,11.246,736.2,2065.7,193.7,207.7,237.6,158.2,-110.4,yes,vehicle_not_moving
12-392,392,12,car,person,14.014,39.239,0,,,0,40,2.716,249.8,463.1,338.7,840.5,840.5,173.3,-112.0,yes,vehicle_not_moving
14-392,392,14,car,person,14.014,38.438,0,,,0,61,5.348,374.9,854.0,224.0,621.4,621.4,181.5,-112.0,yes,pedestrian_not_in_crosswalk
15-392,392,15,car,person,14.014,15.415,0,,,0,15,11.826,342.9,2169.2,196.5,198.7,198.7,0.0,-63.1,yes,pedestrian_stationary
18-392,392,18,car,person,14.014,28.829,0,,,0,71,2.37,335.9,508.7,339.9,357.2,228.2,215.1,-112.0,yes,vehicle_not_moving
19-392,392,19,car,person,14.014,33.734,0,,,0,93,2.739,146.8,397.7,355.3,360.7,228.2,185.7,-112.0,yes,vehicle_not_moving
20-392,392,20,car,person,14.014,43.343,0,,,0,8,0.258,3.7,86.5,657.6,657.9,942.1,1221.2,-584.9,yes,pedestrian_not_in_crosswalk
30-392,392,30,car,person,14.014,36.236,0,,,0,78,2.791,11.1,353.5,314.9,316.7,260.9,169.2,-112.0,yes,vehicle_not_moving
59-392,392,59,car,person,14.014,43.744,0,,,0,238,9.219,127.3,971.7,118.8,863.5,942.1,126.2,-584.9,yes,vehicle_not_moving
113-392,392,113,car,person,14.014,43.744,0,,,0,235,7.421,84.8,955.8,141.9,861.4,942.1,121.1,-584.9,yes,vehicle_not_moving
187-392,392,187,car,person,14.014,43.744,0,,,0,213,2.531,10.0,324.6,307.3,839.6,942.1,216.0,-584.9,yes,vehicle_not_moving
207-392,392,207,car,person,14.014,43.744,0,,,0,31,8.277,114.4,1011.6,132.8,842.0,942.1,153.2,-584.9,yes,pedestrian_not_in_crosswalk
228-392,392,228,car,person,14.014,43.744,0,,,0,296,3.57,33.8,785.0,220.5,958.4,942.1,225.8,-584.9,yes,vehicle_not_moving
310-392,392,310,car,person,14.014,15.616,0,,,0,17,11.189,235.9,2101.1,197.6,198.7,198.7,0.0,-63.1,yes,pedestrian_stationary
336-392,392,336,car,person,14.014,16.316,0,,,0,24,10.848,286.1,1985.8,197.1,198.7,198.7,0.0,-63.1,yes,pedestrian_stationary
341-392,392,341,car,person,14.014,16.517,0,,,0,26,12.118,363.0,2184.2,196.6,198.7,198.7,0.0,-63.1,yes,pedestrian_stationary
358-392,392,358,car,person,14.014,23.924,0,,,0,46,12.443,158.6,1924.7,180.5,202.5,228.2,158.2,-112.0,yes,vehicle_not_moving
12-403,403,12,car,person,14.514,39.239,0,,,0,35,2.962,167.5,564.4,317.3,426.9,426.9,173.3,-110.9,yes,vehicle_not_moving
14-403,403,14,car,person,14.514,38.438,0,,,0,61,6.044,101.0,879.5,202.8,308.3,308.3,181.5,-110.9,yes,pedestrian_not_in_crosswalk
15-403,403,15,car,person,14.514,15.415,0,,,0,10,11.967,304.3,2279.7,190.5,192.2,192.2,0.0,49.6,no,pedestrian_stationary
18-403,403,18,car,person,14.514,28.829,0,,,0,66,3.462,521.2,625.9,318.7,404.0,238.8,215.1,-110.9,yes,vehicle_not_moving
19-403,403,19,car,person,14.514,33.734,0,,,0,88,2.593,433.0,481.8,353.1,372.5,238.8,185.7,-110.9,yes,vehicle_not_moving
20-403,403,20,car,person,14.514,43.343,0,,,0,8,0.399,0.1,208.0,734.0,858.5,858.5,1221.2,-773.0,yes,pedestrian_not_in_crosswalk
30-403,403,30,car,person,14.514,36.236,0,,,0,73,2.18,295.1,381.9,325.0,342.8,238.8,169.2,-110.9,yes,vehicle_not_moving
59-403,403,59,car,person,14.514,44.444,0,,,0,233,15.992,31.7,1068.5,72.0,858.5,858.5,126.2,-773.0,yes,vehicle_not_moving
113-403,403,113,car,person,14.514,44.845,0,,,0,230,9.345,400.2,1071.8,117.6,791.3,858.5,121.1,-773.0,yes,vehicle_not_moving
187-403,403,187,car,person,14.514,45.445,0,,,0,225,2.191,64.7,366.5,338.1,757.4,858.5,216.0,-773.0,yes,vehicle_not_moving
207-403,403,207,car,person,14.514,44.544,0,,,0,31,13.95,402.8,1124.2,84.5,829.0,858.5,118.2,-773.0,yes,pedestrian_not_in_crosswalk
228-403,403,228,car,person,14.514,45.445,0,,,0,291,4.357,1.6,879.6,201.9,795.4,858.5,225.8,-773.0,yes,vehicle_not_moving
310-403,403,310,car,person,14.514,15.616,0,,,0,12,11.456,129.5,2209.7,192.9,193.2,193.2,0.0,15.0,no,pedestrian_stationary
336-403,403,336,car,person,14.514,16.316,0,,,0,19,10.108,146.9,2076.1,206.9,207.5,207.5,0.0,5.4,no,pedestrian_stationary
341-403,403,341,car,person,14.514,16.517,0,,,0,21,11.121,217.8,2267.1,206.5,207.5,207.5,0.0,-1.5,no,pedestrian_stationary
358-403,403,358,car,person,14.514,23.924,0,,,0,41,9.686,318.5,1693.9,205.4,230.8,238.8,158.2,-110.9,yes,vehicle_not_moving
12-427,427,12,bus,person,15.616,19.92,0,,,0,10,14.421,1130.3,1231.2,107.5,173.3,0.0,173.3,,no,vehicle_not_moving
18-427,427,18,bus,person,15.616,19.92,0,,,0,44,14.999,1078.7,1123.9,90.4,189.2,0.0,189.2,,no,vehicle_not_moving
19-427,427,19,bus,person,15.616,19.92,0,,,0,43,11.963,1065.4,1317.7,142.7,182.6,0.0,182.6,,no,vehicle_not_moving
30-427,427,30,bus,person,15.616,19.92,0,,,0,30,17.763,1084.3,1550.3,97.9,133.1,0.0,133.1,,no,vehicle_not_moving
59-427,427,59,bus,person,15.616,19.92,0,,,0,44,,1492.4,1492.4,0.0,87.0,0.0,87.0,,no,vehicle_not_moving
113-427,427,113,bus,person,15.616,19.92,0,,,0,38,24.408,893.3,1464.7,66.3,103.5,0.0,103.5,,no,vehicle_not_moving
187-427,427,187,bus,person,15.616,19.92,0,,,0,44,15.654,1007.4,1482.7,95.6,133.8,0.0,133.8,,no,vehicle_not_moving
228-427,427,228,bus,person,15.616,19.92,0,,,0,44,48.126,787.1,1595.1,34.4,88.1,0.0,88.1,,no,vehicle_not_moving
310-427,427,310,bus,person,15.616,15.616,0,,,0,1,,2146.4,2146.4,0.0,0.0,0.0,0.0,,no,pedestrian_stationary
336-427,427,336,bus,person,15.616,16.316,0,,,0,8,,2151.1,2151.1,0.0,0.0,0.0,0.0,,no,pedestrian_stationary
341-427,427,341,bus,person,15.616,16.517,0,,,0,10,,2375.3,2375.3,0.0,0.0,0.0,0.0,,no,pedestrian_stationary
358-427,427,358,bus,person,15.616,19.92,0,,,0,31,,2413.7,2413.7,0.0,132.6,0.0,132.6,,no,vehicle_not_moving
12-442,442,12,car,person,15.916,21.421,0,,,0,7,1.296,886.4,886.4,946.0,1561.8,1719.4,173.3,45.9,no,vehicle_not_moving
18-442,442,18,car,person,15.916,21.421,0,,,0,52,1.24,881.4,934.5,1056.9,1545.3,1719.4,189.2,45.9,no,vehicle_not_moving
19-442,442,19,car,person,15.916,21.421,0,,,0,42,1.54,887.4,895.2,778.3,1584.3,1719.4,175.8,45.9,no,vehicle_not_moving
30-442,442,30,car,person,15.916,21.421,0,,,0,27,2.041,830.4,907.0,573.2,1595.1,1719.4,157.7,45.9,no,vehicle_not_moving
59-442,442,59,car,person,15.916,21.421,0,,,0,56,0.42,0.1,416.3,1600.1,1767.4,1719.4,87.0,45.9,no,vehicle_not_moving
113-442,442,113,car,person,15.916,21.421,0,,,0,50,0.49,111.1,626.6,1615.0,1760.0,1719.4,93.4,45.9,no,vehicle_not_moving
187-442,442,187,car,person,15.916,21.421,0,,,0,56,1.961,893.0,926.7,605.9,1603.1,1719.4,153.6,45.9,no,vehicle_not_moving
228-442,442,228,car,person,15.916,21.421,0,,,0,56,0.449,0.1,409.9,1491.9,1741.1,1719.4,88.1,45.9,no,vehicle_not_moving
336-442,442,336,car,person,15.916,16.316,0,,,0,5,4.481,1282.6,1389.3,310.0,806.9,806.9,0.0,194.4,no,pedestrian_stationary
341-442,442,341,car,person,15.916,16.517,0,,,0,7,6.365,1150.9,1160.3,197.1,1010.6,1010.6,0.0,194.4,no,pedestrian_stationary
358-442,442,358,car,person,15.916,21.421,0,,,0,28,8.821,1187.0,1187.0,145.4,1818.8,1719.4,158.2,45.9,no,vehicle_not_moving
2-455,2,455,car,person,16.116,28.428,0,,,0,90,13.955,53.5,913.3,117.3,313.5,293.2,223.9,-60.2,yes,pedestrian_not_in_crosswalk
3-455,3,455,car,person,16.116,22.523,0,,,0,31,13.814,4.2,2888.5,213.0,223.9,0.0,223.9,-0.0,no,pedestrian_not_in_crosswalk
4-455,4,455,bus,person,16.116,39.64,0,,,0,202,8.452,16.5,1095.8,207.3,223.9,121.2,223.9,-114.6,yes,pedestrian_not_in_crosswalk
8-455,8,455,car,person,16.116,32.232,0,,,0,128,6.803,8.3,690.0,228.2,241.9,100.0,223.9,-92.6,yes,pedestrian_not_in_crosswalk
11-455,11,455,car,person,16.116,41.141,0,,,0,205,8.651,0.6,885.2,211.0,223.9,38.0,223.9,-102.2,yes,pedestrian_not_in_crosswalk
22-455,22,455,car,person,16.116,44.244,0,,,0,205,1.263,0.2,144.5,232.2,400.9,400.9,223.9,-56.6,yes,pedestrian_not_in_crosswalk
25-455,25,455,truck,person,16.116,44.244,0,,,0,205,3.348,14.9,476.2,223.9,223.9,33.5,223.9,-99.8,yes,pedestrian_not_in_crosswalk
29-455,29,455,car,person,16.116,37.337,0,,,0,179,6.603,13.6,1027.9,223.4,223.9,0.0,223.9,-0.0,no,pedestrian_not_in_crosswalk
132-455,132,455,car,person,16.116,25.726,0,,,0,63,12.018,31.8,2193.2,223.2,223.9,14.6,223.9,-39.6,yes,pedestrian_not_in_crosswalk
202-455,202,455,truck,person,16.116,30.931,0,,,0,115,11.607,14.7,1910.7,223.9,223.9,0.0,223.9,0.0,no,pedestrian_not_in_crosswalk
251-455,251,455,car,person,16.116,28.228,0,,,0,88,16.202,63.3,431.6,119.3,500.8,503.3,223.9,-153.0,yes,pedestrian_not_in_crosswalk
266-455,266,455,car,person,16.116,29.129,0,,,0,97,4.627,16.8,169.3,117.1,365.8,548.2,223.9,-145.6,yes,pedestrian_not_in_crosswalk
330-455,330,455,car,person,16.116,26.226,0,,,0,68,13.44,698.3,1620.4,193.3,442.7,442.7,223.9,-138.5,yes,pedestrian_not_in_crosswalk
351-455,351,455,car,person,16.116,34.535,0,,,0,151,3.151,17.1,324.9,131.8,289.8,410.5,223.9,-227.3,yes,pedestrian_not_in_crosswalk
371-455,371,455,car,person,16.116,21.822,0,,,0,24,8.853,636.7,1203.1,136.1,203.4,98.6,203.4,-94.9,yes,pedestrian_not_in_crosswalk
385-455,385,455,car,person,16.116,44.244,0,,,0,205,1.329,30.4,210.6,263.3,815.1,815.1,223.9,-821.7,yes,pedestrian_not_in_crosswalk
392-455,392,455,car,person,16.116,43.744,0,,,0,205,2.879,8.4,237.7,274.9,1083.4,942.1,223.9,-584.9,yes,pedestrian_not_in_crosswalk
403-455,403,455,car,person,16.116,44.244,0,,,0,205,3.693,2.6,298.2,330.7,858.5,858.5,223.9,-773.0,yes,pedestrian_not_in_crosswalk
427-455,427,455,bus,person,16.116,19.92,0,,,0,5,32.516,1.5,3084.9,100.5,160.3,0.0,160.3,,no,pedestrian_not_in_crosswalk
442-455,442,455,car,person,16.116,21.421,0,,,0,20,13.1,25.2,1225.6,168.6,1640.6,1719.4,195.4,45.9,no,pedestrian_not_in_crosswalk
12-462,462,12,car,person,16.316,20.921,0,,,0,3,5.136,13.5,871.0,273.7,274.5,159.0,173.3,-226.9,yes,vehicle_not_moving
18-462,462,18,car,person,16.316,20.921,0,,,0,47,4.333,29.4,685.6,272.4,275.6,159.0,189.2,-226.9,yes,vehicle_not_moving
19-462,462,19,car,person,16.316,20.921,0,,,0,38,5.333,39.0,1027.9,297.7,297.8,159.0,175.8,-226.9,yes,vehicle_not_moving
30-462,462,30,car,person,16.316,20.921,0,,,0,23,7.764,12.7,1335.3,242.5,243.9,159.0,148.5,-226.9,yes,vehicle_not_moving
59-462,462,59,car,person,16.316,20.921,0,,,0,47,15.335,66.0,1183.6,78.8,98.0,159.0,86.6,-226.9,yes,vehicle_not_moving
113-462,462,113,car,person,16.316,20.921,0,,,0,41,11.194,80.6,1132.0,101.9,111.3,159.0,93.4,-226.9,yes,vehicle_not_moving
187-462,462,187,car,person,16.316,20.921,0,,,0,47,7.435,20.7,1268.2,244.0,245.0,159.0,153.6,-226.9,yes,vehicle_not_moving
228-462,462,228,car,person,16.316,20.921,0,,,0,47,9.541,60.8,1297.1,141.6,142.3,159.0,70.7,-226.9,yes,vehicle_not_moving
336-462,462,336,car,person,16.316,16.316,0,,,0,1,,2268.8,2268.8,0.0,0.0,0.0,0.0,,no,pedestrian_stationary
341-462,462,341,car,person,16.316,16.517,0,,,0,3,19.673,1511.6,2478.4,126.0,159.0,159.0,0.0,,no,pedestrian_stationary
358-462,462,358,car,person,16.316,20.921,0,,,0,24,20.543,1429.6,2504.7,123.2,165.6,159.0,158.2,-226.9,yes,vehicle_not_moving
455-462,462,455,car,person,16.316,20.921,0,,,0,15,16.411,2.9,3072.0,210.6,234.2,159.0,160.3,-226.9,yes,pedestrian_not_in_crosswalk
2-465,2,465,car,person,16.416,20.821,0,,,0,43,,154.3,154.3,0.0,405.7,293.2,256.4,-46.5,yes,pedestrian_not_in_crosswalk
3-465,3,465,car,person,16.416,20.821,0,,,0,43,,2704.4,2704.4,0.0,256.4,0.0,256.4,-0.0,no,pedestrian_not_in_crosswalk
4-465,4,465,bus,person,16.416,20.821,0,,,0,43,,1514.1,1514.1,0.0,256.4,0.0,256.4,-0.0,no,pedestrian_not_in_crosswalk
6-465,6,465,truck,person,16.416,17.818,0,,,0,13,,2420.6,2420.6,0.0,256.4,0.0,256.4,,no,pedestrian_not_in_crosswalk
8-465,8,465,car,person,16.416,20.821,0,,,0,43,,1300.7,1300.7,0.0,256.4,0.0,256.4,-0.0,no,pedestrian_not_in_crosswalk
11-465,11,465,car,person,16.416,20.821,0,,,0,43,,1917.6,1917.6,0.0,256.4,0.0,256.4,-0.0,no,pedestrian_not_in_crosswalk
22-465,22,465,car,person,16.416,20.821,0,,,0,43,,2388.2,2388.2,0.0,256.4,0.0,256.4,0.0,no,pedestrian_not_in_crosswalk
25-465,25,465,truck,person,16.416,20.821,0,,,0,43,,2775.7,2775.7,0.0,256.4,0.0,256.4,-0.0,no,pedestrian_not_in_crosswalk
29-465,29,465,car,person,16.416,20.821,0,,,0,43,,2848.1,2848.1,0.0,256.4,0.0,256.4,-0.0,no,pedestrian_not_in_crosswalk
132-465,132,465,car,person,16.416,20.821,0,,,0,43,,2464.1,2464.1,0.0,256.4,14.6,256.4,-39.6,yes,pedestrian_not_in_crosswalk
202-465,202,465,truck,person,16.416,20.821,0,,,0,43,,2775.7,2775.7,0.0,256.4,0.0,256.4,0.0,no,pedestrian_not_in_crosswalk
251-465,251,465,car,person,16.416,20.821,0,,,0,43,0.863,6.7,129.8,348.6,503.3,503.3,256.4,-38.8,yes,pedestrian_not_in_crosswalk
266-465,266,465,car,person,16.416,20.821,0,,,0,43,0.258,3.2,46.3,316.8,374.7,374.7,256.4,-51.1,yes,pedestrian_not_in_crosswalk
330-465,330,465,car,person,16.416,20.821,0,,,0,43,,854.6,854.6,0.0,637.3,432.1,256.4,-138.5,yes,pedestrian_not_in_crosswalk
350-465,350,465,car,person,16.416,18.719,0,,,0,22,627.611,2960.5,2961.0,4.7,256.4,0.0,256.4,,no,pedestrian_not_in_crosswalk
351-465,351,465,car,person,16.416,20.821,0,,,0,43,0.281,28.9,36.9,244.6,347.7,347.7,256.4,-227.3,yes,pedestrian_not_in_crosswalk
355-465,355,465,car,person,16.416,17.217,0,,,0,7,,2387.5,2387.5,0.0,256.4,0.0,256.4,,no,pedestrian_not_in_crosswalk
371-465,371,465,car,person,16.416,20.821,0,,,0,43,6.865,86.1,1434.0,213.0,236.5,75.0,256.4,-71.4,yes,pedestrian_not_in_crosswalk
385-465,385,465,car,person,16.416,20.821,0,,,0,43,13.438,479.7,2006.8,165.0,183.2,183.2,256.4,-109.3,yes,pedestrian_not_in_crosswalk
392-465,392,465,car,person,16.416,20.821,0,,,0,43,11.96,269.9,1749.2,183.3,228.2,228.2,256.4,-112.0,yes,pedestrian_not_in_crosswalk
403-465,403,465,car,person,16.416,20.821,0,,,0,43,8.102,21.7,1573.3,227.4,238.8,238.8,256.4,-84.8,yes,pedestrian_not_in_crosswalk
427-465,427,465,bus,person,16.416,19.92,0,,,0,34,,2474.5,2474.5,0.0,256.4,0.0,256.4,,no,pedestrian_not_in_crosswalk
442-465,442,465,car,person,16.416,20.821,0,,,0,43,12.627,1209.2,1213.1,96.1,1757.6,1719.4,256.4,45.9,no,pedestrian_not_in_crosswalk
462-465,462,465,car,person,16.416,20.821,0,,,0,43,21.765,1711.8,2617.7,120.3,159.0,159.0,256.4,-226.9,yes,pedestrian_not_in_crosswalk
12-472,472,12,car,person,16.817,39.239,0,,,0,14,4.451,377.4,619.1,258.0,298.3,202.3,173.3,-107.6,yes,pedestrian_not_in_crosswalk
14-472,472,14,car,person,16.817,38.438,0,,,0,61,9.014,334.9,1105.6,168.7,216.9,165.9,181.5,-107.6,yes,pedestrian_not_in_crosswalk
18-472,472,18,car,person,16.817,28.829,0,,,0,43,4.302,625.6,693.8,255.5,316.6,163.6,215.1,-107.3,yes,vehicle_not_moving
19-472,472,19,car,person,16.817,33.734,0,,,0,65,3.347,439.8,596.1,284.9,306.6,163.6,172.3,-107.6,yes,vehicle_not_moving
20-472,472,20,car,person,16.817,43.343,0,,,0,8,1.11,8.3,165.7,587.2,933.7,612.5,1221.2,-107.6,yes,pedestrian_not_in_crosswalk
30-472,472,30,car,person,16.817,36.236,0,,,0,50,3.322,300.2,531.3,273.9,290.2,163.6,169.2,-107.6,yes,vehicle_not_moving
59-472,472,59,car,person,16.817,44.444,0,,,0,210,6.109,489.9,961.2,170.3,669.3,669.3,114.7,-666.2,yes,vehicle_not_moving
113-472,472,113,car,person,16.817,44.845,0,,,0,207,7.252,145.1,996.1,155.3,669.3,669.3,121.1,-666.2,yes,vehicle_not_moving
187-472,472,187,car,person,16.817,48.549,0,,,0,204,3.302,21.7,468.4,261.3,553.8,669.3,216.0,-666.2,yes,vehicle_not_moving
207-472,472,207,car,person,16.817,44.544,0,,,0,31,8.058,177.0,1033.6,133.4,669.3,669.3,118.2,-666.2,yes,pedestrian_not_in_crosswalk
228-472,472,228,car,person,16.817,48.549,0,,,0,268,4.041,28.2,826.8,224.9,562.4,669.3,225.8,-666.2,yes,vehicle_not_moving
358-472,472,358,car,person,16.817,23.924,0,,,0,19,17.446,17.6,2257.7,156.5,163.6,163.6,158.2,-70.4,yes,vehicle_not_moving
455-472,472,455,car,person,16.817,44.244,0,,,0,205,4.901,5.9,392.8,322.4,669.3,669.3,223.9,-637.9,yes,pedestrian_not_in_crosswalk
465-472,472,465,car,person,16.817,20.821,0,,,0,41,18.306,0.0,2294.0,140.2,215.4,156.9,215.4,-69.4,yes,vehicle_not_moving
12-475,475,12,car,person,17.017,23.323,0,,,0,13,1.414,650.5,875.4,896.5,1733.6,1886.7,173.3,-1011.5,yes,pedestrian_not_in_crosswalk
12-476,476,12,car,person,17.017,36.436,0,,,0,14,26.248,22.1,1996.8,132.5,310.1,152.5,173.3,-227.2,yes,pedestrian_not_in_crosswalk
14-476,476,14,car,person,17.017,36.436,0,,,0,61,9.95,0.3,1805.9,181.5,181.5,152.5,181.5,-227.2,yes,pedestrian_not_in_crosswalk
18-475,475,18,car,person,17.017,23.323,0,,,0,41,1.3,666.8,724.3,994.0,1702.3,1886.7,215.1,-1011.5,yes,vehicle_not_moving
18-476,476,18,car,person,17.017,28.829,0,,,0,41,,2245.4,2245.4,0.0,334.2,152.5,215.1,-227.2,yes,vehicle_not_moving
19-475,475,19,car,person,17.017,23.323,0,,,0,31,1.664,526.6,939.3,781.1,1749.6,1886.7,172.3,-1011.5,yes,vehicle_not_moving
19-476,476,19,car,person,17.017,33.734,0,,,0,63,,1840.9,1840.9,0.0,298.9,152.5,172.3,-227.2,yes,vehicle_not_moving
20-476,476,20,car,person,17.017,36.436,0,,,0,8,6.753,0.6,2186.0,323.7,323.8,152.5,323.8,-227.2,yes,pedestrian_not_in_crosswalk
30-475,475,30,car,person,17.017,23.323,0,,,0,16,2.119,571.0,972.4,575.8,1770.5,1886.7,157.7,-1011.5,yes,vehicle_not_moving
30-476,476,30,car,person,17.017,36.236,0,,,0,48,,1594.7,1594.7,0.0,280.1,152.5,169.2,-227.2,yes,vehicle_not_moving
59-475,475,59,car,person,17.017,23.323,0,,,0,64,0.398,60.9,336.4,1512.0,1937.2,1886.7,86.6,-1011.5,yes,vehicle_not_moving
59-476,476,59,car,person,17.017,36.436,0,,,0,195,24.892,393.0,2388.1,95.9,109.4,152.5,100.9,-227.2,yes,vehicle_not_moving
113-475,475,113,car,person,17.017,23.323,0,,,0,58,0.357,319.8,324.0,1476.2,1938.8,1886.7,87.7,-1011.5,yes,vehicle_not_moving
113-476,476,113,car,person,17.017,36.436,0,,,0,189,31.402,363.0,2490.9,81.9,152.5,152.5,100.1,-227.2,yes,vehicle_not_moving
187-475,475,187,car,person,17.017,23.323,0,,,0,64,2.098,547.6,992.3,590.7,1759.5,1886.7,153.6,-1011.5,yes,vehicle_not_moving
187-476,476,187,car,person,17.017,36.436,0,,,0,110,25.429,6.9,1648.5,131.6,271.3,152.5,216.0,-227.2,yes,vehicle_not_moving
207-476,476,207,car,person,17.017,36.436,0,,,0,25,25.998,148.1,2522.8,98.2,100.3,152.5,103.7,-227.2,yes,pedestrian_not_in_crosswalk
228-475,475,228,car,person,17.017,23.323,0,,,0,64,0.511,397.7,397.7,1419.4,1911.6,1886.7,70.7,-1011.5,yes,vehicle_not_moving
228-476,476,228,car,person,17.017,36.436,0,,,0,195,62.078,76.8,2215.5,37.7,244.4,152.5,225.8,-227.2,yes,vehicle_not_moving
358-475,475,358,car,person,17.017,23.323,0,,,0,17,6.786,1133.9,1133.9,174.4,1978.4,1886.7,158.2,-1011.5,yes,vehicle_not_moving
358-476,476,358,car,person,17.017,23.924,0,,,0,17,59.06,967.6,1251.3,21.5,151.5,152.5,158.2,-227.2,yes,vehicle_not_moving
455-475,475,455,car,person,17.017,23.323,0,,,0,39,15.072,10.7,1047.3,212.0,1809.4,1886.7,223.9,-1011.5,yes,pedestrian_not_in_crosswalk
455-476,476,455,car,person,17.017,36.436,0,,,0,170,7.636,388.8,1168.0,154.8,246.6,152.5,223.9,-227.2,yes,pedestrian_not_in_crosswalk
465-475,475,465,car,person,17.017,20.821,0,,,0,39,3.52,50.6,1116.4,335.4,1886.7,1886.7,182.7,-1011.5,yes,vehicle_not_moving
465-476,476,465,car,person,17.017,20.821,0,,,0,39,7.277,440.1,1241.8,170.8,182.7,152.5,182.7,-227.2,yes,vehicle_not_moving
18-477,477,18,car,person,17.117,21.822,0,,,0,40,,2568.8,2568.8,0.0,189.2,79.6,189.2,-21.3,no,vehicle_not_moving
19-477,477,19,car,person,17.117,21.822,0,,,0,30,,2091.8,2091.8,0.0,161.4,79.6,172.3,-21.3,no,vehicle_not_moving
30-477,477,30,car,person,17.117,21.822,0,,,0,15,,1762.8,1762.8,0.0,157.7,79.6,157.7,-21.3,no,vehicle_not_moving
59-477,477,59,car,person,17.117,21.822,0,,,0,48,21.66,71.7,2720.7,130.1,151.4,79.6,86.6,-21.3,no,vehicle_not_moving
113-477,477,113,car,person,17.117,21.822,0,,,0,42,31.205,254.4,2796.3,95.7,103.0,79.6,87.7,-21.3,no,vehicle_not_moving
187-477,477,187,car,person,17.117,21.822,0,,,0,48,,1813.4,1813.4,0.0,153.6,79.6,153.6,-21.3,no,vehicle_not_moving
228-477,477,228,car,person,17.117,21.822,0,,,0,48,32.286,488.8,2627.2,83.0,94.8,79.6,70.7,-21.3,no,vehicle_not_moving
358-477,477,358,car,person,17.117,21.822,0,,,0,16,5.83,255.7,705.4,135.4,171.0,79.6,158.2,-21.3,no,vehicle_not_moving
455-477,477,455,car,person,17.117,21.822,0,,,0,24,4.569,329.6,375.5,85.9,203.4,79.6,203.4,-21.3,no,pedestrian_not_in_crosswalk
465-477,477,465,car,person,17.117,20.821,0,,,0,38,5.879,67.8,870.3,154.4,182.7,79.6,182.7,-21.3,no,vehicle_not_moving
12-491,491,12,car,person,17.718,39.239,0,,,0,14,2.431,71.0,336.0,304.8,730.1,730.1,173.3,-98.8,yes,pedestrian_not_in_crosswalk
14-491,491,14,car,person,17.718,38.438,0,,,0,61,1.995,44.5,741.6,371.8,508.8,508.8,181.5,-98.8,yes,pedestrian_not_in_crosswalk
18-491,491,18,car,person,17.718,28.829,0,,,0,34,2.173,293.9,376.5,272.6,338.9,186.2,215.1,-98.8,yes,vehicle_not_moving
19-491,491,19,car,person,17.718,33.734,0,,,0,56,2.623,52.0,368.6,316.7,323.9,186.2,166.2,-98.8,yes,vehicle_not_moving
20-491,491,20,car,person,17.718,43.343,0,,,0,8,0.039,18.1,25.4,1035.5,1091.6,1091.6,1221.2,-434.9,yes,pedestrian_not_in_crosswalk
30-491,491,30,car,person,17.718,36.236,0,,,0,41,3.762,5.8,357.7,292.0,292.2,186.2,169.2,-98.8,yes,vehicle_not_moving
59-491,491,59,car,person,17.718,44.444,0,,,0,201,7.983,71.1,733.9,108.1,1001.2,1091.6,114.7,-434.9,yes,vehicle_not_moving
113-491,491,113,car,person,17.718,44.745,0,,,0,198,5.442,17.5,782.4,167.4,1004.7,1091.6,121.1,-434.9,yes,vehicle_not_moving
187-491,491,187,car,person,17.718,44.745,0,,,0,186,2.294,1.7,233.5,297.1,979.3,1091.6,216.0,-434.9,yes,vehicle_not_moving
207-491,491,207,car,person,17.718,44.544,0,,,0,31,12.062,35.8,811.8,83.5,1025.6,1091.6,118.2,-434.9,yes,pedestrian_not_in_crosswalk
228-491,491,228,car,person,17.718,44.745,0,,,0,259,3.808,0.7,550.5,207.7,1107.6,1091.6,225.8,-434.9,yes,vehicle_not_moving
358-491,491,358,car,person,17.718,23.924,0,,,0,10,29.721,903.6,2403.1,84.5,191.8,186.2,158.2,-98.8,yes,vehicle_not_moving
455-491,491,455,car,person,17.718,44.244,0,,,3,205,0.621,8.5,117.2,262.3,1212.3,1091.6,223.9,-434.9,yes,pedestrian_not_in_crosswalk
465-491,491,465,car,person,17.718,20.821,0,,,0,32,14.171,1036.1,2158.1,167.5,186.2,186.2,0.0,-98.8,yes,vehicle_not_moving
2-492,2,492,car,person,17.818,21.922,0,,,0,42,8.636,1209.7,1296.3,186.1,293.2,293.2,38.9,-46.5,yes,pedestrian_stationary
3-492,3,492,car,person,17.818,21.922,0,,,0,42,,1484.0,1484.0,0.0,38.9,0.0,38.9,-0.0,no,pedestrian_stationary
4-492,4,492,bus,person,17.818,21.922,0,,,0,42,,1363.7,1363.7,0.0,38.9,0.0,38.9,-0.0,no,pedestrian_stationary
6-492,6,492,truck,person,17.818,17.818,0,,,0,1,,1367.5,1367.5,0.0,0.0,0.0,0.0,,no,pedestrian_stationary
8-492,8,492,car,person,17.818,21.922,0,,,0,42,,1377.2,1377.2,0.0,38.9,18.1,38.9,-0.0,no,pedestrian_stationary
11-492,11,492,car,person,17.818,21.922,0,,,0,42,,1261.4,1261.4,0.0,38.9,0.0,38.9,-0.0,no,pedestrian_stationary
22-492,22,492,car,person,17.818,21.922,0,,,0,42,,640.1,640.1,0.0,38.9,0.0,38.9,0.0,no,pedestrian_stationary
25-492,25,492,truck,person,17.818,21.922,0,,,0,42,,849.9,849.9,0.0,38.9,0.0,38.9,-0.0,no,pedestrian_stationary
29-492,29,492,car,person,17.818,21.922,0,,,0,42,,1017.4,1017.4,0.0,38.9,0.0,38.9,-0.0,no,pedestrian_stationary
132-492,132,492,car,person,17.818,21.922,0,,,0,42,,795.8,795.8,0.0,38.9,14.6,38.9,-39.6,yes,pedestrian_stationary
202-492,202,492,truck,person,17.818,21.922,0,,,0,42,,849.9,849.9,0.0,38.9,0.0,38.9,0.0,no,pedestrian_stationary
251-492,251,492,car,person,17.818,21.922,0,,,0,42,4.221,948.1,1121.6,372.6,503.3,503.3,38.9,-116.8,yes,pedestrian_stationary
266-492,266,492,car,person,17.818,21.922,0,,,0,42,5.19,1075.6,1835.0,377.4,489.9,489.9,38.9,-51.1,yes,pedestrian_stationary
330-492,330,492,car,person,17.818,21.922,0,,,0,42,10.021,1110.6,1123.8,115.8,398.3,398.3,38.9,-138.5,yes,pedestrian_stationary
350-492,350,492,car,person,17.818,18.719,0,,,0,10,43.708,711.1,808.3,18.5,38.9,0.0,38.9,,no,pedestrian_stationary
351-492,351,492,car,person,17.818,21.922,0,,,0,42,6.331,691.7,1717.8,292.8,376.1,376.1,38.9,-227.3,yes,pedestrian_stationary
371-492,371,492,car,person,17.818,21.822,0,,,0,41,184.454,2737.9,3015.2,16.4,62.4,42.9,38.9,2.5,yes,pedestrian_stationary
385-492,385,492,car,person,17.818,21.922,0,,,0,42,15.851,659.0,699.0,45.4,125.2,125.2,38.9,-87.4,yes,pedestrian_stationary
392-492,392,492,car,person,17.818,21.922,0,,,0,42,16.667,804.9,819.4,50.7,178.8,178.8,38.9,-62.9,yes,pedestrian_stationary
403-492,403,492,car,person,17.818,21.922,0,,,0,42,13.518,922.0,942.0,74.7,238.8,238.8,38.9,-99.7,yes,pedestrian_stationary
427-492,427,492,bus,person,17.818,19.92,0,,,0,22,,1411.4,1411.4,0.0,38.9,0.0,38.9,,no,pedestrian_stationary
442-492,442,492,car,person,17.818,21.421,0,,,0,37,0.625,447.0,815.5,1305.2,1729.6,1719.4,38.9,70.2,no,pedestrian_stationary
462-492,462,492,car,person,17.818,20.921,0,,,0,32,,1012.3,1012.3,0.0,38.9,0.0,38.9,,no,pedestrian_stationary
472-492,472,492,car,person,17.818,21.922,0,,,0,42,7.763,627.0,889.7,117.5,163.6,163.6,38.9,-69.4,yes,pedestrian_stationary
475-492,475,492,car,person,17.818,21.922,0,,,0,42,0.666,549.0,549.6,1396.6,1886.7,1886.7,38.9,-1011.5,yes,pedestrian_stationary
476-492,476,492,car,person,17.818,21.922,0,,,0,42,,2619.5,2619.5,0.0,147.8,152.5,38.9,-227.2,yes,pedestrian_stationary
477-492,477,492,car,person,17.818,21.822,0,,,0,41,35.977,38.1,2963.3,82.5,101.5,79.6,38.9,41.8,no,pedestrian_stationary
491-492,491,492,car,person,17.818,21.922,0,,,0,42,6.062,131.9,607.5,130.7,183.3,186.2,38.9,-98.8,yes,pedestrian_stationary
12-500,500,12,car,person,18.118,39.239,0,,,0,14,8.913,62.1,1302.1,194.3,281.9,390.0,166.3,-129.0,yes,pedestrian_not_in_crosswalk
14-500,500,14,car,person,18.118,38.438,0,,,0,61,6.125,1084.7,1249.1,299.0,430.6,390.0,181.5,-129.0,yes,pedestrian_not_in_crosswalk
18-500,500,18,car,person,18.118,28.829,0,,,0,30,7.324,795.4,1769.4,317.0,337.4,390.0,215.1,-129.0,yes,vehicle_not_moving
19-500,500,19,car,person,18.118,33.734,0,,,0,52,9.602,383.7,1458.4,190.3,297.5,390.0,166.2,-129.0,yes,vehicle_not_moving
20-500,500,20,car,person,18.118,43.343,0,,,0,8,4.125,12.0,555.6,354.8,1221.2,390.0,1221.2,-129.0,yes,pedestrian_not_in_crosswalk
30-500,500,30,car,person,18.118,36.236,0,,,0,37,8.262,472.0,1164.3,179.7,276.9,390.0,169.2,-129.0,yes,vehicle_not_moving
59-500,500,59,car,person,18.118,44.444,0,,,0,197,7.161,880.3,1424.2,314.5,411.2,390.0,114.7,-129.0,yes,vehicle_not_moving
113-500,500,113,car,person,18.118,44.845,0,,,0,194,7.144,52.7,1441.6,295.3,390.0,390.0,121.1,-129.0,yes,vehicle_not_moving
187-500,500,187,car,person,18.118,52.152,0,,,0,191,8.296,4.4,1079.9,182.8,289.5,390.0,216.0,-129.0,yes,vehicle_not_moving
207-500,500,207,car,person,18.118,44.544,0,,,0,31,7.189,402.8,1473.3,317.2,408.1,390.0,118.2,-129.0,yes,pedestrian_not_in_crosswalk
228-500,500,228,car,person,18.118,50.25,0,,,0,255,5.778,2.7,1272.0,295.1,419.3,390.0,225.8,-129.0,yes,vehicle_not_moving
358-500,500,358,car,person,18.118,23.924,0,,,0,6,2.165,294.5,294.5,189.0,406.6,390.0,158.2,-96.5,yes,pedestrian_not_in_crosswalk
455-500,500,455,car,person,18.118,44.244,0,,,0,205,1.34,162.4,245.8,185.8,307.0,390.0,223.9,-129.0,yes,pedestrian_not_in_crosswalk
465-500,500,465,car,person,18.118,20.821,0,,,0,28,0.675,0.9,217.5,322.2,352.4,352.4,0.0,18.4,no,vehicle_not_moving
492-500,500,492,car,person,18.118,21.922,0,,,0,39,6.845,11.2,2030.6,308.3,390.0,390.0,38.9,-96.5,yes,vehicle_not_moving
12-508,508,12,car,person,18.318,22.623,0,,,0,6,,2458.5,2458.5,0.0,201.4,125.1,166.0,59.0,no,pedestrian_not_in_crosswalk
18-508,508,18,car,person,18.318,22.623,0,,,0,28,,2756.0,2756.0,0.0,226.5,125.1,215.1,59.0,no,vehicle_not_moving
19-508,508,19,car,person,18.318,22.623,0,,,0,18,,2259.7,2259.7,0.0,200.5,125.1,165.3,59.0,no,vehicle_not_moving
30-508,508,30,car,person,18.318,22.623,0,,,0,3,,1893.3,1893.3,0.0,184.5,125.1,157.7,59.0,no,vehicle_not_moving
59-508,508,59,car,person,18.318,22.623,0,,,0,44,55.108,260.7,2782.3,52.2,179.2,125.1,75.6,59.0,no,vehicle_not_moving
113-508,508,113,car,person,18.318,22.623,0,,,0,38,37.839,69.9,2860.4,78.5,178.5,125.1,87.7,59.0,no,vehicle_not_moving
187-508,508,187,car,person,18.318,22.623,0,,,0,44,,1942.4,1942.4,0.0,180.5,125.1,153.6,59.0,no,vehicle_not_moving
228-508,508,228,car,person,18.318,22.623,0,,,0,44,91.122,497.8,2691.8,29.8,190.4,125.1,70.7,59.0,no,vehicle_not_moving
358-508,508,358,car,person,18.318,22.623,0,,,0,6,4.709,254.8,623.3,141.3,172.3,125.1,158.2,59.0,no,pedestrian_not_in_crosswalk
455-508,508,455,car,person,18.318,22.623,0,,,0,32,5.144,223.0,279.4,54.8,223.9,125.1,223.9,59.0,no,pedestrian_not_in_crosswalk
465-508,508,465,car,person,18.318,20.821,0,,,0,26,18.948,766.3,839.2,44.6,125.1,125.1,0.0,59.0,no,vehicle_not_moving
492-508,508,492,car,person,18.318,21.922,0,,,0,37,224.843,3000.3,3013.3,13.4,144.5,125.1,38.9,59.0,no,vehicle_not_moving
2-521,2,521,car,person,18.619,22.823,0,,,0,43,10.663,1372.8,1388.8,155.7,858.8,293.2,694.7,-53.8,yes,pedestrian_stationary
3-521,3,521,car,person,18.619,22.523,0,,,0,40,,1549.5,1549.5,0.0,694.7,0.0,694.7,-0.0,no,pedestrian_stationary
4-521,4,521,bus,person,18.619,22.823,0,,,0,43,,1395.0,1395.0,0.0,694.7,0.0,694.7,-0.0,no,pedestrian_stationary
8-521,8,521,car,person,18.619,22.823,0,,,0,43,89.926,320.0,1400.1,16.8,694.7,19.9,694.7,-83.7,yes,pedestrian_stationary
11-521,11,521,car,person,18.619,22.823,0,,,0,43,,1308.4,1308.4,0.0,694.7,0.0,694.7,-0.0,no,pedestrian_stationary
22-521,22,521,car,person,18.619,22.823,0,,,0,43,,702.9,702.9,0.0,694.7,0.0,694.7,0.0,no,pedestrian_stationary
25-521,25,521,truck,person,18.619,22.823,0,,,0,43,,909.0,909.0,0.0,694.7,0.0,694.7,-0.0,no,pedestrian_stationary
29-521,29,521,car,person,18.619,22.823,0,,,0,43,,1078.6,1078.6,0.0,694.7,0.0,694.7,-0.0,no,pedestrian_stationary
132-521,132,521,car,person,18.619,22.823,0,,,0,43,,861.3,861.3,0.0,694.7,14.6,694.7,-39.6,yes,pedestrian_stationary
202-521,202,521,truck,person,18.619,22.823,0,,,0,43,,909.4,909.4,0.0,694.7,0.0,694.7,0.0,no,pedestrian_stationary
251-521,251,521,car,person,18.619,22.823,0,,,0,43,5.041,1070.4,1255.1,338.9,954.0,503.3,694.7,-152.6,yes,pedestrian_stationary
266-521,266,521,car,person,18.619,22.823,0,,,0,43,5.654,1155.0,1605.2,350.0,752.7,548.2,694.7,-51.1,yes,pedestrian_stationary
330-521,330,521,car,person,18.619,22.823,0,,,0,43,,1159.1,1159.1,0.0,859.0,343.6,694.7,-138.5,yes,pedestrian_stationary
350-521,350,521,car,person,18.619,18.719,0,,,0,2,,801.0,801.0,0.0,0.0,0.0,0.0,,no,pedestrian_stationary
351-521,351,521,car,person,18.619,22.823,0,,,0,43,6.784,851.9,1566.2,272.0,774.6,410.5,694.7,-119.7,yes,pedestrian_stationary
371-521,371,521,car,person,18.619,21.822,0,,,0,33,19.723,2864.8,2943.2,149.2,694.7,0.0,694.7,,no,pedestrian_stationary
385-521,385,521,car,person,18.619,22.823,0,,,0,43,26.853,684.8,746.7,27.9,681.0,73.6,694.7,-87.4,yes,pedestrian_stationary
392-521,392,521,car,person,18.619,22.823,0,,,0,43,15.442,832.5,883.7,57.4,641.1,167.1,694.7,-62.9,yes,pedestrian_stationary
403-521,403,521,car,person,18.619,22.823,0,,,0,43,12.814,947.5,1002.9,78.3,621.6,238.8,694.7,-107.4,yes,pedestrian_stationary
427-521,427,521,bus,person,18.619,19.92,0,,,0,14,,1471.1,1471.1,0.0,694.7,0.0,694.7,,no,pedestrian_stationary
442-521,442,521,car,person,18.619,21.421,0,,,0,29,1.535,513.5,665.0,433.4,694.7,0.0,694.7,,no,pedestrian_stationary
462-521,462,521,car,person,18.619,20.921,0,,,0,24,,1075.3,1075.3,0.0,694.7,0.0,694.7,,no,pedestrian_stationary
472-521,472,521,car,person,18.619,22.823,0,,,0,43,9.068,729.6,1043.5,121.3,630.1,163.6,694.7,-69.4,yes,pedestrian_stationary
475-521,475,521,car,person,18.619,22.823,0,,,0,43,0.352,330.1,364.2,1237.0,2013.2,1886.7,694.7,-1011.5,yes,pedestrian_stationary
476-521,476,521,car,person,18.619,22.823,0,,,0,43,16.363,2557.5,2602.5,160.7,694.7,68.6,694.7,-192.0,yes,pedestrian_stationary
477-521,477,521,car,person,18.619,21.822,0,,,0,33,,2938.3,2938.3,0.0,694.7,0.0,694.7,,no,pedestrian_stationary
491-521,491,521,car,person,18.619,22.823,0,,,0,43,6.349,565.6,793.9,133.2,617.6,183.3,694.7,-98.8,yes,pedestrian_stationary
500-521,500,521,car,person,18.619,22.823,0,,,0,43,7.317,240.6,1859.1,294.6,779.9,390.0,694.7,-96.5,yes,pedestrian_stationary
508-521,508,521,car,person,18.619,22.623,0,,,0,41,64507.876,2990.1,2990.1,0.0,694.7,125.1,694.7,59.0,no,pedestrian_stationary
12-531,531,12,car,person,18.919,36.436,0,,,0,14,5.804,814.1,1002.5,373.6,403.2,428.6,166.3,-234.6,yes,pedestrian_not_in_crosswalk
14-531,531,14,car,person,18.919,36.436,0,,,0,61,5.274,111.4,1234.0,299.5,428.6,428.6,181.5,-234.6,yes,pedestrian_not_in_crosswalk
18-531,531,18,car,person,18.919,28.829,0,,,0,22,6.763,814.3,1735.0,357.5,401.1,428.6,215.1,-234.6,yes,vehicle_not_moving
19-531,531,19,car,person,18.919,33.734,0,,,0,44,7.959,1232.7,1410.8,274.3,333.3,428.6,166.2,-234.6,yes,vehicle_not_moving
20-531,531,20,car,person,18.919,36.436,0,,,0,8,2.487,61.2,434.8,417.9,428.6,428.6,323.8,-234.6,yes,pedestrian_not_in_crosswalk
30-531,531,30,car,person,18.919,36.236,0,,,0,32,7.582,1123.6,1287.3,245.2,310.3,428.6,169.2,-234.6,yes,pedestrian_not_in_crosswalk
59-531,531,59,car,person,18.919,36.436,0,,,0,176,5.984,11.9,1334.8,319.5,428.6,428.6,100.9,-234.6,yes,vehicle_not_moving
113-531,531,113,car,person,18.919,36.436,0,,,0,174,5.627,54.7,1350.0,345.6,449.4,428.6,100.1,-234.6,yes,pedestrian_not_in_crosswalk
187-531,531,187,car,person,18.919,36.436,0,,,0,91,5.56,18.3,1114.5,270.7,342.5,428.6,216.0,-234.6,yes,vehicle_not_moving
207-531,531,207,car,person,18.919,36.436,0,,,0,25,6.19,94.3,1379.0,328.5,428.6,428.6,103.0,-234.6,yes,pedestrian_not_in_crosswalk
228-531,531,228,car,person,18.919,36.436,0,,,0,176,5.657,124.6,1255.0,321.9,428.6,428.6,225.8,-234.6,yes,vehicle_not_moving
358-531,531,358,car,person,18.919,23.924,0,,,0,3,1.732,67.1,246.8,172.5,325.9,325.9,158.2,-234.6,yes,vehicle_not_moving
455-531,531,455,car,person,18.919,36.436,0,,,4,170,0.575,0.8,102.8,261.8,338.4,428.6,223.9,-234.6,yes,pedestrian_not_in_crosswalk
465-531,531,465,car,person,18.919,20.821,0,,,0,20,12.888,9.7,738.6,58.1,156.4,156.4,0.0,-234.6,yes,pedestrian_stationary
492-531,531,492,car,person,18.919,21.922,0,,,0,31,31.207,254.3,2832.4,94.6,156.4,156.4,0.0,-234.6,yes,vehicle_not_moving
521-531,531,521,car,person,18.919,22.823,0,,,0,40,28.685,63.0,2759.6,102.5,571.0,156.4,694.7,-234.6,yes,vehicle_not_moving
2-545,2,545,car,person,19.52,23.824,0,,,0,44,7.029,1156.7,1239.4,199.6,352.7,276.9,103.7,-60.2,yes,pedestrian_stationary
3-545,3,545,car,person,19.52,22.523,0,,,0,31,,1581.4,1581.4,0.0,103.7,0.0,103.7,,no,pedestrian_stationary
4-545,4,545,bus,person,19.52,23.824,0,,,0,44,23.181,1123.8,1365.1,58.9,103.7,0.0,103.7,-0.0,no,pedestrian_stationary
8-545,8,545,car,person,19.52,23.824,0,,,0,44,18.875,286.5,1355.6,71.9,103.7,24.0,103.7,-83.7,yes,pedestrian_stationary
11-545,11,545,car,person,19.52,23.824,0,,,0,44,42.653,1250.0,1305.4,30.7,103.7,0.0,103.7,-0.0,no,pedestrian_stationary
22-545,22,545,car,person,19.52,23.824,0,,,0,44,,741.0,741.0,0.0,103.7,0.0,103.7,0.0,no,pedestrian_stationary
25-545,25,545,truck,person,19.52,23.824,0,,,0,44,,965.3,965.3,0.0,103.7,0.0,103.7,-0.0,no,pedestrian_stationary
29-545,29,545,car,person,19.52,23.824,0,,,0,44,,1133.5,1133.5,0.0,103.7,0.0,103.7,-0.0,no,pedestrian_stationary
132-545,132,545,car,person,19.52,23.824,0,,,0,44,,897.8,897.8,0.0,103.7,0.0,103.7,-1.2,yes,pedestrian_stationary
202-545,202,545,truck,person,19.52,23.824,0,,,0,44,,966.5,966.5,0.0,103.7,0.0,103.7,0.0,no,pedestrian_stationary
251-545,251,545,car,person,19.52,23.824,0,,,0,44,3.444,1010.3,1107.4,396.3,590.9,503.3,103.7,-153.0,yes,pedestrian_stationary
266-545,266,545,car,person,19.52,23.824,0,,,0,44,4.969,1006.2,1247.8,377.0,548.2,548.2,103.7,-82.4,yes,pedestrian_stationary
330-545,330,545,car,person,19.52,23.824,0,,,0,44,,1178.9,1178.9,0.0,344.0,289.6,103.7,-65.2,yes,pedestrian_stationary
351-545,351,545,car,person,19.52,23.824,0,,,0,44,5.649,959.2,1265.7,362.7,410.5,410.5,103.7,-119.7,yes,pedestrian_stationary
371-545,371,545,car,person,19.52,21.822,0,,,0,24,29.895,28.1,2881.3,96.4,103.7,0.0,103.7,,no,pedestrian_stationary
385-545,385,545,car,person,19.52,23.824,0,,,0,44,34.334,706.9,741.1,21.9,103.7,29.6,103.7,-87.4,yes,pedestrian_stationary
392-545,392,545,car,person,19.52,23.824,0,,,0,44,14.486,262.9,822.0,57.4,146.4,146.7,103.7,-70.8,yes,pedestrian_stationary
403-545,403,545,car,person,19.52,23.824,0,,,0,44,16.471,838.9,944.9,57.7,222.3,222.3,103.7,-110.9,yes,pedestrian_stationary
427-545,427,545,bus,person,19.52,19.92,0,,,0,5,,1493.9,1493.9,0.0,74.9,0.0,74.9,,no,pedestrian_stationary
442-545,442,545,car,person,19.52,21.421,0,,,0,20,10.095,15.3,683.3,68.8,103.7,0.0,103.7,,no,pedestrian_stationary
462-545,462,545,car,person,19.52,20.921,0,,,0,15,,1114.7,1114.7,0.0,103.7,0.0,103.7,,no,pedestrian_stationary
472-545,472,545,car,person,19.52,23.824,0,,,0,44,7.518,90.0,888.5,131.0,163.6,163.6,103.7,-69.4,yes,pedestrian_stationary
475-545,475,545,car,person,19.52,23.323,0,,,0,39,,916.9,916.9,0.0,1517.2,1517.2,103.7,-1011.5,yes,pedestrian_stationary
476-545,476,545,car,person,19.52,23.824,0,,,0,44,33.326,31.8,2571.5,77.5,85.9,30.6,103.7,-87.5,yes,pedestrian_stationary
477-545,477,545,car,person,19.52,21.822,0,,,0,24,27.52,211.6,2846.3,103.4,103.7,0.0,103.7,,no,pedestrian_stationary
491-545,491,545,car,person,19.52,23.824,0,,,0,44,7.382,57.4,677.1,105.5,139.7,139.7,103.7,-85.0,yes,pedestrian_stationary
500-545,500,545,car,person,19.52,23.824,0,,,0,44,5.881,861.1,1565.4,402.4,432.0,390.0,103.7,-96.5,yes,pedestrian_stationary
508-545,508,545,car,person,19.52,22.623,0,,,0,32,27.96,23.5,2899.8,103.7,103.7,0.0,103.7,,no,pedestrian_stationary
531-545,531,545,car,person,19.52,23.824,0,,,0,44,8.787,41.7,2404.3,273.6,310.6,310.6,103.7,-234.6,yes,pedestrian_stationary
12-557,557,12,car,person,19.92,24.625,0,,,0,14,,2626.5,2626.5,0.0,166.3,0.0,166.3,,no,pedestrian_not_in_crosswalk
18-557,557,18,car,person,19.92,24.625,0,,,0,12,,2968.6,2968.6,0.0,215.1,0.0,215.1,,no,vehicle_not_moving
19-557,557,19,car,person,19.92,24.625,0,,,0,4,,2392.9,2392.9,0.0,157.9,0.0,157.9,,no,pedestrian_not_in_crosswalk
59-557,557,59,car,person,19.92,24.625,0,,,0,48,67.46,215.5,2656.0,40.5,68.2,0.0,68.2,,no,vehicle_not_moving
113-557,557,113,car,person,19.92,24.625,0,,,0,48,552.379,2696.8,2734.9,5.0,30.9,0.0,30.9,,no,vehicle_not_moving
187-557,557,187,car,person,19.92,24.625,0,,,0,48,,2070.6,2070.6,0.0,153.6,0.0,153.6,,no,vehicle_not_moving
228-557,557,228,car,person,19.92,24.625,0,,,0,48,88.607,509.7,2566.3,29.6,37.6,0.0,37.6,,no,vehicle_not_moving
455-557,557,455,car,person,19.92,24.625,0,,,0,48,4.927,259.3,275.9,56.6,223.9,0.0,223.9,,no,vehicle_not_moving
465-557,557,465,car,person,19.92,20.821,0,,,0,10,,743.4,743.4,0.0,0.0,0.0,0.0,,no,pedestrian_stationary
492-557,557,492,car,person,19.92,21.922,0,,,0,21,,2893.7,2893.7,0.0,0.0,0.0,0.0,,no,vehicle_not_moving
521-557,557,521,car,person,19.92,22.823,0,,,0,30,,2882.3,2882.3,0.0,0.0,0.0,0.0,,no,vehicle_not_moving
545-557,557,545,car,person,19.92,23.824,0,,,0,40,27.137,85.6,2777.1,103.7,103.7,0.0,103.7,,no,vehicle_not_moving
12-559,559,12,car,person,20.02,30.33,0,,,0,14,3.451,133.2,958.6,589.6,640.5,772.2,166.3,-249.8,yes,pedestrian_not_in_crosswalk
14-559,559,14,car,person,20.02,30.33,0,,,0,45,2.51,628.6,1047.5,640.5,804.5,772.2,111.8,-249.8,yes,pedestrian_not_in_crosswalk
18-559,559,18,car,person,20.02,28.829,0,,,0,11,3.227,431.3,1265.2,657.6,723.6,772.2,215.1,-249.8,yes,vehicle_not_moving
19-559,559,19,car,person,20.02,30.33,0,,,0,34,2.897,189.6,953.9,601.1,658.8,772.2,166.2,-249.8,yes,vehicle_not_moving
30-559,559,30,car,person,20.02,30.33,0,,,0,32,2.296,48.4,697.9,583.4,631.7,772.2,157.7,-249.8,yes,pedestrian_not_in_crosswalk
59-559,559,59,car,person,20.02,30.33,0,,,0,104,2.958,669.7,1236.0,659.3,797.5,772.2,68.0,-249.8,yes,vehicle_not_moving
113-559,559,113,car,person,20.02,30.33,0,,,0,104,3.151,448.3,1233.1,664.2,772.2,772.2,30.9,-249.8,yes,vehicle_not_moving
187-559,559,187,car,person,20.02,30.33,0,,,0,76,2.356,136.2,681.4,595.8,641.6,772.2,216.0,-249.8,yes,vehicle_not_moving
228-559,559,228,car,person,20.02,30.33,0,,,0,104,2.79,124.6,1161.9,650.3,798.5,772.2,37.6,-249.8,yes,vehicle_not_moving
455-559,559,455,car,person,20.02,30.33,0,,,0,104,1.85,301.6,320.6,226.4,599.0,772.2,223.9,-249.8,yes,vehicle_not_moving
465-559,559,465,car,person,20.02,20.821,0,,,0,9,1.184,256.6,518.1,437.5,509.5,509.5,0.0,12.3,no,pedestrian_stationary
492-559,559,492,car,person,20.02,21.922,0,,,0,20,2.987,264.4,1823.5,697.5,772.2,772.2,0.0,-108.1,yes,pedestrian_stationary
521-559,559,521,car,person,20.02,22.823,0,,,0,29,3.195,449.3,1470.9,665.9,772.2,772.2,0.0,-139.5,yes,vehicle_not_moving
545-559,559,545,car,person,20.02,23.824,0,,,0,39,2.907,198.1,1111.7,684.0,772.2,772.2,103.7,-139.5,yes,vehicle_not_moving
12-565,565,12,car,person,20.32,24.925,0,,,0,14,4.511,668.4,722.9,194.9,305.1,151.0,166.3,-26.2,no,pedestrian_not_in_crosswalk
18-565,565,18,car,person,20.32,24.925,0,,,0,8,7.962,713.0,720.5,93.6,322.8,151.0,215.1,-26.2,no,vehicle_not_moving
19-565,565,19,car,person,20.32,24.925,0,,,0,5,4.373,623.8,817.2,229.1,292.8,151.0,157.9,-26.2,no,pedestrian_not_in_crosswalk
59-565,565,59,car,person,20.32,24.925,0,,,0,47,20.005,1067.9,1397.5,70.0,133.6,151.0,52.9,-26.2,no,vehicle_not_moving
113-565,565,113,car,person,20.32,24.925,0,,,0,47,14.7,1031.6,1236.8,84.8,151.0,151.0,30.9,-26.2,no,vehicle_not_moving
187-565,565,187,car,person,20.32,24.925,0,,,0,47,4.599,550.3,821.4,263.8,297.2,151.0,153.6,-26.2,no,vehicle_not_moving
228-565,565,228,car,person,20.32,24.925,0,,,0,47,13.047,985.1,1373.6,105.7,151.0,151.0,37.6,-26.2,no,vehicle_not_moving
455-565,565,455,car,person,20.32,24.925,0,,,0,47,8.944,135.6,2298.0,317.0,319.3,151.0,223.9,-26.2,no,vehicle_not_moving
465-565,565,465,car,person,20.32,20.821,0,,,0,6,16.881,161.4,2540.6,150.5,151.0,151.0,0.0,6.8,no,pedestrian_stationary
492-565,565,492,car,person,20.32,21.922,0,,,0,17,12.48,869.1,1034.0,83.6,151.0,151.0,0.0,-26.2,no,pedestrian_stationary
521-565,565,521,car,person,20.32,22.823,0,,,0,26,15.19,1040.1,1224.5,81.2,151.0,151.0,0.0,-26.2,no,vehicle_not_moving
545-565,565,545,car,person,20.32,23.824,0,,,0,36,12.212,898.8,1137.6,94.1,151.0,151.0,103.7,-26.2,no,vehicle_not_moving
2-572,2,572,car,person,20.621,25.626,0,,,0,51,18.009,1365.3,1381.2,81.3,317.5,269.8,61.4,-60.2,yes,pedestrian_stationary
3-572,3,572,car,person,20.621,22.523,0,,,0,20,115.179,1187.4,1770.9,15.6,61.4,0.0,61.4,,no,pedestrian_stationary
4-572,4,572,bus,person,20.621,25.626,0,,,0,51,62.443,3.8,1495.1,24.0,61.4,38.7,61.4,-0.0,no,pedestrian_stationary
8-572,8,572,car,person,20.621,25.626,0,,,0,51,67.324,144.6,1463.6,21.8,61.4,24.0,61.4,-92.6,yes,pedestrian_stationary
11-572,11,572,car,person,20.621,25.626,0,,,0,51,66.748,400.7,1466.0,22.1,61.4,34.5,61.4,-0.0,no,pedestrian_stationary
22-572,22,572,car,person,20.621,25.626,0,,,0,51,74.026,725.3,931.8,12.9,61.4,0.0,61.4,0.0,no,pedestrian_stationary
25-572,25,572,truck,person,20.621,25.626,0,,,0,51,151.454,1077.0,1142.8,7.7,61.4,0.0,61.4,-0.0,no,pedestrian_stationary
29-572,29,572,car,person,20.621,25.626,0,,,0,51,152.009,1200.3,1313.9,8.8,61.4,0.0,61.4,-0.0,no,pedestrian_stationary
132-572,132,572,car,person,20.621,25.626,0,,,0,51,85.693,840.3,1088.3,12.9,61.4,0.0,61.4,-0.2,no,pedestrian_stationary
202-572,202,572,truck,person,20.621,25.626,0,,,0,51,151.37,1077.3,1142.8,7.7,61.4,0.0,61.4,0.0,no,pedestrian_stationary
251-572,251,572,car,person,20.621,25.626,0,,,0,51,6.118,1214.9,1242.6,223.0,542.7,489.9,61.4,-153.0,yes,pedestrian_stationary
266-572,266,572,car,person,20.621,25.626,0,,,0,51,5.619,1333.1,1358.8,350.6,548.2,548.2,61.4,-145.6,yes,pedestrian_stationary
330-572,330,572,car,person,20.621,25.626,0,,,0,51,,1451.9,1451.9,0.0,279.1,228.0,61.4,-50.3,yes,pedestrian_stationary
351-572,351,572,car,person,20.621,25.626,0,,,0,51,6.385,1294.7,1331.7,298.2,418.7,410.5,61.4,-119.7,yes,pedestrian_stationary
371-572,371,572,car,person,20.621,21.822,0,,,0,13,47.96,523.2,2768.8,58.1,61.4,0.0,61.4,,no,pedestrian_stationary
385-572,385,572,car,person,20.621,25.626,0,,,0,51,44.612,351.1,914.8,20.8,61.4,13.4,61.4,-48.1,yes,pedestrian_stationary
392-572,392,572,car,person,20.621,25.626,0,,,0,51,30.188,773.4,950.9,31.7,101.4,101.4,61.4,-70.8,yes,pedestrian_stationary
403-572,403,572,car,person,20.621,25.626,0,,,0,51,58.746,1044.8,1065.7,18.2,206.3,206.3,61.4,-110.9,yes,pedestrian_stationary
442-572,442,572,car,person,20.621,21.421,0,,,0,9,8.65,21.9,497.7,59.7,61.4,0.0,61.4,,no,pedestrian_stationary
462-572,462,572,car,person,20.621,20.921,0,,,0,4,,1305.0,1305.0,0.0,61.4,0.0,61.4,,no,pedestrian_stationary
472-572,472,572,car,person,20.621,25.626,0,,,0,51,12.227,553.3,1035.6,96.4,112.5,163.6,61.4,-107.3,yes,pedestrian_stationary
475-572,475,572,car,person,20.621,23.323,0,,,0,28,,924.4,924.4,0.0,61.4,0.0,61.4,,no,pedestrian_stationary
476-572,476,572,car,person,20.621,25.626,0,,,0,51,84.645,1130.8,2488.1,29.5,36.6,30.6,61.4,-57.0,yes,pedestrian_stationary
477-572,477,572,car,person,20.621,21.822,0,,,0,13,56.745,1345.0,2786.9,49.3,61.4,0.0,61.4,,no,pedestrian_stationary
491-572,491,572,car,person,20.621,25.626,0,,,0,51,11.431,45.5,862.8,76.7,97.9,97.9,61.4,-85.0,yes,pedestrian_stationary
500-572,500,572,car,person,20.621,25.626,0,,,0,51,6.689,1051.5,1449.7,327.6,441.0,390.0,61.4,-96.5,yes,pedestrian_stationary
508-572,508,572,car,person,20.621,22.623,0,,,0,21,60.386,1539.0,2852.6,47.4,61.4,0.0,61.4,,no,pedestrian_stationary
531-572,531,572,car,person,20.621,25.626,0,,,0,51,5.933,90.1,1798.9,330.3,428.6,428.6,61.4,-82.2,yes,pedestrian_stationary
557-572,557,572,car,person,20.621,24.625,0,,,0,41,57.258,1440.6,2727.2,47.8,61.4,0.0,61.4,,no,pedestrian_stationary
559-572,559,572,car,person,20.621,25.626,0,,,0,51,3.022,751.2,1221.6,676.8,820.5,772.2,61.4,-249.8,yes,pedestrian_stationary
565-572,565,572,car,person,20.621,24.925,0,,,0,44,14.67,897.8,1325.0,91.6,149.7,151.0,61.4,-26.2,no,pedestrian_stationary
12-589,589,12,car,person,21.121,25.926,0,,,0,14,4.72,606.9,723.2,197.5,261.4,132.2,166.3,-93.1,yes,pedestrian_not_in_crosswalk
14-589,589,14,car,person,21.121,25.926,0,,,0,1,20.324,772.5,1575.7,79.5,97.3,132.2,58.3,-93.1,yes,pedestrian_not_in_crosswalk
19-589,589,19,car,person,21.121,25.926,0,,,0,15,5.101,569.5,842.4,212.2,249.5,132.2,157.9,-93.1,yes,pedestrian_not_in_crosswalk
59-589,589,59,car,person,21.121,25.926,0,,,0,49,14.137,360.9,1448.0,106.9,113.2,132.2,29.4,-93.1,yes,vehicle_not_moving
113-589,589,113,car,person,21.121,25.926,0,,,0,49,12.069,617.7,1300.0,110.6,132.2,132.2,30.9,-93.1,yes,vehicle_not_moving
187-589,589,187,car,person,21.121,25.926,0,,,0,49,5.225,417.7,783.6,244.9,263.3,132.2,150.8,-93.1,yes,vehicle_not_moving
228-589,589,228,car,person,21.121,25.926,0,,,0,49,12.848,46.6,1428.6,111.3,112.7,132.2,37.6,-93.1,yes,vehicle_not_moving
455-589,589,455,car,person,21.121,25.926,0,,,0,49,8.795,3.1,2272.8,314.5,315.2,132.2,223.9,-93.1,yes,vehicle_not_moving
492-589,589,492,car,person,21.121,21.922,0,,,0,9,10.203,545.7,1079.6,110.9,132.2,132.2,0.0,-93.1,yes,pedestrian_stationary
521-589,589,521,car,person,21.121,22.823,0,,,0,18,12.138,670.7,1261.8,108.7,132.2,132.2,0.0,-93.1,yes,pedestrian_stationary
545-589,589,545,car,person,21.121,23.824,0,,,0,28,10.743,520.1,1182.6,115.8,132.2,132.2,0.0,-93.1,yes,vehicle_not_moving
572-589,589,572,car,person,21.121,25.626,0,,,0,46,13.081,388.9,1375.8,105.7,110.2,132.2,53.0,-93.1,yes,vehicle_not_moving
12-600,600,12,car,person,21.521,29.63,0,,,0,14,4.971,365.4,582.7,139.8,370.5,218.4,166.3,-186.0,yes,pedestrian_not_in_crosswalk
14-600,600,14,car,person,21.521,29.63,0,,,0,38,10.925,67.9,1235.5,123.2,174.7,218.4,96.7,-186.0,yes,pedestrian_not_in_crosswalk
19-600,600,19,car,person,21.521,29.63,0,,,0,32,3.799,499.9,588.8,178.3,356.7,218.4,166.2,-186.0,yes,pedestrian_not_in_crosswalk
30-600,600,30,car,person,21.521,29.63,0,,,0,26,2.85,325.5,553.6,294.8,351.8,218.4,152.9,-186.0,yes,pedestrian_not_in_crosswalk
59-600,600,59,car,person,21.521,29.63,0,,,0,82,9.905,145.9,1125.0,123.5,199.2,218.4,27.6,-186.0,yes,vehicle_not_moving
113-600,600,113,car,person,21.521,29.63,0,,,0,82,9.786,23.9,1085.9,118.2,218.4,218.4,30.9,-186.0,yes,pedestrian_stationary
187-600,600,187,car,person,21.521,29.63,0,,,0,61,2.644,259.1,408.0,275.0,341.9,218.4,199.9,-186.0,yes,vehicle_not_moving
228-600,600,228,car,person,21.521,29.63,0,,,0,82,9.76,27.3,1081.1,123.3,217.0,218.4,36.9,-186.0,yes,vehicle_not_moving
455-600,600,455,car,person,21.521,29.63,0,,,0,82,5.721,2.8,1511.4,418.2,418.3,218.4,223.9,-186.0,yes,vehicle_not_moving
492-600,600,492,car,person,21.521,21.922,0,,,0,5,12.003,403.3,941.2,78.4,88.0,88.0,0.0,23.3,no,pedestrian_stationary
521-600,600,521,car,person,21.521,22.823,0,,,0,14,11.274,422.4,1053.9,94.3,218.4,218.4,0.0,-186.0,yes,pedestrian_stationary
545-600,600,545,car,person,21.521,23.824,0,,,0,24,8.334,278.5,899.8,115.5,218.4,218.4,0.0,-186.0,yes,vehicle_not_moving
572-600,600,572,car,person,21.521,25.626,0,,,0,42,9.592,101.3,1061.4,120.3,218.4,218.4,25.0,-186.0,yes,vehicle_not_moving
12-621,621,12,car,person,22.022,28.428,0,,,0,14,6.937,806.5,810.2,129.3,386.2,237.1,166.3,-77.5,yes,pedestrian_not_in_crosswalk
14-621,621,14,car,person,22.022,28.428,0,,,0,26,8.337,853.4,1318.6,170.1,215.2,237.1,69.0,-77.5,yes,pedestrian_not_in_crosswalk
19-621,621,19,car,person,22.022,28.428,0,,,0,32,5.047,767.3,783.7,186.3,361.9,237.1,162.2,-77.5,yes,pedestrian_not_in_crosswalk
30-621,621,30,car,person,22.022,28.428,0,,,0,14,3.548,620.5,717.9,285.7,363.3,237.1,152.9,-77.5,yes,pedestrian_not_in_crosswalk
59-621,621,59,car,person,22.022,28.428,0,,,0,65,9.473,1023.2,1280.3,151.9,237.1,237.1,22.9,-77.5,yes,vehicle_not_moving
113-621,621,113,car,person,22.022,28.428,0,,,0,65,9.637,1059.6,1249.2,144.2,237.1,237.1,30.9,-77.5,yes,vehicle_not_moving
187-621,621,187,car,person,22.022,28.428,0,,,0,56,3.352,516.2,635.8,274.4,365.3,237.1,199.9,-77.5,yes,vehicle_not_moving
228-621,621,228,car,person,22.022,28.428,0,,,0,65,9.323,2.3,1218.7,144.9,226.1,237.1,36.5,-77.5,yes,vehicle_not_moving
455-621,621,455,car,person,22.022,28.428,0,,,0,65,5.553,29.1,1513.9,435.5,435.9,237.1,223.9,-77.5,yes,vehicle_not_moving
521-621,621,521,car,person,22.022,22.823,0,,,0,9,10.519,1046.6,1301.0,123.7,236.8,236.8,0.0,83.4,no,pedestrian_stationary
545-621,621,545,car,person,22.022,23.824,0,,,0,19,8.5,897.4,1074.4,140.7,237.1,237.1,0.0,-49.0,yes,pedestrian_stationary
572-621,621,572,car,person,22.022,25.626,0,,,0,37,9.495,1016.1,1230.0,146.0,237.1,237.1,24.2,-77.5,yes,vehicle_not_moving
12-625,625,12,car,person,22.122,26.126,0,,,0,14,21.036,816.5,825.1,41.5,166.3,0.0,166.3,,no,vehicle_not_moving
14-625,625,14,car,person,22.122,26.126,0,,,0,3,,1608.8,1608.8,0.0,54.5,0.0,54.5,,no,pedestrian_not_in_crosswalk
19-625,625,19,car,person,22.122,26.126,0,,,0,17,17.692,878.7,915.4,55.4,157.9,0.0,157.9,,no,pedestrian_not_in_crosswalk
59-625,625,59,car,person,22.122,26.126,0,,,0,41,1377.297,1490.4,1497.9,1.1,22.9,0.0,22.9,,no,vehicle_not_moving
113-625,625,113,car,person,22.122,26.126,0,,,0,41,,1427.9,1427.9,0.0,30.9,0.0,30.9,,no,vehicle_not_moving
187-625,625,187,car,person,22.122,26.126,0,,,0,41,8.307,553.0,825.1,105.3,143.8,0.0,143.8,,no,vehicle_not_moving
228-625,625,228,car,person,22.122,26.126,0,,,0,41,71.555,1030.7,1470.4,20.7,35.4,0.0,35.4,,no,vehicle_not_moving
455-625,625,455,car,person,22.122,26.126,0,,,0,41,12.386,497.0,2195.6,218.8,223.9,0.0,223.9,,no,vehicle_not_moving
521-625,625,521,car,person,22.122,22.823,0,,,0,8,,1324.0,1324.0,0.0,0.0,0.0,0.0,,no,pedestrian_stationary
545-625,625,545,car,person,22.122,23.824,0,,,0,18,,1234.2,1234.2,0.0,0.0,0.0,0.0,,no,pedestrian_stationary
572-625,625,572,car,person,22.122,25.626,0,,,0,36,91.768,1096.0,1427.0,15.6,24.2,0.0,24.2,,no,vehicle_not_moving
12-662,662,12,car,person,23.123,29.329,0,,,0,4,17.174,228.7,745.2,45.1,259.3,101.9,166.3,-63.1,yes,vehicle_not_moving
14-662,662,14,car,person,23.123,29.329,0,,,0,35,17.287,542.1,1426.7,85.6,102.2,101.9,69.0,-63.1,yes,pedestrian_not_in_crosswalk
19-662,662,19,car,person,23.123,29.329,0,,,0,32,9.397,749.8,791.7,90.3,237.5,101.9,166.2,-63.1,yes,pedestrian_not_in_crosswalk
30-662,662,30,car,person,23.123,29.329,0,,,0,23,5.405,617.8,753.0,178.9,239.4,101.9,152.9,-63.1,yes,pedestrian_not_in_crosswalk
59-662,662,59,car,person,23.123,29.329,0,,,0,63,17.96,797.9,1325.2,79.0,101.9,101.9,9.3,-63.1,yes,vehicle_not_moving
113-662,662,113,car,person,23.123,29.329,0,,,0,63,17.886,823.9,1285.8,75.6,101.9,101.9,30.9,-63.1,yes,vehicle_not_moving
187-662,662,187,car,person,23.123,29.329,0,,,0,45,3.516,314.4,598.0,170.0,228.7,101.9,199.9,-63.1,yes,vehicle_not_moving
228-662,662,228,car,person,23.123,29.329,0,,,0,63,17.226,14.0,1280.6,77.8,101.9,101.9,32.1,-63.1,yes,vehicle_not_moving
455-662,662,455,car,person,23.123,29.329,0,,,0,63,9.172,47.2,1658.2,255.3,257.2,101.9,190.5,-63.1,yes,vehicle_not_moving
545-662,662,545,car,person,23.123,23.824,0,,,0,8,15.366,757.0,1124.3,75.2,101.9,101.9,0.0,-20.6,no,pedestrian_stationary
572-662,662,572,car,person,23.123,25.626,0,,,0,26,17.641,804.9,1262.4,76.4,101.9,101.9,0.0,-63.1,yes,vehicle_not_moving
14-683,683,14,bus,person,23.724,38.438,0,,,0,61,7.216,393.4,1484.7,251.7,449.2,458.7,181.5,-141.8,yes,pedestrian_not_in_crosswalk
19-683,683,19,bus,person,23.724,33.734,0,,,0,32,8.824,891.3,1912.2,296.4,376.1,458.7,166.2,-141.8,yes,pedestrian_not_in_crosswalk
20-683,683,20,bus,person,23.724,43.343,0,,,0,8,4.134,4.4,619.8,438.7,1221.2,458.7,1221.2,-141.8,yes,pedestrian_not_in_crosswalk
30-683,683,30,bus,person,23.724,36.236,0,,,0,32,8.448,82.2,1802.3,275.1,358.8,458.7,169.2,-141.8,yes,pedestrian_not_in_crosswalk
59-683,683,59,bus,person,23.724,44.444,0,,,0,141,6.277,400.2,1541.7,334.7,458.7,458.7,114.7,-141.8,yes,vehicle_not_moving
113-683,683,113,bus,person,23.724,44.845,0,,,0,144,6.404,403.7,1545.8,333.7,452.9,458.7,121.1,-141.8,yes,pedestrian_stationary
187-683,683,187,bus,person,23.724,52.152,0,,,0,135,7.147,12.6,1444.0,325.7,353.9,458.7,216.0,-141.8,yes,vehicle_not_moving
207-683,683,207,bus,person,23.724,44.544,0,,,0,31,6.489,377.5,1600.1,343.5,458.7,458.7,118.2,-141.8,yes,pedestrian_not_in_crosswalk
228-683,683,228,bus,person,23.724,50.25,0,,,0,199,5.784,11.2,1334.2,348.8,457.4,458.7,225.8,-141.8,yes,vehicle_not_moving
455-683,683,455,bus,person,23.724,44.244,0,,,0,163,1.662,77.2,331.4,273.6,382.8,458.7,188.3,-141.8,yes,vehicle_not_moving
545-683,683,545,bus,person,23.724,23.824,0,,,0,2,,2883.6,2883.6,0.0,0.0,0.0,0.0,,no,pedestrian_stationary
572-683,683,572,bus,person,23.724,25.626,0,,,0,20,13.235,343.2,2522.1,190.6,192.4,192.4,0.0,6.3,no,pedestrian_stationary
14-695,695,14,bus,person,24.424,38.438,0,,,0,61,7.68,7.1,1348.6,189.8,228.7,228.7,181.5,-478.9,yes,pedestrian_not_in_crosswalk
19-695,695,19,bus,person,24.424,33.734,0,,,0,32,6.36,396.9,644.1,113.6,233.6,122.7,166.2,-74.9,yes,pedestrian_not_in_crosswalk
20-695,695,20,bus,person,24.424,43.343,0,,,0,8,0.923,144.3,572.9,655.2,907.0,731.7,1221.2,-478.9,yes,pedestrian_not_in_crosswalk
30-695,695,30,bus,person,24.424,36.236,0,,,0,32,3.958,406.4,566.4,201.3,242.2,228.7,169.2,-74.9,yes,pedestrian_not_in_crosswalk
59-695,695,59,bus,person,24.424,44.444,0,,,0,134,3.458,21.9,623.2,215.2,731.7,731.7,114.7,-654.2,yes,pedestrian_stationary
113-695,695,113,bus,person,24.424,44.845,0,,,0,137,4.28,33.0,662.0,180.9,731.7,731.7,121.1,-654.2,yes,vehicle_not_moving
187-695,695,187,bus,person,24.424,48.949,0,,,0,128,1.685,1.0,400.3,248.1,617.9,731.7,216.0,-654.2,yes,vehicle_not_moving
207-695,695,207,bus,person,24.424,44.544,0,,,0,31,4.859,19.7,704.4,171.8,731.7,731.7,118.2,-654.2,yes,pedestrian_not_in_crosswalk
228-695,695,228,bus,person,24.424,48.949,0,,,0,192,3.535,6.3,504.8,188.1,641.3,731.7,225.8,-654.2,yes,vehicle_not_moving
455-695,695,455,bus,person,24.424,44.244,0,,,0,156,1.627,26.5,240.1,360.3,731.7,731.7,188.3,-654.2,yes,vehicle_not_moving
572-695,695,572,bus,person,24.424,25.626,0,,,0,13,11.299,485.4,1176.7,110.7,122.7,122.7,0.0,-59.8,yes,pedestrian_stationary
14-702,702,14,car,person,24.625,38.438,0,,,0,61,4.744,583.5,1236.5,393.5,540.4,520.4,181.5,-393.0,yes,pedestrian_not_in_crosswalk
19-702,702,19,car,person,24.625,33.734,0,,,0,31,7.448,659.5,1482.1,361.7,415.4,520.4,166.2,-393.0,yes,vehicle_not_moving
20-702,702,20,car,person,24.625,39.64,0,,,0,8,2.514,18.4,439.3,511.1,1151.5,520.4,1151.5,-393.0,yes,pedestrian_not_in_crosswalk
30-702,702,30,car,person,24.625,36.236,0,,,0,32,6.85,785.8,1410.4,344.3,403.7,520.4,169.2,-393.0,yes,pedestrian_not_in_crosswalk
59-702,702,59,car,person,24.625,39.64,0,,,0,132,5.175,656.5,1332.2,421.9,520.4,520.4,114.7,-393.0,yes,pedestrian_stationary
113-702,702,113,car,person,24.625,39.64,0,,,0,135,5.266,625.8,1350.3,427.3,520.4,520.4,121.1,-393.0,yes,vehicle_not_moving
187-702,702,187,car,person,24.625,39.64,0,,,0,66,5.845,36.4,1227.0,365.7,417.7,520.4,216.0,-393.0,yes,vehicle_not_moving
207-702,702,207,car,person,24.625,39.64,0,,,0,31,5.411,656.7,1382.2,428.0,520.4,520.4,118.2,-393.0,yes,pedestrian_not_in_crosswalk
228-702,702,228,car,person,24.625,39.64,0,,,0,151,4.808,108.6,1205.2,425.9,520.4,520.4,225.8,-393.0,yes,vehicle_not_moving
455-702,702,455,car,person,24.625,39.64,0,,,0,151,0.819,35.4,147.1,406.9,418.6,520.4,188.3,-393.0,yes,vehicle_not_moving
572-702,702,572,car,person,24.625,25.626,0,,,0,11,7.992,612.2,2466.6,308.7,363.2,363.2,0.0,-35.2,yes,pedestrian_stationary
14-740,740,14,car,person,25.626,32.332,0,,,0,61,10.997,804.9,1390.8,145.8,177.3,176.1,137.0,-85.8,yes,pedestrian_not_in_crosswalk
19-740,740,19,car,person,25.626,32.332,0,,,0,21,31.237,946.7,949.4,30.6,310.6,176.1,166.2,-85.8,yes,vehicle_not_moving
30-740,740,30,car,person,25.626,32.332,0,,,0,32,6.908,814.3,834.3,131.4,308.5,176.1,169.2,-85.8,yes,pedestrian_not_in_crosswalk
59-740,740,59,car,person,25.626,32.332,0,,,0,68,11.935,971.3,1299.4,122.5,176.1,176.1,69.3,-85.8,yes,pedestrian_stationary
113-740,740,113,car,person,25.626,32.332,0,,,0,68,12.185,1010.0,1275.1,116.6,179.1,176.1,43.0,-85.8,yes,vehicle_not_moving
187-740,740,187,car,person,25.626,32.332,0,,,0,20,2.972,491.6,660.1,222.1,332.7,176.1,216.0,-85.8,yes,vehicle_not_moving
228-740,740,228,car,person,25.626,32.332,0,,,0,68,9.565,264.7,1244.6,142.5,180.9,176.1,29.4,-85.8,yes,pedestrian_stationary
455-740,740,455,car,person,25.626,32.332,0,,,0,68,7.058,6.1,1106.1,292.7,293.4,176.1,173.2,-85.8,yes,vehicle_not_moving
572-740,740,572,car,person,25.626,25.626,0,,,0,1,,1439.8,1439.8,0.0,0.0,0.0,0.0,,no,pedestrian_stationary
14-750,750,14,car,person,25.926,36.436,0,,,0,61,3.319,904.4,1135.8,486.1,685.8,710.9,181.5,-165.1,yes,vehicle_not_moving
19-750,750,19,car,person,25.926,33.734,0,,,0,18,4.861,554.0,1354.2,551.2,624.9,710.9,166.2,-165.1,yes,vehicle_not_moving
20-750,750,20,car,person,25.926,36.436,0,,,0,8,1.35,46.3,366.4,701.3,710.9,710.9,323.8,-165.1,yes,pedestrian_not_in_crosswalk
30-750,750,30,car,person,25.926,36.236,0,,,0,32,4.288,498.6,1339.3,529.6,601.5,710.9,169.2,-165.1,yes,pedestrian_not_in_crosswalk
59-750,750,59,car,person,25.926,36.436,0,,,0,106,3.544,583.0,1249.5,572.6,710.9,710.9,100.9,-165.1,yes,pedestrian_stationary
113-750,750,113,car,person,25.926,36.436,0,,,0,106,3.632,625.0,1268.9,581.8,710.9,710.9,100.1,-165.1,yes,vehicle_not_moving
187-750,750,187,car,person,25.926,36.436,0,,,0,21,3.041,3.0,1151.8,556.7,619.0,710.9,216.0,-165.1,yes,vehicle_not_moving
207-750,750,207,car,person,25.926,36.436,0,,,0,25,3.715,585.5,1298.8,582.2,710.9,710.9,98.4,-165.1,yes,pedestrian_not_in_crosswalk
228-750,750,228,car,person,25.926,36.436,0,,,0,106,3.367,425.6,1165.5,581.7,714.4,710.9,225.8,-165.1,yes,pedestrian_stationary
455-750,750,455,car,person,25.926,36.436,0,,,0,106,0.33,19.2,101.9,627.2,640.9,710.9,188.3,-165.1,yes,vehicle_not_moving
14-755,755,14,car,person,26.026,38.438,0,,,0,60,25.649,618.7,1501.7,61.4,181.5,64.9,181.5,-66.0,yes,vehicle_not_moving
19-755,755,19,car,person,26.026,33.734,0,,,0,17,,908.8,908.8,0.0,222.6,64.9,166.2,-66.0,yes,vehicle_not_moving
20-755,755,20,car,person,26.026,42.342,0,,,0,8,10.814,8.1,567.8,64.7,1221.2,64.9,1221.2,-66.0,yes,pedestrian_not_in_crosswalk
30-755,755,30,car,person,26.026,36.236,0,,,0,32,19.568,821.9,829.3,43.9,204.6,64.9,169.2,-66.0,yes,pedestrian_not_in_crosswalk
59-755,755,59,car,person,26.026,42.342,0,,,0,118,28.056,801.3,1340.4,51.1,114.7,64.9,114.7,-66.0,yes,pedestrian_stationary
113-755,755,113,car,person,26.026,42.342,0,,,0,121,24.031,844.5,1299.0,57.6,121.1,64.9,121.1,-66.0,yes,vehicle_not_moving
187-755,755,187,car,person,26.026,42.342,0,,,0,79,2.849,277.2,665.0,235.8,258.9,64.9,216.0,-66.0,yes,vehicle_not_moving
207-755,755,207,car,person,26.026,42.342,0,,,0,31,29.36,884.9,1299.9,47.0,118.2,64.9,118.2,-66.0,yes,pedestrian_not_in_crosswalk
228-755,755,228,car,person,26.026,42.342,0,,,0,164,5.693,14.9,1197.6,210.6,225.8,64.9,225.8,-66.0,yes,pedestrian_stationary
455-755,755,455,car,person,26.026,42.342,0,,,0,140,7.709,45.7,691.5,177.2,201.3,64.9,188.3,-66.0,yes,vehicle_not_moving
14-766,766,14,car,person,26.226,38.438,0,,,0,58,10.365,71.7,1129.1,125.3,193.6,193.6,181.5,-120.0,yes,vehicle_not_moving
19-766,766,19,car,person,26.226,33.734,0,,,0,15,,968.5,968.5,0.0,227.8,68.0,166.2,-120.0,yes,vehicle_not_moving
20-766,766,20,car,person,26.226,43.343,0,,,0,8,0.47,19.2,212.1,726.1,866.6,855.3,1221.2,-924.0,yes,pedestrian_not_in_crosswalk
30-766,766,30,car,person,26.226,36.236,0,,,0,32,79.69,713.1,713.1,18.6,207.7,68.0,169.2,-120.0,yes,pedestrian_not_in_crosswalk
59-766,766,59,car,person,26.226,44.444,0,,,0,116,14.827,77.2,1108.7,80.5,855.3,855.3,114.7,-924.0,yes,pedestrian_stationary
113-766,766,113,car,person,26.226,44.845,0,,,0,119,19.109,310.5,1124.5,61.6,855.3,855.3,121.1,-924.0,yes,vehicle_not_moving
187-766,766,187,car,person,26.226,46.947,0,,,0,110,13.306,42.5,631.6,96.6,751.1,855.3,216.0,-924.0,yes,vehicle_not_moving
207-766,766,207,car,person,26.226,44.544,0,,,0,31,21.096,39.5,1151.3,58.9,855.3,855.3,118.2,-924.0,yes,pedestrian_not_in_crosswalk
228-766,766,228,car,person,26.226,46.947,0,,,0,174,4.207,5.1,936.6,223.0,775.2,855.3,225.8,-924.0,yes,pedestrian_stationary
455-766,766,455,car,person,26.226,44.244,0,,,0,138,5.48,57.3,421.4,179.9,855.3,855.3,188.3,-924.0,yes,vehicle_not_moving
14-778,778,14,car,person,26.426,30.33,0,,,0,40,121.161,1197.6,1369.7,11.4,111.8,0.0,111.8,,no,vehicle_not_moving
19-778,778,19,car,person,26.426,30.33,0,,,0,13,,844.1,844.1,0.0,166.2,0.0,166.2,,no,vehicle_not_moving
30-778,778,30,car,person,26.426,30.33,0,,,0,32,,691.4,691.4,0.0,144.7,0.0,144.7,,no,pedestrian_not_in_crosswalk
59-778,778,59,car,person,26.426,30.33,0,,,0,40,,1241.8,1241.8,0.0,0.0,0.0,0.0,,no,pedestrian_stationary
113-778,778,113,car,person,26.426,30.33,0,,,0,40,193.913,1120.4,1207.6,6.2,26.7,0.0,26.7,,no,vehicle_not_moving
187-778,778,187,car,person,26.426,30.33,0,,,0,12,3.4,331.0,531.6,156.6,216.0,0.0,216.0,,no,vehicle_not_moving
228-778,778,228,car,person,26.426,30.33,0,,,0,40,40.808,21.7,1194.4,29.3,29.4,0.0,29.4,,no,vehicle_not_moving
455-778,778,455,car,person,26.426,30.33,0,,,0,40,10.591,71.3,1447.8,138.5,154.4,0.0,154.4,,no,vehicle_not_moving
14-779,779,14,car,person,26.527,30.53,0,,,0,41,75.192,991.2,1413.8,18.9,111.8,0.0,111.8,,no,vehicle_not_moving
19-779,779,19,car,person,26.527,30.53,0,,,0,12,,585.0,585.0,0.0,166.2,0.0,166.2,,no,vehicle_not_moving
30-779,779,30,car,person,26.527,30.53,0,,,0,32,11.966,549.2,559.4,49.3,141.2,0.0,141.2,,no,pedestrian_not_in_crosswalk
59-779,779,59,car,person,26.527,30.53,0,,,0,41,,1195.8,1195.8,0.0,0.0,0.0,0.0,,no,pedestrian_stationary
113-779,779,113,car,person,26.527,30.53,0,,,0,41,89.105,861.2,1134.7,12.8,26.7,0.0,26.7,,no,vehicle_not_moving
187-779,779,187,car,person,26.527,30.53,0,,,0,11,2.175,9.7,391.3,198.1,216.0,0.0,216.0,,no,vehicle_not_moving
228-779,779,228,car,person,26.527,30.53,0,,,0,41,43.502,265.7,1179.1,27.2,29.4,0.0,29.4,,no,vehicle_not_moving
455-779,779,455,car,person,26.527,30.53,0,,,0,41,11.813,186.3,1691.6,148.0,154.4,0.0,154.4,,no,vehicle_not_moving
14-808,808,14,car,person,27.527,31.431,0,,,0,40,224.95,1590.5,1724.9,7.7,112.5,0.0,112.5,,no,vehicle_not_moving
19-808,808,19,car,person,27.527,31.431,0,,,0,2,,1283.9,1283.9,0.0,166.2,0.0,166.2,,no,vehicle_not_moving
30-808,808,30,car,person,27.527,31.431,0,,,0,28,,1130.7,1130.7,0.0,169.2,0.0,169.2,,no,vehicle_not_moving
59-808,808,59,car,person,27.527,31.431,0,,,0,40,,1625.5,1625.5,0.0,0.0,0.0,0.0,,no,pedestrian_stationary
113-808,808,113,car,person,27.527,31.431,0,,,0,40,,1596.1,1596.1,0.0,0.0,0.0,0.0,,no,vehicle_not_moving
187-808,808,187,car,person,27.527,31.431,0,,,0,1,16.537,805.3,974.8,60.6,216.0,0.0,216.0,,no,vehicle_not_moving
228-808,808,228,car,person,27.527,31.431,0,,,0,40,81.392,31.8,1574.5,19.3,22.0,0.0,22.0,,no,vehicle_not_moving
455-808,808,455,car,person,27.527,31.431,0,,,0,40,11.521,848.5,1486.8,132.2,173.2,0.0,173.2,,no,vehicle_not_moving
14-811,811,14,car,person,27.628,33.634,0,,,0,44,0.357,293.2,293.7,1516.1,2161.6,2118.7,139.6,-620.0,yes,vehicle_not_moving
19-811,811,19,car,person,27.628,33.634,0,,,0,1,0.613,534.2,585.7,1494.2,1967.0,2118.7,166.2,-620.0,yes,vehicle_not_moving
30-811,811,30,car,person,27.628,33.634,0,,,0,27,0.791,513.1,575.7,1357.7,1994.0,2118.7,169.2,-620.0,yes,vehicle_not_moving
59-811,811,59,car,person,27.628,33.634,0,,,0,61,0.339,290.1,294.5,1575.7,2118.7,2118.7,81.1,-620.0,yes,pedestrian_stationary
113-811,811,113,car,person,27.628,33.634,0,,,0,61,0.356,290.7,290.7,1584.4,2118.7,2118.7,82.9,-620.0,yes,vehicle_not_moving
207-811,811,207,car,person,27.628,33.634,0,,,0,1,0.319,278.6,282.3,1600.9,2118.7,2118.7,73.4,-620.0,yes,pedestrian_not_in_crosswalk
228-811,811,228,car,person,27.628,33.634,0,,,0,61,0.438,345.5,346.6,1527.3,2118.7,2118.7,225.8,-620.0,yes,vehicle_not_moving
455-811,811,455,car,person,27.628,33.634,0,,,0,61,2.445,689.0,1001.5,491.0,2013.3,2118.7,173.2,-620.0,yes,vehicle_not_moving
14-829,829,14,car,person,28.028,35.936,0,,,0,40,44.8,1285.8,1674.8,37.7,181.5,60.4,181.5,-28.2,no,vehicle_not_moving
20-829,829,20,car,person,28.028,35.936,0,,,0,5,15.324,8.0,697.6,52.6,262.7,60.4,262.7,-28.2,no,pedestrian_not_in_crosswalk
30-829,829,30,car,person,28.028,35.936,0,,,0,23,,913.1,913.1,0.0,182.3,60.4,169.2,-28.2,no,vehicle_not_moving
59-829,829,59,car,person,28.028,35.936,0,,,0,80,51.214,538.2,1428.1,28.6,81.1,60.4,81.1,-28.2,no,pedestrian_stationary
113-829,829,113,car,person,28.028,35.936,0,,,0,80,51.192,595.5,1374.7,27.2,85.6,60.4,85.6,-28.2,no,vehicle_not_moving
207-829,829,207,car,person,28.028,35.936,0,,,0,22,52.338,643.2,1371.9,26.5,90.7,60.4,90.7,-28.2,no,pedestrian_not_in_crosswalk
228-829,829,228,car,person,28.028,35.936,0,,,0,80,6.351,10.8,1290.0,203.3,225.8,60.4,225.8,-28.2,no,vehicle_not_moving
455-829,829,455,car,person,28.028,35.936,0,,,0,80,8.07,569.4,962.5,171.2,190.1,60.4,185.5,-28.2,no,vehicle_not_moving
14-834,834,14,truck,person,28.228,38.438,0,,,0,38,115.103,573.0,1779.4,15.6,182.2,40.6,181.5,-370.5,yes,vehicle_not_moving
14-836,836,14,car,person,28.228,34.234,0,,,0,38,76.583,922.8,1308.5,17.1,145.2,31.4,145.2,-31.3,no,vehicle_not_moving
20-834,834,20,truck,person,28.228,43.343,0,,,0,8,30.838,8.8,938.1,101.7,1221.2,120.7,1221.2,-370.5,yes,pedestrian_not_in_crosswalk
30-834,834,30,truck,person,28.228,36.236,0,,,0,21,38.901,215.7,914.5,23.5,169.7,40.6,169.2,-370.5,yes,vehicle_not_moving
30-836,836,30,car,person,28.228,34.234,0,,,0,21,,780.7,780.7,0.0,169.2,31.4,169.2,-31.3,no,vehicle_not_moving
59-834,834,59,truck,person,28.228,44.444,0,,,0,96,13.039,29.6,1555.1,144.0,145.0,145.0,114.7,-370.5,yes,pedestrian_stationary
59-836,836,59,car,person,28.228,34.234,0,,,0,61,99.276,1035.8,1189.8,12.0,81.1,31.4,81.1,-31.3,no,pedestrian_stationary
113-834,834,113,truck,person,28.228,44.845,0,,,0,99,9.442,35.2,1492.3,188.8,188.9,188.9,121.1,-370.5,yes,vehicle_not_moving
113-836,836,113,car,person,28.228,34.234,0,,,0,61,112.531,1054.1,1160.9,10.4,85.6,31.4,85.6,-31.3,no,vehicle_not_moving
187-834,834,187,truck,person,28.228,52.152,0,,,0,96,5.838,0.2,724.9,172.6,269.1,269.1,216.0,-370.5,yes,pedestrian_not_in_crosswalk
207-834,834,207,truck,person,28.228,44.544,0,,,0,31,9.96,62.7,1478.7,177.0,177.8,177.8,118.2,-370.5,yes,pedestrian_not_in_crosswalk
207-836,836,207,car,person,28.228,34.234,0,,,0,7,125.26,1083.2,1169.6,9.4,90.7,31.4,90.7,-31.3,no,pedestrian_not_in_crosswalk
228-834,834,228,truck,person,28.228,50.25,0,,,0,154,5.892,13.7,938.0,184.9,267.7,267.7,225.8,-370.5,yes,vehicle_not_moving
228-836,836,228,car,person,28.228,34.234,0,,,0,61,4.698,62.3,1031.9,219.8,225.8,31.4,225.8,-31.3,no,vehicle_not_moving
455-834,834,455,truck,person,28.228,44.244,0,,,0,118,6.43,38.6,677.9,157.6,188.3,120.7,188.3,-370.5,yes,vehicle_not_moving
455-836,836,455,car,person,28.228,34.234,0,,,0,61,6.359,451.8,818.6,154.6,176.4,31.4,176.4,-31.3,no,vehicle_not_moving
14-841,841,14,car,person,28.328,38.438,0,,,0,37,7.487,70.1,1369.2,196.5,493.5,493.5,181.5,-165.0,yes,vehicle_not_moving
20-841,841,20,car,person,28.328,43.343,0,,,0,8,1.1,533.8,533.8,761.0,1707.5,506.3,1221.2,-165.0,yes,pedestrian_not_in_crosswalk
30-841,841,30,car,person,28.328,36.236,0,,,0,20,,2369.7,2369.7,0.0,307.1,302.8,169.2,-165.0,yes,vehicle_not_moving
59-841,841,59,car,person,28.328,44.444,0,,,0,95,5.026,1362.4,1362.8,328.4,613.1,506.3,114.7,-165.0,yes,pedestrian_stationary
113-841,841,113,car,person,28.328,44.845,0,,,0,98,5.482,1390.5,1395.9,323.3,598.3,506.3,121.1,-165.0,yes,vehicle_not_moving
187-841,841,187,car,person,28.328,52.152,0,,,0,96,4.057,1238.6,1296.5,502.2,651.2,506.3,216.0,-165.0,yes,pedestrian_not_in_crosswalk
207-841,841,207,car,person,28.328,44.544,0,,,0,31,5.122,1412.4,1414.4,367.5,606.6,506.3,118.2,-165.0,yes,pedestrian_not_in_crosswalk
228-841,841,228,car,person,28.328,50.25,0,,,0,153,4.577,1031.6,1257.0,357.4,562.7,506.3,225.8,-165.0,yes,vehicle_not_moving
455-841,841,455,car,person,28.328,44.244,0,,,0,117,4.677,942.5,976.8,301.5,440.1,506.3,188.3,-165.0,yes,vehicle_not_moving
14-845,845,14,car,person,28.428,32.332,0,,,0,36,,1540.3,1540.3,0.0,137.0,0.0,137.0,,no,vehicle_not_moving
14-847,847,14,bus,person,28.428,32.633,0,,,0,36,65.846,1269.1,1783.6,27.3,137.0,51.6,137.0,-211.8,yes,vehicle_not_moving
14-848,848,14,car,person,28.428,32.733,0,,,0,36,,1784.7,1784.7,0.0,137.0,75.8,137.0,31.6,no,vehicle_not_moving
30-845,845,30,car,person,28.428,32.332,0,,,0,19,7.728,408.4,436.4,68.7,169.2,0.0,169.2,,no,vehicle_not_moving
30-847,847,30,bus,person,28.428,32.633,0,,,0,19,45.975,926.1,932.7,20.4,173.8,51.6,169.2,-211.8,yes,vehicle_not_moving
30-848,848,30,car,person,28.428,32.733,0,,,0,19,,1189.5,1189.5,0.0,169.2,75.8,169.2,31.6,no,vehicle_not_moving
59-845,845,59,car,person,28.428,32.332,0,,,0,40,,1260.1,1260.1,0.0,69.3,0.0,69.3,,no,pedestrian_stationary
59-847,847,59,bus,person,28.428,32.633,0,,,0,43,79.482,1293.1,1578.3,19.9,81.1,51.6,81.1,-211.8,yes,pedestrian_stationary
59-848,848,59,car,person,28.428,32.733,0,,,0,44,,1664.8,1664.8,0.0,81.1,75.8,81.1,31.6,no,pedestrian_stationary
113-845,845,113,car,person,28.428,32.332,0,,,0,40,,1179.7,1179.7,0.0,43.0,0.0,43.0,,no,pedestrian_stationary
113-847,847,113,bus,person,28.428,32.633,0,,,0,43,86.592,1285.3,1518.5,17.6,57.1,51.6,57.1,-211.8,yes,pedestrian_stationary
113-848,848,113,car,person,28.428,32.733,0,,,0,44,,1631.1,1631.1,0.0,75.8,75.8,62.8,31.6,no,pedestrian_stationary
228-845,845,228,car,person,28.428,32.332,0,,,0,40,114.465,226.9,1275.5,11.1,23.9,0.0,23.9,,no,vehicle_not_moving
228-847,847,228,bus,person,28.428,32.633,0,,,0,43,8.916,291.1,1473.9,165.3,199.4,51.6,199.4,-211.8,yes,vehicle_not_moving
228-848,848,228,car,person,28.428,32.733,0,,,0,44,7.021,215.9,1526.4,217.5,225.8,75.8,225.8,31.6,no,vehicle_not_moving
455-845,845,455,car,person,28.428,32.332,0,,,0,40,10.697,84.7,1712.7,171.4,173.2,0.0,173.2,,no,vehicle_not_moving
455-847,847,455,bus,person,28.428,32.633,0,,,0,43,11.841,609.2,1651.7,157.2,173.2,51.6,173.2,-211.8,yes,vehicle_not_moving
455-848,848,455,car,person,28.428,32.733,0,,,0,44,12.058,875.2,1426.4,133.5,173.2,75.8,173.2,31.6,no,vehicle_not_moving
14-849,849,14,bus,person,28.529,38.438,0,,,0,35,7.689,610.1,1510.8,236.1,493.1,392.3,181.5,-114.5,yes,vehicle_not_moving
20-849,849,20,bus,person,28.529,43.343,0,,,0,8,4.132,17.9,729.9,373.7,1308.3,392.3,1221.2,-114.5,yes,pedestrian_not_in_crosswalk
30-849,849,30,bus,person,28.529,36.236,0,,,0,18,12.983,545.2,2386.7,210.3,270.9,392.3,169.2,-114.5,yes,vehicle_not_moving
59-849,849,59,bus,person,28.529,44.444,0,,,0,93,7.086,582.5,1679.6,294.5,413.2,392.3,114.7,-114.5,yes,pedestrian_stationary
113-849,849,113,bus,person,28.529,44.845,0,,,0,96,7.453,565.5,1693.1,295.7,392.3,392.3,121.1,-114.5,yes,pedestrian_stationary
187-849,849,187,bus,person,28.529,52.152,0,,,0,96,10.625,106.8,1543.0,265.1,347.7,392.3,216.0,-114.5,yes,pedestrian_not_in_crosswalk
207-849,849,207,bus,person,28.529,44.544,0,,,0,31,7.622,578.4,1701.1,296.6,392.3,392.3,118.2,-114.5,yes,pedestrian_not_in_crosswalk
228-849,849,228,bus,person,28.529,50.25,0,,,0,151,6.284,104.7,1412.9,292.8,392.3,392.3,225.8,-114.5,yes,vehicle_not_moving
455-849,849,455,bus,person,28.529,44.244,0,,,0,115,5.261,21.6,949.2,207.3,266.0,392.3,188.3,-114.5,yes,vehicle_not_moving
14-855,855,14,car,person,28.629,38.438,0,,,0,34,56.426,196.0,1364.8,24.6,181.5,45.1,181.5,-106.8,yes,vehicle_not_moving
20-855,855,20,car,person,28.629,43.343,0,,,0,8,11.743,11.4,591.9,53.7,1221.2,45.1,1221.2,-106.8,yes,pedestrian_not_in_crosswalk
30-855,855,30,car,person,28.629,36.236,0,,,0,17,,1500.5,1500.5,0.0,169.2,45.1,169.2,-106.8,yes,vehicle_not_moving
59-855,855,59,car,person,28.629,44.444,0,,,0,92,47.322,36.4,1468.5,31.1,119.5,45.1,114.7,-106.8,yes,pedestrian_stationary
113-855,855,113,car,person,28.629,44.845,0,,,0,95,45.565,33.8,1483.4,32.9,119.9,45.1,121.1,-106.8,yes,pedestrian_stationary
187-855,855,187,car,person,28.629,52.152,0,,,0,96,18.35,29.0,1358.9,92.1,216.0,45.1,216.0,-114.3,yes,pedestrian_not_in_crosswalk
207-855,855,207,car,person,28.629,44.544,0,,,0,31,45.637,29.7,1533.5,33.7,118.1,45.1,118.2,-106.8,yes,pedestrian_not_in_crosswalk
228-855,855,228,car,person,28.629,50.25,0,,,0,150,6.278,35.1,1276.5,203.3,225.8,45.1,225.8,-106.8,yes,vehicle_not_moving
455-855,855,455,car,person,28.629,44.244,0,,,0,114,9.619,536.6,652.0,81.9,188.3,45.1,188.3,-106.8,yes,vehicle_not_moving
14-867,867,14,car,person,28.929,32.833,0,,,0,31,,1539.6,1539.6,0.0,137.0,0.0,137.0,,no,vehicle_not_moving
30-867,867,30,car,person,28.929,32.833,0,,,0,14,8.418,407.4,435.4,60.6,169.2,0.0,169.2,,no,vehicle_not_moving
59-867,867,59,car,person,28.929,32.833,0,,,0,40,,1259.3,1259.3,0.0,81.1,0.0,81.1,,no,pedestrian_stationary
113-867,867,113,car,person,28.929,32.833,0,,,0,40,,1179.2,1179.2,0.0,66.2,0.0,66.2,,no,pedestrian_stationary
228-867,867,228,car,person,28.929,32.833,0,,,0,40,9.51,226.1,1213.0,127.6,225.8,0.0,225.8,,no,vehicle_not_moving
455-867,867,455,car,person,28.929,32.833,0,,,0,40,10.694,210.6,1631.7,171.4,173.2,0.0,173.2,,no,vehicle_not_moving
14-871,871,14,truck,person,29.029,32.933,0,,,0,30,,1779.0,1779.0,0.0,137.0,0.0,137.0,,no,pedestrian_stationary
30-871,871,30,truck,person,29.029,32.933,0,,,0,13,194.949,933.1,933.1,4.8,169.2,0.0,169.2,,no,vehicle_not_moving
59-871,871,59,truck,person,29.029,32.933,0,,,0,40,,1574.2,1574.2,0.0,81.1,0.0,81.1,,no,pedestrian_stationary
113-871,871,113,truck,person,29.029,32.933,0,,,0,40,,1515.0,1515.0,0.0,71.4,0.0,71.4,,no,pedestrian_stationary
228-871,871,228,truck,person,29.029,32.933,0,,,0,40,7.96,289.2,1469.4,184.7,225.8,0.0,225.8,,no,vehicle_not_moving
455-871,871,455,truck,person,29.029,32.933,0,,,0,40,11.779,724.7,1610.5,157.2,173.2,0.0,173.2,,no,vehicle_not_moving
14-892,892,14,car,person,29.63,38.438,0,,,0,24,2.824,909.5,1402.1,618.8,908.4,837.0,181.5,-271.7,yes,vehicle_not_moving
14-893,893,14,car,person,29.63,34.835,0,,,0,24,,1600.0,1600.0,0.0,167.9,56.5,167.9,0.0,no,vehicle_not_moving
20-892,892,20,car,person,29.63,39.84,0,,,0,8,2.092,68.0,443.4,825.5,1196.5,837.0,1196.5,-271.7,yes,pedestrian_not_in_crosswalk
30-892,892,30,car,person,29.63,36.236,0,,,0,7,4.403,208.3,1517.1,634.9,707.0,837.0,169.2,-271.7,yes,vehicle_not_moving
30-893,893,30,car,person,29.63,34.835,0,,,0,7,9.103,411.1,439.2,48.3,196.9,56.5,169.2,0.0,no,vehicle_not_moving
59-892,892,59,car,person,29.63,39.84,0,,,0,82,3.021,391.0,1361.7,679.0,837.0,837.0,114.7,-271.7,yes,pedestrian_stationary
59-893,893,59,car,person,29.63,34.835,0,,,0,53,,1264.4,1264.4,0.0,81.1,56.5,81.1,0.0,no,pedestrian_stationary
113-892,892,113,car,person,29.63,39.84,0,,,0,85,3.095,369.6,1356.6,689.4,837.0,837.0,121.1,-271.7,yes,pedestrian_stationary
113-893,893,113,car,person,29.63,34.835,0,,,0,53,170.156,822.1,1181.4,7.9,85.6,56.5,85.6,0.0,no,pedestrian_stationary
187-892,892,187,car,person,29.63,39.84,0,,,0,38,3.836,678.7,1253.9,715.4,775.2,837.0,216.0,-271.7,yes,pedestrian_not_in_crosswalk
207-892,892,207,car,person,29.63,39.84,0,,,0,31,3.168,380.6,1416.9,690.4,837.0,837.0,118.2,-271.7,yes,pedestrian_not_in_crosswalk
207-893,893,207,car,person,29.63,34.835,0,,,0,13,,1151.1,1151.1,0.0,90.7,56.5,90.7,0.0,no,pedestrian_not_in_crosswalk
228-892,892,228,car,person,29.63,39.84,0,,,0,103,2.823,337.0,1173.9,697.1,836.8,837.0,225.8,-271.7,yes,pedestrian_stationary
228-893,893,228,car,person,29.63,34.835,0,,,0,53,9.371,905.8,1226.3,130.9,225.8,56.5,225.8,0.0,no,pedestrian_stationary
455-892,892,455,car,person,29.63,39.84,0,,,0,103,1.319,71.6,403.3,670.6,705.4,837.0,188.3,-271.7,yes,vehicle_not_moving
455-893,893,455,car,person,29.63,34.835,0,,,0,53,8.041,227.4,1316.8,172.4,187.2,56.5,176.4,0.0,no,vehicle_not_moving
25-924,25,924,truck,person,31.131,99.6,0,,,0,181,11.228,4.1,1788.8,160.2,203.8,34.3,195.5,-107.7,yes,pedestrian_not_in_crosswalk
500-924,500,924,car,person,31.131,90.691,0,,,0,138,12.263,8.0,1280.5,153.1,195.5,38.8,195.5,-98.5,yes,pedestrian_not_in_crosswalk
683-924,683,924,bus,person,31.131,75.776,0,,,0,7,82.593,165.5,1769.0,36.8,211.2,214.7,44.8,-369.6,yes,pedestrian_not_in_crosswalk
849-924,849,924,bus,person,31.131,86.887,0,,,0,101,17.001,31.8,527.5,153.5,371.4,392.3,160.2,-390.3,yes,pedestrian_not_in_crosswalk
855-924,855,924,car,person,31.131,98.899,0,,,0,181,9.506,72.1,1613.4,171.8,178.5,158.5,195.5,-114.3,yes,pedestrian_not_in_crosswalk
14-933,933,14,car,person,31.431,38.438,0,,,0,6,3.241,1362.1,1363.1,532.8,967.6,862.0,181.5,-286.5,yes,vehicle_not_moving
14-935,935,14,car,person,31.431,36.737,0,,,0,6,,1772.4,1772.4,0.0,181.5,12.7,181.5,0.0,no,vehicle_not_moving
20-933,933,20,car,person,31.431,41.341,0,,,0,8,1.424,343.8,452.1,847.3,1221.2,862.0,1221.2,-286.5,yes,pedestrian_not_in_crosswalk
20-935,935,20,car,person,31.431,36.737,0,,,0,8,141.061,684.0,1002.9,7.1,353.5,12.7,353.5,0.0,no,pedestrian_not_in_crosswalk
59-933,933,59,car,person,31.431,41.341,0,,,0,64,2.824,1285.3,1373.7,719.0,929.9,862.0,114.7,-286.5,yes,pedestrian_stationary
59-935,935,59,car,person,31.431,36.737,0,,,0,54,,1282.8,1282.8,0.0,109.4,12.7,109.4,0.0,no,pedestrian_stationary
113-933,933,113,car,person,31.431,41.341,0,,,0,67,2.918,1265.3,1383.3,723.9,905.0,862.0,121.1,-286.5,yes,pedestrian_stationary
113-935,935,113,car,person,31.431,36.737,0,,,0,54,169.222,816.4,1196.6,7.9,100.8,12.7,100.8,0.0,no,pedestrian_stationary
187-933,933,187,car,person,31.431,41.341,0,,,0,53,3.855,1048.1,1251.8,740.1,823.7,862.0,145.4,-286.5,yes,pedestrian_not_in_crosswalk
187-935,935,187,car,person,31.431,36.737,0,,,0,7,18.183,394.8,394.8,25.0,134.1,12.7,134.1,0.0,no,pedestrian_not_in_crosswalk
207-933,933,207,car,person,31.431,41.341,0,,,0,31,3.088,1304.2,1432.4,705.8,891.1,862.0,118.2,-286.5,yes,pedestrian_not_in_crosswalk
207-935,935,207,car,person,31.431,36.737,0,,,0,27,,1165.4,1165.4,0.0,104.1,12.7,104.1,0.0,no,pedestrian_not_in_crosswalk
228-933,933,228,car,person,31.431,41.341,0,,,0,100,2.624,105.6,1191.9,690.6,862.0,862.0,225.8,-286.5,yes,vehicle_not_moving
228-935,935,228,car,person,31.431,36.737,0,,,0,54,8.77,247.4,1220.1,139.1,238.3,12.7,225.8,0.0,no,vehicle_not_moving
455-933,933,455,car,person,31.431,41.341,0,,,0,86,1.689,429.1,578.8,678.8,733.1,862.0,188.3,-286.5,yes,vehicle_not_moving
455-935,935,455,car,person,31.431,36.737,0,,,0,54,6.11,126.4,996.6,181.3,188.3,12.7,188.3,0.0,no,vehicle_not_moving
14-945,945,14,car,person,31.732,38.438,0,,,0,3,3.955,1406.6,1416.1,474.6,751.8,632.0,181.5,-149.7,yes,vehicle_not_moving
20-945,945,20,car,person,31.732,43.043,0,,,0,8,1.703,395.7,541.0,618.7,1348.1,632.0,1221.2,-149.7,yes,pedestrian_not_in_crosswalk
59-945,945,59,car,person,31.732,43.043,0,,,0,61,4.22,1352.3,1468.2,533.6,701.7,632.0,114.7,-149.7,yes,vehicle_not_moving
113-945,945,113,car,person,31.732,43.043,0,,,0,64,4.072,1297.3,1475.8,561.1,689.1,632.0,121.1,-149.7,yes,pedestrian_stationary
187-945,945,187,car,person,31.732,43.043,0,,,0,70,4.732,1024.5,1317.5,559.1,632.1,632.0,145.4,-149.7,yes,pedestrian_not_in_crosswalk
207-945,945,207,car,person,31.732,43.043,0,,,0,31,4.369,1375.7,1540.8,544.0,671.2,632.0,118.2,-149.7,yes,pedestrian_not_in_crosswalk
228-945,945,228,car,person,31.732,43.043,0,,,0,114,3.567,56.6,1258.4,579.4,595.6,632.0,225.8,-149.7,yes,vehicle_not_moving
455-945,945,455,car,person,31.732,43.043,0,,,0,83,3.142,576.7,820.8,453.9,499.0,632.0,188.3,-149.7,yes,vehicle_not_moving
20-979,979,20,car,person,32.733,43.343,0,,,0,8,1.541,6.4,542.7,740.3,1416.1,636.9,1221.2,-200.7,yes,pedestrian_not_in_crosswalk
59-979,979,59,car,person,32.733,44.444,0,,,0,51,4.238,1125.6,1480.1,504.9,670.0,636.9,114.7,-200.7,yes,vehicle_not_moving
113-979,979,113,car,person,32.733,44.845,0,,,0,54,4.178,1003.5,1488.9,528.9,710.7,636.9,121.1,-200.7,yes,vehicle_not_moving
187-979,979,187,car,person,32.733,45.746,0,,,0,96,4.229,740.3,1279.3,653.8,703.4,636.9,145.4,-200.7,yes,pedestrian_not_in_crosswalk
207-979,979,207,car,person,32.733,44.544,0,,,0,31,4.083,1174.3,1554.7,554.0,724.6,636.9,118.2,-200.7,yes,pedestrian_not_in_crosswalk
228-979,979,228,car,person,32.733,45.746,0,,,0,109,3.735,217.8,1228.7,523.7,650.2,636.9,225.8,-200.7,yes,vehicle_not_moving
455-979,979,455,car,person,32.733,44.244,0,,,0,73,3.492,367.0,924.0,428.2,481.6,636.9,188.3,-200.7,yes,vehicle_not_moving
20-987,987,20,car,person,32.833,42.042,0,,,0,8,5.963,96.9,751.0,131.3,1221.2,152.3,1221.2,-54.6,yes,pedestrian_not_in_crosswalk
59-987,987,59,car,person,32.833,42.042,0,,,0,50,15.143,962.8,1485.3,101.1,130.0,152.3,114.7,-54.6,yes,vehicle_not_moving
113-987,987,113,car,person,32.833,42.042,0,,,0,53,15.28,882.2,1419.4,96.7,132.9,152.3,121.1,-54.6,yes,vehicle_not_moving
187-987,987,187,car,person,32.833,42.042,0,,,0,60,11.418,662.7,1035.3,90.8,145.4,152.3,145.4,-54.6,yes,pedestrian_not_in_crosswalk
207-987,987,207,car,person,32.833,42.042,0,,,0,31,17.906,1086.3,1442.8,81.9,124.9,152.3,118.2,-54.6,yes,pedestrian_not_in_crosswalk
228-987,987,228,car,person,32.833,42.042,0,,,0,93,6.335,40.4,1226.5,222.6,224.8,152.3,224.4,-54.6,yes,vehicle_not_moving
455-987,987,455,car,person,32.833,42.042,0,,,0,72,4.307,456.1,674.3,276.3,295.9,152.3,188.3,-54.6,yes,vehicle_not_moving
20-993,993,20,car,person,33.033,43.343,0,,,0,8,2.213,566.7,566.7,831.6,1767.0,1041.6,1221.2,-1041.1,yes,pedestrian_not_in_crosswalk
59-993,993,59,car,person,33.033,44.444,0,,,0,48,0.3,8.4,76.6,911.3,1141.3,1041.6,114.7,-1041.1,yes,vehicle_not_moving
113-993,993,113,car,person,33.033,44.845,0,,,0,51,0.167,19.2,61.4,940.7,1121.0,1041.6,121.1,-1041.1,yes,vehicle_not_moving
187-993,993,187,car,person,33.033,45.345,0,,,0,93,1.081,9.3,372.5,927.7,1132.5,1041.6,145.4,-1041.1,yes,pedestrian_not_in_crosswalk
207-993,993,207,car,person,33.033,44.544,0,,,0,31,0.15,2.9,40.2,967.9,1136.4,1041.6,118.2,-1041.1,yes,pedestrian_not_in_crosswalk
228-993,993,228,car,person,33.033,45.345,0,,,0,106,1.119,8.0,328.6,876.1,1096.2,1041.6,198.2,-1041.1,yes,vehicle_not_moving
455-993,993,455,car,person,33.033,44.244,0,,,0,70,2.574,813.9,814.8,583.9,1041.6,1041.6,188.3,-1041.1,yes,vehicle_not_moving
20-996,996,20,truck,person,33.133,37.638,0,,,0,8,,1015.7,1015.7,0.0,495.6,10.6,495.6,0.0,no,pedestrian_not_in_crosswalk
59-996,996,59,truck,person,33.133,37.638,0,,,0,46,,1386.5,1386.5,0.0,110.6,10.6,110.6,0.0,no,vehicle_not_moving
113-996,996,113,truck,person,33.133,37.638,0,,,0,46,166.924,802.1,1271.1,7.9,121.1,10.6,121.1,0.0,no,vehicle_not_moving
187-996,996,187,truck,person,33.133,37.638,0,,,0,16,18.058,417.7,439.6,24.4,134.1,10.6,134.1,0.0,no,pedestrian_not_in_crosswalk
207-996,996,207,truck,person,33.133,37.638,0,,,0,31,,1235.9,1235.9,0.0,118.2,10.6,118.2,0.0,no,pedestrian_not_in_crosswalk
228-996,996,228,truck,person,33.133,37.638,0,,,0,46,33.658,1032.0,1239.9,37.0,119.9,10.6,119.9,0.0,no,vehicle_not_moving
455-996,996,455,truck,person,33.133,37.638,0,,,0,46,5.559,180.1,848.8,181.9,188.3,10.6,188.3,0.0,no,vehicle_not_moving
20-1016,1016,20,car,person,34.034,38.238,0,,,0,8,,1110.2,1110.2,0.0,640.8,0.0,640.8,0.0,no,pedestrian_not_in_crosswalk
59-1016,1016,59,car,person,34.034,38.238,0,,,0,38,,1414.1,1414.1,0.0,110.6,0.0,110.6,0.0,no,vehicle_not_moving
113-1016,1016,113,car,person,34.034,38.238,0,,,0,41,168.214,810.3,1325.5,7.9,121.1,0.0,121.1,0.0,no,vehicle_not_moving
187-1016,1016,187,car,person,34.034,38.238,0,,,0,22,18.058,424.2,447.4,24.8,134.1,0.0,134.1,0.0,no,pedestrian_not_in_crosswalk
207-1016,1016,207,car,person,34.034,38.238,0,,,0,27,,1300.7,1300.7,0.0,118.2,0.0,118.2,0.0,no,vehicle_not_moving
228-1016,1016,228,car,person,34.034,38.238,0,,,0,43,33.466,1032.1,1248.1,37.4,115.0,0.0,115.0,0.0,no,vehicle_not_moving
455-1016,1016,455,car,person,34.034,38.238,0,,,0,43,4.608,215.4,758.4,181.6,188.3,0.0,188.3,0.0,no,vehicle_not_moving
20-1037,1037,20,car,person,34.935,39.439,0,,,0,8,,1258.7,1258.7,0.0,1105.0,0.0,1105.0,0.0,no,pedestrian_not_in_crosswalk
59-1037,1037,59,car,person,34.935,39.439,0,,,0,29,,1409.9,1409.9,0.0,114.7,0.0,114.7,0.0,no,vehicle_not_moving
113-1037,1037,113,car,person,34.935,39.439,0,,,0,32,,1320.4,1320.4,0.0,121.1,0.0,121.1,0.0,no,vehicle_not_moving
187-1037,1037,187,car,person,34.935,39.439,0,,,0,34,,503.1,503.1,0.0,145.4,0.0,145.4,0.0,no,pedestrian_not_in_crosswalk
207-1037,1037,207,car,person,34.935,39.439,0,,,0,18,,1294.5,1294.5,0.0,118.2,0.0,118.2,0.0,no,vehicle_not_moving
228-1037,1037,228,car,person,34.935,39.439,0,,,0,46,70.335,144.8,1243.2,18.5,115.0,0.0,115.0,0.0,no,vehicle_not_moving
455-1037,1037,455,car,person,34.935,39.439,0,,,0,46,3.89,275.1,582.7,181.9,188.3,0.0,188.3,0.0,no,vehicle_not_moving
20-1055,1055,20,car,person,35.535,43.343,0,,,0,8,1.252,50.7,608.6,768.8,1631.7,479.9,1221.2,-177.0,yes,vehicle_not_moving
59-1055,1055,59,car,person,35.535,43.944,0,,,0,23,5.813,133.2,1459.5,361.9,580.7,479.9,114.7,-177.0,yes,vehicle_not_moving
113-1055,1055,113,car,person,35.535,43.944,0,,,0,26,5.91,121.4,1482.0,360.6,590.6,479.9,121.1,-177.0,yes,vehicle_not_moving
187-1055,1055,187,car,person,35.535,43.944,0,,,0,79,4.593,153.2,1481.3,525.1,608.4,479.9,145.4,-177.0,yes,pedestrian_not_in_crosswalk
207-1055,1055,207,car,person,35.535,43.944,0,,,0,12,5.879,79.9,1509.9,373.2,579.9,479.9,118.2,-177.0,yes,vehicle_not_moving
228-1055,1055,228,car,person,35.535,43.944,0,,,0,81,4.818,1.0,1307.7,419.4,533.6,479.9,198.2,-177.0,yes,vehicle_not_moving
455-1055,1055,455,car,person,35.535,43.944,0,,,0,45,7.362,1084.2,1572.8,282.5,359.0,479.9,188.3,-177.0,yes,vehicle_not_moving
20-1058,1058,20,car,person,35.636,43.343,0,,,0,7,1.108,565.1,619.1,914.9,1658.2,670.5,1221.2,-216.6,yes,vehicle_not_moving
59-1058,1058,59,car,person,35.636,44.444,0,,,0,22,3.948,1468.0,1470.8,509.4,756.8,670.5,114.7,-216.6,yes,vehicle_not_moving
113-1058,1058,113,car,person,35.636,44.845,0,,,0,25,4.051,1486.3,1486.4,508.5,753.6,670.5,121.1,-216.6,yes,vehicle_not_moving
187-1058,1058,187,car,person,35.636,46.947,0,,,0,96,3.437,1160.3,1270.1,693.5,788.6,670.5,145.4,-216.6,yes,pedestrian_not_in_crosswalk
207-1058,1058,207,car,person,35.636,44.544,0,,,0,11,4.103,1499.8,1503.2,526.0,763.6,670.5,118.2,-216.6,yes,vehicle_not_moving
228-1058,1058,228,car,person,35.636,46.947,0,,,0,80,3.227,1040.1,1198.6,580.1,700.3,670.5,198.2,-216.6,yes,vehicle_not_moving
455-1058,1058,455,car,person,35.636,44.244,0,,,0,44,4.112,882.1,931.6,452.8,517.5,670.5,188.3,-216.6,yes,vehicle_not_moving
20-1063,1063,20,car,person,35.936,40.34,0,,,0,4,,1499.2,1499.2,0.0,1221.2,0.0,1221.2,0.0,no,vehicle_not_moving
59-1063,1063,59,car,person,35.936,40.34,0,,,0,19,,1453.4,1453.4,0.0,114.7,0.0,114.7,0.0,no,vehicle_not_moving
113-1063,1063,113,car,person,35.936,40.34,0,,,0,22,,1364.2,1364.2,0.0,121.1,0.0,121.1,0.0,no,vehicle_not_moving
187-1063,1063,187,car,person,35.936,40.34,0,,,0,43,,568.9,568.9,0.0,145.4,0.0,145.4,0.0,no,pedestrian_not_in_crosswalk
207-1063,1063,207,car,person,35.936,40.34,0,,,0,10,,1342.7,1342.7,0.0,118.2,0.0,118.2,0.0,no,vehicle_not_moving
228-1063,1063,228,car,person,35.936,40.34,0,,,0,45,34.407,147.9,1269.3,38.1,102.4,0.0,102.4,0.0,no,vehicle_not_moving
455-1063,1063,455,car,person,35.936,40.34,0,,,0,41,3.658,283.5,478.7,182.1,188.3,0.0,188.3,0.0,no,vehicle_not_moving
59-1074,1074,59,car,person,36.436,44.444,0,,,0,14,6.443,765.8,863.0,156.0,788.2,788.2,114.7,-679.2,yes,vehicle_not_moving
113-1074,1074,113,car,person,36.436,44.845,0,,,0,17,7.978,895.0,920.0,127.1,788.2,788.2,121.1,-679.2,yes,vehicle_not_moving
187-1074,1074,187,car,person,36.436,46.747,0,,,0,93,14.526,1.3,850.0,104.1,687.2,788.2,145.4,-679.2,yes,vehicle_not_moving
207-1074,1074,207,car,person,36.436,44.544,0,,,0,6,8.268,824.2,947.1,124.8,788.2,788.2,118.2,-679.2,yes,pedestrian_not_in_crosswalk
228-1074,1074,228,car,person,36.436,46.747,0,,,0,72,6.749,2.8,745.7,129.0,711.3,788.2,198.2,-679.2,yes,vehicle_not_moving
455-1074,1074,455,car,person,36.436,44.244,0,,,0,36,2.994,336.6,339.5,135.6,788.2,788.2,187.0,-679.2,yes,vehicle_not_moving
59-1081,1081,59,car,person,36.637,44.444,0,,,0,12,10.781,865.4,1342.3,142.1,227.3,227.3,114.7,-49.4,yes,vehicle_not_moving
113-1081,1081,113,car,person,36.637,44.845,0,,,0,15,11.582,14.5,1284.8,137.6,229.5,229.5,121.1,-49.4,yes,vehicle_not_moving
187-1081,1081,187,car,person,36.637,52.152,0,,,0,91,34.87,681.5,1137.5,34.4,512.0,512.0,145.4,-552.6,yes,vehicle_not_moving
207-1081,1081,207,car,person,36.637,44.544,0,,,0,6,11.814,45.0,1312.2,132.6,227.3,227.3,118.2,-49.4,yes,vehicle_not_moving
228-1081,1081,228,car,person,36.637,50.25,0,,,0,70,9.473,12.9,1137.1,139.6,506.5,506.5,198.2,-49.4,yes,vehicle_not_moving
455-1081,1081,455,car,person,36.637,44.244,0,,,0,34,5.602,739.4,776.4,169.6,278.5,227.3,187.0,-49.4,yes,vehicle_not_moving
59-1085,1085,59,truck,person,36.737,41.441,0,,,0,11,,1539.3,1539.3,0.0,114.7,0.0,114.7,0.0,no,vehicle_not_moving
113-1085,1085,113,truck,person,36.737,41.441,0,,,0,14,,1437.2,1437.2,0.0,121.1,0.0,121.1,0.0,no,vehicle_not_moving
187-1085,1085,187,truck,person,36.737,41.441,0,,,0,48,,645.9,645.9,0.0,145.4,0.0,145.4,0.0,no,vehicle_not_moving
207-1085,1085,207,truck,person,36.737,41.441,0,,,0,5,,1421.1,1421.1,0.0,118.2,0.0,118.2,0.0,no,vehicle_not_moving
228-1085,1085,228,truck,person,36.737,41.441,0,,,0,48,34.341,146.5,1280.9,38.2,198.2,0.0,198.2,0.0,no,vehicle_not_moving
455-1085,1085,455,truck,person,36.737,41.441,0,,,0,33,3.674,289.8,479.6,172.1,187.0,0.0,187.0,0.0,no,vehicle_not_moving
59-1094,1094,59,car,person,37.137,44.444,0,,,0,7,11.105,767.4,1112.8,103.6,861.2,861.2,114.7,-805.4,yes,vehicle_not_moving
113-1094,1094,113,car,person,37.137,44.845,0,,,0,10,13.876,949.8,1146.0,87.0,861.2,861.2,121.1,-805.4,yes,vehicle_not_moving
187-1094,1094,187,car,person,37.137,48.248,0,,,0,86,18.951,428.5,1065.8,118.5,746.1,861.2,145.4,-805.4,yes,vehicle_not_moving
207-1094,1094,207,car,person,37.137,44.544,0,,,0,1,15.506,755.1,1176.8,77.6,861.2,861.2,118.2,-805.4,yes,vehicle_not_moving
228-1094,1094,228,car,person,37.137,48.248,0,,,0,65,9.674,326.5,953.7,99.5,755.1,861.2,198.2,-805.4,yes,vehicle_not_moving
455-1094,1094,455,car,person,37.137,44.244,0,,,0,29,,549.9,549.9,0.0,861.2,861.2,187.0,-805.4,yes,vehicle_not_moving
59-1099,1099,59,car,person,37.437,44.444,0,,,0,4,7.044,259.8,968.0,158.8,560.2,560.2,114.7,-228.8,yes,vehicle_not_moving
113-1099,1099,113,car,person,37.437,44.845,0,,,0,7,7.952,630.4,1005.1,140.2,598.8,598.8,121.1,-228.8,yes,vehicle_not_moving
187-1099,1099,187,car,person,37.437,50.35,0,,,0,83,14.687,98.5,946.9,142.7,537.9,637.5,145.4,-642.4,yes,vehicle_not_moving
228-1099,1099,228,car,person,37.437,50.25,0,,,0,62,5.133,640.3,905.0,177.1,584.8,637.5,198.2,-642.4,yes,vehicle_not_moving
455-1099,1099,455,car,person,37.437,44.244,0,,,0,26,6.8,505.5,533.1,78.8,541.9,541.9,187.0,-228.8,yes,vehicle_not_moving
113-1104,1104,113,car,person,37.838,41.842,0,,,0,3,,1563.2,1563.2,0.0,114.5,0.0,114.5,,no,vehicle_not_moving
187-1104,1104,187,car,person,37.838,41.842,0,,,0,41,,762.8,762.8,0.0,145.4,0.0,145.4,,no,vehicle_not_moving
228-1104,1104,228,car,person,37.838,41.842,0,,,0,41,34.239,144.4,1314.5,38.4,198.2,0.0,198.2,,no,vehicle_not_moving
455-1104,1104,455,car,person,37.838,41.842,0,,,0,22,3.7,292.5,481.0,171.9,187.0,0.0,187.0,,no,vehicle_not_moving
187-1115,1115,187,car,person,38.138,52.152,0,,,0,76,4.431,8.4,1473.7,546.7,674.4,564.7,145.4,-110.3,yes,vehicle_not_moving
228-1115,1115,228,car,person,38.138,50.25,0,,,0,55,4.234,320.6,1495.2,424.9,598.8,564.7,198.2,-110.3,yes,vehicle_not_moving
455-1115,1115,455,car,person,38.138,44.244,0,,,0,19,5.38,747.5,1227.4,378.7,449.6,564.7,186.0,-110.3,yes,vehicle_not_moving
187-1122,1122,187,car,person,38.338,51.652,0,,,0,74,11.237,0.1,676.1,142.9,462.0,575.0,145.4,-323.9,yes,vehicle_not_moving
228-1122,1122,228,car,person,38.338,50.25,0,,,0,53,3.787,157.0,678.1,244.6,507.1,575.0,198.2,-323.9,yes,vehicle_not_moving
455-1122,1122,455,car,person,38.338,44.244,0,,,0,17,2.718,399.4,402.0,187.3,575.0,575.0,186.0,-323.9,yes,vehicle_not_moving
187-1152,1152,187,car,person,39.239,52.152,0,,,0,65,19.721,66.3,673.7,36.6,417.2,336.4,142.9,-319.3,yes,vehicle_not_moving
228-1152,1152,228,car,person,39.239,50.25,0,,,0,44,6.06,41.5,902.6,158.3,407.2,336.4,198.2,-319.3,yes,vehicle_not_moving
455-1152,1152,455,car,person,39.239,44.244,0,,,0,8,7.437,283.4,283.4,40.7,249.8,144.8,177.9,-154.4,yes,vehicle_not_moving
187-1168,1168,187,car,person,39.64,43.844,0,,,0,43,,951.0,951.0,0.0,120.3,0.0,120.3,0.0,no,vehicle_not_moving
228-1168,1168,228,car,person,39.64,43.844,0,,,0,40,34.469,912.0,1311.8,38.1,198.2,0.0,198.2,0.0,no,vehicle_not_moving
455-1168,1168,455,car,person,39.64,43.844,0,,,0,4,3.648,289.7,478.4,140.0,177.9,0.0,177.9,0.0,no,vehicle_not_moving
187-1172,1172,187,car,person,39.74,45.145,0,,,0,55,,1168.3,1168.3,0.0,132.5,90.1,132.5,0.0,no,vehicle_not_moving
228-1172,1172,228,car,person,39.74,45.145,0,,,0,39,11.308,28.6,1343.8,118.8,192.2,90.1,198.2,0.0,no,vehicle_not_moving
455-1172,1172,455,car,person,39.74,44.244,0,,,0,3,100.036,719.8,719.8,7.2,208.7,90.1,177.9,0.0,no,vehicle_not_moving
187-1175,1175,187,car,person,40.04,52.152,0,,,0,57,12.361,808.1,839.4,73.3,423.9,530.6,142.9,-489.4,yes,vehicle_not_moving
187-1176,1176,187,car,person,40.04,51.752,0,,,0,57,15.36,443.1,1061.6,139.8,524.1,606.3,142.9,-674.9,yes,vehicle_not_moving
228-1175,1175,228,car,person,40.04,50.25,0,,,0,36,4.921,172.6,874.4,230.2,480.3,530.6,198.2,-489.4,yes,vehicle_not_moving
228-1176,1176,228,car,person,40.04,50.25,0,,,0,36,5.646,190.2,1065.6,189.2,606.3,606.3,198.2,-674.9,yes,vehicle_not_moving
187-1210,1210,187,car,person,40.841,50.25,0,,,0,49,14.988,0.2,836.0,142.9,497.4,608.3,142.9,-598.8,yes,vehicle_not_moving
187-1212,1212,187,car,person,40.841,52.152,0,,,0,49,22.652,977.8,1005.4,44.8,377.7,456.1,142.9,-307.5,yes,vehicle_not_moving
228-1210,1210,228,car,person,40.841,50.25,0,,,0,28,89.429,788.7,788.7,8.9,552.1,608.3,198.2,-598.8,yes,vehicle_not_moving
228-1212,1212,228,car,person,40.841,50.25,0,,,0,28,18.708,1033.6,1034.3,63.5,444.6,456.1,198.2,-307.5,yes,vehicle_not_moving
187-1236,1236,187,truck,person,41.541,45.445,0,,,0,40,17.504,932.5,1477.5,95.1,132.5,0.0,132.5,,no,vehicle_not_moving
228-1236,1236,228,truck,person,41.541,45.445,0,,,0,21,20.625,324.4,1311.6,64.8,127.6,0.0,127.6,,no,vehicle_not_moving
187-1249,1249,187,car,person,41.842,45.846,0,,,0,39,,1188.8,1188.8,0.0,132.5,0.0,132.5,,no,vehicle_not_moving
228-1249,1249,228,car,person,41.842,45.846,0,,,0,18,,1479.7,1479.7,0.0,127.6,0.0,127.6,,no,vehicle_not_moving
187-1250,1250,187,truck,person,41.942,45.846,0,,,0,38,18.928,941.8,1676.7,100.1,132.5,0.0,132.5,,no,vehicle_not_moving
228-1250,1250,228,truck,person,41.942,45.846,0,,,0,17,19.747,178.0,1504.2,76.2,127.6,0.0,127.6,,no,vehicle_not_moving
187-1261,1261,187,car,person,42.242,52.152,0,,,0,35,6.34,536.8,775.5,143.6,367.7,456.1,142.9,-122.9,yes,vehicle_not_moving
228-1261,1261,228,car,person,42.242,50.25,0,,,0,14,3.902,701.1,701.1,227.3,427.0,456.1,127.6,-100.5,yes,vehicle_not_moving
187-1279,1279,187,car,person,42.543,47.547,0,,,0,32,,1271.1,1271.1,0.0,132.5,0.0,132.5,0.0,no,vehicle_not_moving
187-1280,1280,187,car,person,42.543,52.152,0,,,0,32,20.156,870.1,1041.9,54.6,382.9,428.7,142.9,-262.3,yes,vehicle_not_moving
228-1279,1279,228,car,person,42.543,47.547,0,,,0,11,,1549.0,1549.0,0.0,127.6,0.0,127.6,0.0,no,vehicle_not_moving
228-1280,1280,228,car,person,42.543,50.25,0,,,0,11,7.343,926.6,975.4,162.0,428.7,428.7,127.6,-81.9,yes,vehicle_not_moving
187-1283,1283,187,truck,person,42.643,47.047,0,,,0,31,23.272,0.7,2150.0,103.9,255.8,339.0,132.5,112.4,no,vehicle_not_moving
228-1283,1283,228,truck,person,42.643,47.047,0,,,0,10,23.483,1.3,2046.3,87.7,280.3,339.0,127.6,112.4,no,vehicle_not_moving
187-1287,1287,187,car,person,42.743,52.152,0,,,0,30,12.088,915.1,1116.8,106.3,415.1,415.1,142.9,-54.4,yes,vehicle_not_moving
228-1287,1287,228,car,person,42.743,50.25,0,,,0,9,9.466,709.9,1119.4,166.3,324.5,324.5,127.6,-54.4,yes,vehicle_not_moving
187-1289,1289,187,car,person,42.843,47.247,0,,,0,29,,1420.1,1420.1,0.0,132.5,171.2,132.5,-15.0,no,vehicle_not_moving
228-1289,1289,228,car,person,42.843,47.247,0,,,0,8,177.336,1634.8,1640.0,9.2,131.6,171.2,127.6,-15.0,no,vehicle_not_moving
22-1299,22,1299,car,person,43.343,49.249,0,,,0,34,7.459,88.8,1105.3,157.7,325.8,400.9,192.6,-434.2,yes,pedestrian_not_in_crosswalk
25-1299,25,1299,truck,person,43.343,68.769,0,,,0,114,3.487,4.1,144.7,189.0,200.3,24.3,200.3,-104.3,yes,pedestrian_not_in_crosswalk
472-1299,472,1299,car,person,43.343,48.549,0,,,0,27,,1344.0,1344.0,0.0,768.8,669.3,192.6,-666.2,yes,pedestrian_not_in_crosswalk
500-1299,500,1299,car,person,43.343,68.769,0,,,0,114,10.74,1002.4,1354.4,145.8,200.3,19.8,200.3,-82.8,yes,pedestrian_not_in_crosswalk
683-1299,683,1299,bus,person,43.343,68.769,0,,,0,114,8.118,6.4,1075.2,148.4,200.3,138.5,200.3,-369.6,yes,pedestrian_not_in_crosswalk
695-1299,695,1299,bus,person,43.343,48.949,0,,,0,31,,1174.4,1174.4,0.0,780.7,708.0,192.6,-654.2,yes,pedestrian_not_in_crosswalk
766-1299,766,1299,car,person,43.343,46.947,0,,,0,11,,1793.6,1793.6,0.0,497.5,399.5,166.9,-924.0,yes,pedestrian_not_in_crosswalk
834-1299,834,1299,truck,person,43.343,63.463,0,,,0,114,3.818,98.4,722.7,331.2,722.1,601.3,192.6,-750.6,yes,pedestrian_not_in_crosswalk
841-1299,841,1299,car,person,43.343,52.753,0,,,0,69,13.624,167.1,1454.2,129.3,261.3,261.3,192.6,-60.5,yes,pedestrian_not_in_crosswalk
849-1299,849,1299,bus,person,43.343,68.769,0,,,0,114,13.193,791.5,1486.3,117.9,192.6,97.0,200.3,-84.6,yes,pedestrian_not_in_crosswalk
855-1299,855,1299,car,person,43.343,68.769,0,,,0,114,12.582,1164.7,1433.7,119.3,200.3,29.8,200.3,-114.3,yes,pedestrian_not_in_crosswalk
1058-1299,1058,1299,car,person,43.343,46.947,0,,,0,11,11.782,705.2,1811.3,153.7,174.7,184.8,166.9,-67.8,yes,pedestrian_not_in_crosswalk
1074-1299,1074,1299,car,person,43.343,46.747,0,,,0,9,,1618.1,1618.1,0.0,292.3,292.3,144.6,-679.2,yes,pedestrian_not_in_crosswalk
1081-1299,1081,1299,car,person,43.343,55.556,0,,,0,97,7.638,1004.4,1066.4,187.4,665.8,512.0,192.6,-552.6,yes,pedestrian_not_in_crosswalk
1094-1299,1094,1299,car,person,43.343,48.248,0,,,0,24,,1383.7,1383.7,0.0,961.4,861.2,192.6,-805.4,yes,pedestrian_not_in_crosswalk
1099-1299,1099,1299,car,person,43.343,50.35,0,,,0,45,43.789,851.2,851.9,19.5,765.0,637.5,192.6,-642.4,yes,pedestrian_not_in_crosswalk
1115-1299,1115,1299,car,person,43.343,52.753,0,,,0,69,14.71,138.1,1397.1,111.8,318.9,318.9,192.6,-56.5,yes,pedestrian_not_in_crosswalk
1122-1299,1122,1299,car,person,43.343,51.652,0,,,0,58,2.031,487.5,511.2,285.7,667.7,575.0,192.6,-211.3,yes,pedestrian_not_in_crosswalk
1152-1299,1152,1299,car,person,43.343,52.553,0,,,0,67,7.159,76.8,775.0,178.7,306.7,336.4,192.6,-319.3,yes,pedestrian_not_in_crosswalk
1175-1299,1175,1299,car,person,43.343,52.953,0,,,0,71,2.784,661.6,720.3,322.5,660.8,530.6,192.6,-489.4,yes,pedestrian_not_in_crosswalk
1176-1299,1176,1299,car,person,43.343,51.752,0,,,0,59,7.412,977.6,1030.2,150.6,769.6,606.3,192.6,-674.9,yes,pedestrian_not_in_crosswalk
1210-1299,1210,1299,car,person,43.343,50.25,0,,,0,44,,720.5,720.5,0.0,732.4,608.3,192.6,-598.8,yes,pedestrian_not_in_crosswalk
1212-1299,1212,1299,car,person,43.343,54.254,0,,,0,84,4.529,859.1,923.1,251.9,621.4,456.1,192.6,-307.5,yes,pedestrian_not_in_crosswalk
1261-1299,1261,1299,car,person,43.343,55.556,0,,,0,97,2.499,567.4,662.1,407.0,599.8,456.1,192.6,-122.9,yes,pedestrian_not_in_crosswalk
1279-1299,1279,1299,car,person,43.343,47.547,0,,,0,17,8.58,23.7,1574.7,189.0,192.6,0.0,192.6,0.0,no,pedestrian_not_in_crosswalk
1280-1299,1280,1299,car,person,43.343,56.356,0,,,0,105,4.793,824.5,929.3,261.8,608.0,428.7,192.6,-262.3,yes,pedestrian_not_in_crosswalk
1283-1299,1283,1299,truck,person,43.343,47.047,0,,,0,12,,1714.9,1714.9,0.0,441.8,339.0,181.6,112.4,no,pedestrian_not_in_crosswalk
1287-1299,1287,1299,car,person,43.343,66.466,0,,,0,114,4.777,941.0,1027.0,253.3,530.5,420.4,200.3,-387.7,yes,pedestrian_not_in_crosswalk
1289-1299,1289,1299,car,person,43.343,47.247,0,,,0,14,8.57,366.3,1599.1,186.6,273.4,170.9,192.6,-15.0,no,pedestrian_not_in_crosswalk
187-1302,1302,187,car,person,43.443,52.152,0,,,0,23,6.373,856.4,856.4,188.7,351.7,443.8,142.9,-104.9,yes,vehicle_not_moving
228-1302,1302,228,car,person,43.443,50.25,0,,,0,2,4.273,766.3,810.5,281.8,418.4,443.8,127.6,-104.9,yes,vehicle_not_moving
1299-1302,1302,1299,car,person,43.443,57.858,0,,,0,114,3.053,746.7,746.7,426.1,598.5,443.8,192.6,-424.2,yes,pedestrian_not_in_crosswalk
187-1320,1320,187,car,person,44.244,52.152,0,,,0,15,7.15,911.9,954.2,156.1,324.1,377.9,142.9,-104.2,yes,vehicle_not_moving
1299-1320,1320,1299,car,person,44.244,59.359,0,,,0,114,3.679,838.3,879.4,295.7,616.4,510.2,192.6,-522.7,yes,pedestrian_not_in_crosswalk
187-1337,1337,187,car,person,44.745,48.749,0,,,0,10,,1530.0,1530.0,0.0,142.9,0.0,142.9,,no,vehicle_not_moving
1299-1337,1337,1299,car,person,44.745,48.749,0,,,0,29,8.392,23.3,1385.6,189.0,192.6,0.0,192.6,,no,pedestrian_not_in_crosswalk
187-1341,1341,187,car,person,44.845,50.05,0,,,0,9,65.719,762.4,1833.2,28.4,142.9,104.4,142.9,-7.8,no,vehicle_not_moving
1299-1341,1341,1299,car,person,44.845,50.05,0,,,0,42,8.418,165.1,1377.6,225.5,240.9,104.4,192.6,-7.8,no,pedestrian_not_in_crosswalk
187-1352,1352,187,car,person,45.145,49.249,0,,,0,6,,1571.9,1571.9,0.0,142.9,0.0,142.9,,no,vehicle_not_moving
187-1354,1354,187,car,person,45.145,52.152,0,,,0,6,14.96,95.4,1772.5,121.2,196.7,196.7,142.9,-41.3,yes,vehicle_not_moving
1299-1352,1352,1299,car,person,45.145,49.249,0,,,0,34,8.273,23.5,1303.0,189.0,192.6,0.0,192.6,,no,pedestrian_not_in_crosswalk
1299-1354,1354,1299,car,person,45.145,52.553,0,,,0,67,5.59,630.8,1062.1,289.3,350.7,196.7,192.6,-41.3,yes,pedestrian_not_in_crosswalk
187-1368,1368,187,car,person,45.546,52.052,0,,,0,2,,2059.4,2059.4,0.0,199.9,90.4,142.9,-39.9,yes,vehicle_not_moving
1299-1368,1368,1299,car,person,45.546,52.052,0,,,0,62,13.323,14.1,1553.9,143.9,167.9,90.4,192.6,-39.9,yes,pedestrian_not_in_crosswalk
187-1373,1373,187,car,person,45.646,52.152,0,,,0,1,,1624.6,1624.6,0.0,142.9,0.0,142.9,0.0,no,vehicle_not_moving
1299-1373,1373,1299,car,person,45.646,52.853,0,,,0,70,7.44,23.8,865.3,189.0,192.6,0.0,192.6,0.0,no,pedestrian_not_in_crosswalk
1299-1386,1386,1299,car,person,46.046,68.769,0,,,0,113,4.954,769.4,1010.3,334.8,382.8,267.7,200.3,-212.8,yes,vehicle_not_moving
1299-1396,1396,1299,car,person,46.346,56.256,0,,,0,100,3.285,1117.1,1229.3,563.4,777.5,935.6,192.6,-318.4,yes,vehicle_not_moving
1299-1408,1408,1299,car,person,46.647,65.165,0,,,0,107,5.536,655.8,1013.9,343.1,688.2,624.2,192.6,-726.2,yes,vehicle_not_moving
25-1412,25,1412,truck,person,46.847,64.264,0,,,0,105,1.686,16.4,434.4,258.4,273.7,23.3,273.7,-73.1,yes,pedestrian_not_in_crosswalk
500-1412,500,1412,car,person,46.847,64.264,0,,,0,105,12.396,976.9,1322.5,115.0,273.7,18.1,273.7,-67.0,yes,pedestrian_not_in_crosswalk
683-1412,683,1412,bus,person,46.847,64.264,0,,,0,105,5.396,507.6,1172.1,220.7,250.8,138.5,273.7,-369.6,yes,pedestrian_not_in_crosswalk
834-1412,834,1412,truck,person,46.847,63.463,0,,,0,105,2.966,572.9,657.9,290.9,736.7,601.3,273.7,-750.6,yes,pedestrian_not_in_crosswalk
841-1412,841,1412,car,person,46.847,52.753,0,,,0,30,14.13,427.2,1891.0,143.3,163.4,122.9,163.4,-58.1,yes,pedestrian_not_in_crosswalk
849-1412,849,1412,bus,person,46.847,64.264,0,,,0,105,16.607,575.8,1418.5,97.5,273.7,40.1,273.7,-84.6,yes,pedestrian_not_in_crosswalk
855-1412,855,1412,car,person,46.847,64.264,0,,,0,105,13.329,896.9,1362.9,117.6,281.6,29.8,273.7,-114.3,yes,pedestrian_not_in_crosswalk
1081-1412,1081,1412,car,person,46.847,55.556,0,,,0,58,7.441,942.1,998.1,142.9,651.4,512.0,163.4,-552.6,yes,pedestrian_not_in_crosswalk
1099-1412,1099,1412,car,person,46.847,50.35,0,,,0,6,,1635.1,1635.1,0.0,272.4,272.4,141.9,-412.7,yes,pedestrian_not_in_crosswalk
1115-1412,1115,1412,car,person,46.847,52.753,0,,,0,30,13.96,600.2,1763.4,137.0,175.9,175.9,163.4,-39.2,yes,pedestrian_not_in_crosswalk
1122-1412,1122,1412,car,person,46.847,51.652,0,,,0,19,,1281.6,1281.6,0.0,380.6,274.9,163.4,-199.6,yes,pedestrian_not_in_crosswalk
1152-1412,1152,1412,car,person,46.847,52.553,0,,,0,28,9.597,90.5,1318.1,150.7,321.0,321.0,163.4,-319.3,yes,pedestrian_not_in_crosswalk
1175-1412,1175,1412,car,person,46.847,52.953,0,,,0,32,,1214.9,1214.9,0.0,550.7,476.5,163.4,-489.4,yes,pedestrian_not_in_crosswalk
1176-1412,1176,1412,car,person,46.847,51.752,0,,,0,20,,1462.4,1462.4,0.0,665.9,606.3,163.4,-674.9,yes,pedestrian_not_in_crosswalk
1210-1412,1210,1412,car,person,46.847,50.25,0,,,0,5,,1680.3,1680.3,0.0,216.4,216.4,136.2,-46.2,yes,pedestrian_not_in_crosswalk
1212-1412,1212,1412,car,person,46.847,54.254,0,,,0,45,,917.5,917.5,0.0,537.8,447.0,163.4,-307.5,yes,pedestrian_not_in_crosswalk
1261-1412,1261,1412,car,person,46.847,55.556,0,,,0,58,8.883,467.0,470.5,53.0,510.7,432.9,163.4,-122.9,yes,pedestrian_not_in_crosswalk
1280-1412,1280,1412,car,person,46.847,56.356,0,,,0,66,4.765,775.1,807.6,179.9,534.2,428.7,163.4,-262.3,yes,pedestrian_not_in_crosswalk
1287-1412,1287,1412,car,person,46.847,64.264,0,,,0,105,6.191,940.4,1038.9,226.9,572.3,420.4,273.7,-387.7,yes,pedestrian_not_in_crosswalk
1299-1413,1413,1299,car,person,46.847,58.358,0,,,0,105,3.501,643.3,893.1,352.9,557.2,386.7,192.6,-92.9,yes,vehicle_not_moving
1302-1412,1302,1412,car,person,46.847,57.858,0,,,0,81,2.944,607.2,647.9,266.5,570.4,431.5,163.4,-424.2,yes,pedestrian_not_in_crosswalk
1320-1412,1320,1412,car,person,46.847,59.359,0,,,0,96,3.492,724.7,854.6,313.5,631.1,510.2,165.0,-522.7,yes,pedestrian_not_in_crosswalk
1341-1412,1341,1412,car,person,46.847,50.05,0,,,0,3,15.661,447.8,1983.9,126.7,130.0,0.0,130.0,,no,pedestrian_not_in_crosswalk
1354-1412,1354,1412,car,person,46.847,52.553,0,,,0,28,8.882,407.2,1443.4,230.3,315.1,196.7,163.4,-41.3,yes,pedestrian_not_in_crosswalk
1368-1412,1368,1412,car,person,46.847,52.052,0,,,0,23,14.288,323.2,2059.0,146.8,163.4,65.4,163.4,-39.9,yes,pedestrian_not_in_crosswalk
1373-1412,1373,1412,car,person,46.847,52.853,0,,,0,31,9.743,16.5,1451.3,162.4,163.4,0.0,163.4,0.0,no,pedestrian_not_in_crosswalk
1386-1412,1386,1412,car,person,46.847,64.264,0,,,0,105,5.067,618.1,903.1,268.2,372.3,225.8,273.7,-162.1,yes,pedestrian_not_in_crosswalk
1396-1412,1396,1412,car,person,46.847,56.256,0,,,0,65,3.872,924.1,1318.4,425.0,893.2,935.6,163.4,-318.4,yes,pedestrian_not_in_crosswalk
1408-1412,1408,1412,car,person,46.847,64.264,0,,,0,105,5.254,869.0,1010.9,281.2,834.5,624.2,273.7,-726.2,yes,pedestrian_not_in_crosswalk
1412-1413,1413,1412,car,person,46.847,58.358,0,,,0,86,3.776,857.3,868.3,331.0,502.3,386.7,165.0,-92.9,yes,pedestrian_not_in_crosswalk
25-1423,25,1423,truck,person,47.147,68.969,0,,,0,66,2.899,8.7,301.9,166.1,172.6,24.3,172.6,-104.3,yes,pedestrian_not_in_crosswalk
25-1426,25,1426,truck,person,47.147,72.773,0,,,0,113,3.607,0.1,240.0,207.8,225.0,24.3,225.0,-104.3,yes,pedestrian_not_in_crosswalk
500-1423,500,1423,car,person,47.147,68.969,0,,,0,66,16.887,1126.6,1437.8,97.8,172.6,18.1,172.6,-67.0,yes,pedestrian_not_in_crosswalk
500-1426,500,1426,car,person,47.147,72.773,0,,,0,113,8.555,959.9,1312.2,153.4,225.0,18.1,225.0,-67.0,yes,pedestrian_not_in_crosswalk
683-1423,683,1423,bus,person,47.147,68.969,0,,,0,66,13.238,161.7,1257.3,100.9,162.4,138.5,172.6,-369.6,yes,pedestrian_not_in_crosswalk
683-1426,683,1426,bus,person,47.147,72.773,0,,,0,113,8.535,28.6,1177.5,159.2,181.9,138.5,225.0,-369.6,yes,pedestrian_not_in_crosswalk
834-1423,834,1423,truck,person,47.147,63.463,0,,,0,66,5.168,648.2,826.8,225.5,720.6,601.3,172.6,-750.6,yes,pedestrian_not_in_crosswalk
834-1426,834,1426,truck,person,47.147,63.463,0,,,0,113,3.465,577.7,710.8,246.4,745.5,601.3,225.0,-750.6,yes,pedestrian_not_in_crosswalk
841-1423,841,1423,car,person,47.147,52.753,0,,,0,24,17.57,719.3,1890.8,116.3,141.4,114.5,162.4,-58.1,yes,pedestrian_not_in_crosswalk
841-1426,841,1426,car,person,47.147,52.753,0,,,0,30,14.107,471.3,1857.4,146.8,168.2,114.5,168.2,-58.1,yes,pedestrian_not_in_crosswalk
849-1423,849,1423,bus,person,47.147,68.969,0,,,0,66,24.25,187.1,1547.5,67.0,166.3,97.0,172.6,-84.6,yes,pedestrian_not_in_crosswalk
849-1426,849,1426,bus,person,47.147,72.773,0,,,0,113,12.286,21.1,1329.9,113.8,225.0,102.2,225.0,-84.6,yes,pedestrian_not_in_crosswalk
855-1423,855,1423,car,person,47.147,68.969,0,,,0,66,25.716,1387.5,1491.8,62.5,172.6,29.8,172.6,-114.3,yes,pedestrian_not_in_crosswalk
855-1426,855,1426,car,person,47.147,72.773,0,,,0,113,11.882,390.5,1342.6,113.0,225.0,31.8,225.0,-114.3,yes,pedestrian_not_in_crosswalk
1081-1423,1081,1423,car,person,47.147,55.556,0,,,0,52,28.04,1062.9,1068.3,38.2,633.7,512.0,162.4,-552.6,yes,pedestrian_not_in_crosswalk
1081-1426,1081,1426,car,person,47.147,55.556,0,,,0,58,12.711,1003.9,1022.6,81.6,646.1,512.0,225.0,-552.6,yes,pedestrian_not_in_crosswalk
1099-1426,1099,1426,car,person,47.147,50.35,0,,,0,6,,1760.4,1760.4,0.0,150.0,0.0,150.0,,no,pedestrian_not_in_crosswalk
1115-1423,1115,1423,car,person,47.147,52.753,0,,,0,24,17.483,887.2,1785.6,110.2,166.4,166.4,162.4,-39.1,yes,pedestrian_not_in_crosswalk
1115-1426,1115,1426,car,person,47.147,52.753,0,,,0,30,14.174,647.1,1739.9,137.6,168.2,166.4,168.2,-39.1,yes,pedestrian_not_in_crosswalk
1122-1423,1122,1423,car,person,47.147,51.652,0,,,0,13,,1640.8,1640.8,0.0,347.8,269.4,162.4,-47.4,yes,pedestrian_not_in_crosswalk
1122-1426,1122,1426,car,person,47.147,51.652,0,,,0,19,,1492.4,1492.4,0.0,378.9,269.4,168.2,-47.4,yes,pedestrian_not_in_crosswalk
1152-1423,1152,1423,car,person,47.147,52.553,0,,,0,22,10.196,18.7,1158.3,146.8,237.4,237.4,162.4,-319.3,yes,pedestrian_not_in_crosswalk
1152-1426,1152,1426,car,person,47.147,52.553,0,,,0,28,9.334,19.6,1235.4,152.5,237.4,237.4,168.2,-319.3,yes,pedestrian_not_in_crosswalk
1175-1423,1175,1423,car,person,47.147,52.953,0,,,0,26,,1600.8,1600.8,0.0,501.2,451.7,162.4,-489.4,yes,pedestrian_not_in_crosswalk
1175-1426,1175,1426,car,person,47.147,52.953,0,,,0,32,,1452.5,1452.5,0.0,537.6,451.7,168.2,-489.4,yes,pedestrian_not_in_crosswalk
1176-1423,1176,1423,car,person,47.147,51.752,0,,,0,14,,1820.4,1820.4,0.0,562.7,562.7,162.4,-674.9,yes,pedestrian_not_in_crosswalk
1176-1426,1176,1426,car,person,47.147,51.752,0,,,0,20,,1677.4,1677.4,0.0,562.7,562.7,168.2,-674.9,yes,pedestrian_not_in_crosswalk
1210-1426,1210,1426,car,person,47.147,50.25,0,,,0,5,,1805.8,1805.8,0.0,150.0,0.0,150.0,,no,pedestrian_not_in_crosswalk
1212-1423,1212,1423,car,person,47.147,54.254,0,,,0,39,,1242.8,1242.8,0.0,496.0,437.3,162.4,-307.5,yes,pedestrian_not_in_crosswalk
1212-1426,1212,1426,car,person,47.147,54.254,0,,,0,45,,1105.3,1105.3,0.0,529.1,437.3,168.2,-307.5,yes,pedestrian_not_in_crosswalk
1261-1423,1261,1423,car,person,47.147,55.556,0,,,0,52,,671.5,671.5,0.0,487.7,412.7,162.4,-122.9,yes,pedestrian_not_in_crosswalk
1261-1426,1261,1426,car,person,47.147,55.556,0,,,0,58,,555.6,555.6,0.0,494.8,412.7,225.0,-122.9,yes,pedestrian_not_in_crosswalk
1280-1423,1280,1423,car,person,47.147,56.356,0,,,0,58,,894.1,894.1,0.0,522.3,428.7,162.4,-262.3,yes,pedestrian_not_in_crosswalk
1280-1426,1280,1426,car,person,47.147,56.356,0,,,0,66,13.777,831.0,839.2,61.0,533.2,428.7,225.0,-262.3,yes,pedestrian_not_in_crosswalk
1287-1423,1287,1423,car,person,47.147,66.466,0,,,0,66,8.07,1050.0,1126.9,159.4,528.4,420.4,172.6,-387.7,yes,pedestrian_not_in_crosswalk
1287-1426,1287,1426,car,person,47.147,66.466,0,,,0,113,6.737,203.4,1088.1,196.7,564.2,420.4,225.0,-387.7,yes,pedestrian_not_in_crosswalk
1302-1423,1302,1423,car,person,47.147,57.858,0,,,0,66,10.226,725.8,730.8,72.1,544.6,431.5,162.4,-424.2,yes,pedestrian_not_in_crosswalk
1302-1426,1302,1426,car,person,47.147,57.858,0,,,0,81,4.672,661.9,680.2,152.4,576.2,431.5,225.0,-424.2,yes,pedestrian_not_in_crosswalk
1320-1423,1320,1423,car,person,47.147,59.359,0,,,0,66,4.874,855.3,916.8,212.9,607.9,510.2,162.4,-522.7,yes,pedestrian_not_in_crosswalk
1320-1426,1320,1426,car,person,47.147,59.359,0,,,0,94,4.185,787.3,880.9,253.6,644.1,510.2,225.0,-522.7,yes,pedestrian_not_in_crosswalk
1341-1426,1341,1426,car,person,47.147,50.05,0,,,0,3,14.758,914.1,1919.0,130.0,150.0,0.0,150.0,,no,pedestrian_not_in_crosswalk
1354-1423,1354,1423,car,person,47.147,52.553,0,,,0,22,9.685,686.7,1462.2,198.9,356.4,196.7,162.4,-41.3,yes,pedestrian_not_in_crosswalk
1354-1426,1354,1426,car,person,47.147,52.553,0,,,0,28,8.646,458.2,1416.5,228.7,316.6,196.7,168.2,-41.3,yes,pedestrian_not_in_crosswalk
1368-1423,1368,1423,car,person,47.147,52.052,0,,,0,17,17.857,618.4,2037.0,119.0,162.4,60.9,162.4,-27.3,yes,pedestrian_not_in_crosswalk
1368-1426,1368,1426,car,person,47.147,52.052,0,,,0,23,14.256,365.7,2019.4,151.4,168.2,60.9,168.2,-27.3,yes,pedestrian_not_in_crosswalk
1373-1423,1373,1423,car,person,47.147,52.853,0,,,0,25,12.024,15.9,1385.0,130.6,162.4,0.0,162.4,0.0,no,pedestrian_not_in_crosswalk
1373-1426,1373,1426,car,person,47.147,52.853,0,,,0,31,9.513,0.3,1388.8,167.3,168.2,0.0,168.2,0.0,no,pedestrian_not_in_crosswalk
1386-1423,1386,1423,car,person,47.147,68.969,0,,,0,66,7.248,989.9,1054.7,197.9,336.3,267.7,172.6,-212.8,yes,pedestrian_not_in_crosswalk
1386-1426,1386,1426,car,person,47.147,72.472,0,,,0,113,5.073,703.8,948.3,263.8,365.5,267.7,225.0,-212.8,yes,pedestrian_not_in_crosswalk
1396-1423,1396,1423,car,person,47.147,56.256,0,,,0,57,3.695,1009.6,1411.2,461.7,935.6,935.6,162.4,-318.4,yes,pedestrian_not_in_crosswalk
1396-1426,1396,1426,car,person,47.147,56.256,0,,,0,65,3.919,622.8,1318.6,408.8,935.6,935.6,225.0,-318.4,yes,pedestrian_not_in_crosswalk
1408-1423,1408,1423,car,person,47.147,65.165,0,,,0,66,6.95,1020.2,1140.3,223.4,756.6,624.2,172.6,-726.2,yes,pedestrian_not_in_crosswalk
1408-1426,1408,1426,car,person,47.147,65.165,0,,,0,113,5.294,890.1,1030.1,272.5,688.8,624.2,225.0,-726.2,yes,pedestrian_not_in_crosswalk
1413-1423,1413,1423,car,person,47.147,58.358,0,,,0,66,4.56,900.5,1010.9,267.1,515.7,386.7,162.4,-92.9,yes,pedestrian_not_in_crosswalk
1413-1426,1413,1426,car,person,47.147,58.358,0,,,0,86,4.014,838.5,922.4,310.0,494.1,386.7,225.0,-92.9,yes,pedestrian_not_in_crosswalk
25-1429,25,1429,truck,person,47.247,71.772,0,,,0,32,3.468,2.9,263.1,131.0,168.1,24.3,168.1,-104.3,yes,pedestrian_not_in_crosswalk
500-1429,500,1429,car,person,47.247,71.772,0,,,0,32,20.474,1204.5,1479.6,80.8,168.1,18.1,168.1,-67.0,yes,pedestrian_not_in_crosswalk
683-1429,683,1429,bus,person,47.247,71.772,0,,,0,32,14.051,14.5,1201.8,91.1,168.1,138.5,168.1,-369.6,yes,pedestrian_not_in_crosswalk
834-1429,834,1429,truck,person,47.247,63.463,0,,,0,32,5.587,674.4,888.6,211.9,710.3,601.3,168.1,-750.6,yes,pedestrian_not_in_crosswalk
841-1429,841,1429,car,person,47.247,52.753,0,,,0,20,17.036,624.5,1872.1,117.2,153.3,110.1,168.1,-58.1,yes,pedestrian_not_in_crosswalk
849-1429,849,1429,bus,person,47.247,71.772,0,,,0,32,15.679,45.0,1401.2,102.5,168.1,102.2,168.1,-84.6,yes,pedestrian_not_in_crosswalk
855-1429,855,1429,car,person,47.247,71.772,0,,,0,32,25.445,1334.3,1538.9,61.8,176.7,29.8,168.1,-114.3,yes,pedestrian_not_in_crosswalk
1081-1429,1081,1429,car,person,47.247,55.556,0,,,0,31,291.896,1092.4,1092.5,3.7,637.5,512.0,168.1,-552.6,yes,pedestrian_not_in_crosswalk
1115-1429,1115,1429,car,person,47.247,52.753,0,,,0,20,17.074,809.8,1775.4,109.7,164.7,164.7,168.1,-39.1,yes,pedestrian_not_in_crosswalk
1122-1429,1122,1429,car,person,47.247,51.652,0,,,0,9,,1738.7,1738.7,0.0,362.3,269.4,168.1,-47.4,yes,pedestrian_not_in_crosswalk
1152-1429,1152,1429,car,person,47.247,52.553,0,,,0,18,8.861,0.5,1084.6,150.6,201.7,201.7,168.1,-319.3,yes,pedestrian_not_in_crosswalk
1175-1429,1175,1429,car,person,47.247,52.953,0,,,0,22,,1712.1,1712.1,0.0,490.8,444.0,168.1,-489.4,yes,pedestrian_not_in_crosswalk
1176-1429,1176,1429,car,person,47.247,51.752,0,,,0,10,,1903.0,1903.0,0.0,503.6,503.6,168.1,-674.9,yes,pedestrian_not_in_crosswalk
1212-1429,1212,1429,car,person,47.247,54.254,0,,,0,31,,1342.1,1342.1,0.0,506.9,432.5,168.1,-307.5,yes,pedestrian_not_in_crosswalk
1261-1429,1261,1429,car,person,47.247,55.556,0,,,0,31,,753.4,753.4,0.0,489.0,404.2,168.1,-122.9,yes,pedestrian_not_in_crosswalk
1280-1429,1280,1429,car,person,47.247,56.356,0,,,0,31,,934.4,934.4,0.0,534.8,428.7,168.1,-262.3,yes,pedestrian_not_in_crosswalk
1287-1429,1287,1429,car,person,47.247,66.466,0,,,0,32,8.755,1080.0,1143.9,144.1,532.0,420.4,168.1,-387.7,yes,pedestrian_not_in_crosswalk
1302-1429,1302,1429,car,person,47.247,57.858,0,,,0,31,55.339,755.8,756.2,13.7,526.9,431.5,168.1,-424.2,yes,pedestrian_not_in_crosswalk
1320-1429,1320,1429,car,person,47.247,59.359,0,,,0,31,5.743,894.1,933.6,176.8,626.3,510.2,168.1,-522.7,yes,pedestrian_not_in_crosswalk
1354-1429,1354,1429,car,person,47.247,52.553,0,,,0,18,9.09,640.8,1448.2,206.8,352.5,196.7,168.1,-41.3,yes,pedestrian_not_in_crosswalk
1368-1429,1368,1429,car,person,47.247,52.052,0,,,0,13,17.186,700.2,2007.5,120.6,168.1,59.1,168.1,-27.3,yes,pedestrian_not_in_crosswalk
1373-1429,1373,1429,car,person,47.247,52.853,0,,,0,21,11.432,16.4,1339.2,131.0,168.1,0.0,168.1,0.0,no,pedestrian_not_in_crosswalk
1386-1429,1386,1429,car,person,47.247,71.772,0,,,0,32,8.042,1036.9,1097.3,195.7,346.2,267.7,168.1,-212.8,yes,pedestrian_not_in_crosswalk
1396-1429,1396,1429,car,person,47.247,56.256,0,,,0,31,3.751,982.3,1432.9,457.4,931.3,931.3,168.1,-318.4,yes,pedestrian_not_in_crosswalk
1408-1429,1408,1429,car,person,47.247,65.165,0,,,0,32,7.839,1065.9,1176.1,218.0,673.4,624.2,168.1,-726.2,yes,pedestrian_not_in_crosswalk
1413-1429,1413,1429,car,person,47.247,58.358,0,,,0,31,4.664,898.9,1036.4,254.2,525.3,386.7,168.1,-92.9,yes,pedestrian_not_in_crosswalk
1299-1434,1434,1299,bus,person,47.347,62.262,0,,,0,100,2.378,89.5,490.9,447.5,712.1,587.9,175.7,-638.6,yes,vehicle_not_moving
1412-1434,1434,1412,bus,person,47.347,62.262,0,,,0,105,1.727,278.5,378.1,439.6,717.5,587.9,273.7,-638.6,yes,pedestrian_not_in_crosswalk
1423-1434,1434,1423,bus,person,47.347,62.262,0,,,0,66,2.572,523.1,544.6,417.3,709.6,587.9,172.6,-638.6,yes,pedestrian_not_in_crosswalk
1426-1434,1434,1426,bus,person,47.347,62.262,0,,,0,108,2.037,343.9,424.9,421.4,797.4,587.9,225.0,-638.6,yes,pedestrian_not_in_crosswalk
1429-1434,1434,1429,bus,person,47.347,62.262,0,,,0,32,3.068,442.5,596.8,410.7,704.3,587.9,168.1,-638.6,yes,pedestrian_not_in_crosswalk
1299-1441,1441,1299,car,person,47.547,54.254,0,,,0,68,5.279,710.7,984.0,251.3,350.8,202.1,170.6,-15.5,no,vehicle_not_moving
1412-1441,1441,1412,car,person,47.547,54.254,0,,,0,45,6.185,578.9,1277.8,290.6,350.8,202.1,163.4,-15.5,no,pedestrian_not_in_crosswalk
1423-1441,1441,1423,car,person,47.547,54.254,0,,,0,39,7.98,674.3,1315.5,219.3,325.5,202.1,162.4,-15.5,no,pedestrian_not_in_crosswalk
1426-1441,1441,1426,car,person,47.547,54.254,0,,,0,45,6.172,574.2,1259.2,283.5,350.3,202.1,168.2,-15.5,no,pedestrian_not_in_crosswalk
1429-1441,1441,1429,car,person,47.547,54.254,0,,,0,31,7.924,621.7,1307.4,216.0,334.3,202.1,168.1,-15.5,no,pedestrian_not_in_crosswalk
924-1452,1452,924,car,person,47.948,83.784,0,,,0,70,4.134,12.8,583.4,266.6,320.7,320.7,117.7,-239.0,yes,pedestrian_not_in_crosswalk
1299-1452,1452,1299,car,person,47.948,68.769,0,,,0,94,6.347,948.3,1050.0,188.5,428.5,320.7,200.3,-239.0,yes,vehicle_not_moving
1412-1452,1452,1412,car,person,47.948,64.264,0,,,0,105,6.296,1004.2,1031.5,215.9,469.4,320.7,273.7,-239.0,yes,pedestrian_not_in_crosswalk
1423-1452,1452,1423,car,person,47.948,68.969,0,,,0,66,8.441,1061.0,1199.9,170.2,428.6,320.7,172.6,-239.0,yes,pedestrian_not_in_crosswalk
1426-1452,1452,1426,car,person,47.948,72.773,0,,,0,113,7.455,1057.4,1080.3,197.7,483.5,320.7,225.0,-239.0,yes,pedestrian_not_in_crosswalk
1429-1452,1452,1429,car,person,47.948,71.772,0,,,0,32,8.517,1059.7,1255.7,166.1,436.5,320.7,168.1,-239.0,yes,pedestrian_not_in_crosswalk
1299-1462,1462,1299,car,person,48.148,61.862,0,,,0,92,4.171,999.7,1116.5,496.7,660.5,818.9,170.6,-236.7,yes,vehicle_not_moving
1412-1462,1462,1412,car,person,48.148,61.862,0,,,0,105,4.828,566.8,1149.7,325.3,704.1,818.9,273.7,-236.7,yes,pedestrian_not_in_crosswalk
1423-1462,1462,1423,car,person,48.148,61.862,0,,,0,66,5.509,717.8,1249.9,341.9,666.0,818.9,172.6,-236.7,yes,pedestrian_not_in_crosswalk
1426-1462,1462,1426,car,person,48.148,61.862,0,,,0,104,5.084,565.0,1236.7,348.1,706.7,818.9,225.0,-236.7,yes,pedestrian_not_in_crosswalk
1429-1462,1462,1429,car,person,48.148,61.862,0,,,0,31,5.446,68.7,1280.9,356.3,669.7,818.9,168.1,-236.7,yes,pedestrian_not_in_crosswalk
924-1469,1469,924,car,person,48.348,99.6,0,,,0,181,11.401,0.5,1863.4,163.6,195.5,11.4,195.5,-52.5,yes,pedestrian_not_in_crosswalk
1299-1469,1469,1299,car,person,48.348,68.769,0,,,0,90,1.312,0.9,232.0,179.9,200.3,0.0,200.3,0.0,no,vehicle_not_moving
1412-1469,1469,1412,car,person,48.348,64.264,0,,,0,105,2.32,2.0,613.7,265.2,273.7,0.0,273.7,0.0,no,pedestrian_not_in_crosswalk
1423-1469,1469,1423,car,person,48.348,68.969,0,,,0,66,4.011,11.7,441.6,166.6,172.6,0.0,172.6,0.0,no,pedestrian_not_in_crosswalk
1426-1469,1469,1426,car,person,48.348,72.773,0,,,0,113,5.005,5.5,364.6,213.6,225.0,11.4,225.0,-52.5,yes,pedestrian_not_in_crosswalk
1429-1469,1469,1429,car,person,48.348,71.772,0,,,0,32,4.866,0.5,391.2,130.3,168.1,11.4,168.1,-52.5,yes,pedestrian_not_in_crosswalk
924-1480,1480,924,car,person,48.949,75.275,0,,,0,2,10.486,24.2,917.3,247.5,322.8,322.6,34.6,-289.9,yes,pedestrian_not_in_crosswalk
1299-1480,1480,1299,car,person,48.949,68.769,0,,,0,84,6.774,838.6,914.6,156.7,377.4,306.9,200.3,-121.4,yes,vehicle_not_moving
1299-1482,1482,1299,car,person,48.949,55.255,0,,,0,64,5.648,657.6,918.6,237.3,284.4,179.5,167.9,-16.0,no,vehicle_not_moving
1412-1480,1480,1412,car,person,48.949,64.264,0,,,0,105,4.231,410.5,869.7,310.4,419.5,261.1,273.7,-121.4,yes,pedestrian_not_in_crosswalk
1412-1482,1482,1412,car,person,48.949,55.255,0,,,0,55,6.451,334.4,1247.2,281.6,328.5,179.5,163.4,-16.0,no,pedestrian_not_in_crosswalk
1423-1480,1480,1423,car,person,48.949,68.969,0,,,0,66,5.465,911.1,1000.8,249.3,370.0,315.2,172.6,-121.4,yes,pedestrian_not_in_crosswalk
1423-1482,1482,1423,car,person,48.949,55.255,0,,,0,49,7.669,534.8,1278.5,223.2,277.0,179.5,162.4,-16.0,no,pedestrian_not_in_crosswalk
1426-1480,1480,1426,car,person,48.949,72.773,0,,,0,113,4.505,463.0,847.3,280.0,415.2,322.6,225.0,-289.9,yes,pedestrian_not_in_crosswalk
1426-1482,1482,1426,car,person,48.949,55.255,0,,,0,55,5.43,128.9,1214.6,281.4,323.1,179.5,225.0,-16.0,no,pedestrian_not_in_crosswalk
1429-1480,1480,1429,car,person,48.949,71.772,0,,,0,32,5.704,984.1,1043.6,238.7,360.7,322.6,168.1,-289.9,yes,pedestrian_not_in_crosswalk
1429-1482,1482,1429,car,person,48.949,55.255,0,,,0,31,7.91,454.4,1280.3,206.7,278.7,179.5,168.1,-16.0,no,pedestrian_not_in_crosswalk
1299-1491,1491,1299,car,person,49.149,59.159,0,,,0,82,3.484,473.7,1128.0,595.6,753.4,906.0,167.9,-285.8,yes,vehicle_not_moving
1299-1493,1493,1299,car,person,49.149,53.053,0,,,0,40,27.532,993.1,1001.3,37.4,167.9,0.0,167.9,,no,vehicle_not_moving
1412-1491,1491,1412,car,person,49.149,59.159,0,,,0,94,3.516,1055.3,1197.9,475.1,783.4,906.0,165.0,-285.8,yes,pedestrian_not_in_crosswalk
1412-1493,1493,1412,car,person,49.149,53.053,0,,,0,33,10.56,680.2,1026.0,119.6,163.4,0.0,163.4,,no,pedestrian_not_in_crosswalk
1423-1491,1491,1423,car,person,49.149,59.159,0,,,0,66,4.338,1137.6,1287.5,440.9,774.1,906.0,159.8,-285.8,yes,pedestrian_not_in_crosswalk
1423-1493,1493,1423,car,person,49.149,53.053,0,,,0,27,15.443,943.3,1132.6,79.9,159.8,0.0,159.8,,no,pedestrian_not_in_crosswalk
1426-1491,1491,1426,car,person,49.149,59.159,0,,,0,94,3.717,815.5,1245.0,462.3,763.6,906.0,225.0,-285.8,yes,pedestrian_not_in_crosswalk
1426-1493,1493,1426,car,person,49.149,53.053,0,,,0,33,10.615,740.0,1043.5,115.1,168.2,0.0,168.2,,no,pedestrian_not_in_crosswalk
1429-1491,1491,1429,car,person,49.149,59.159,0,,,0,31,4.358,1254.3,1311.2,450.3,774.1,906.0,155.9,-285.8,yes,pedestrian_not_in_crosswalk
1429-1493,1493,1429,car,person,49.149,53.053,0,,,0,23,16.589,947.7,1154.9,72.4,155.9,0.0,155.9,,no,pedestrian_not_in_crosswalk
1299-1500,1500,1299,car,person,49.349,53.353,0,,,0,41,,2443.2,2443.2,0.0,167.9,0.0,167.9,,no,vehicle_not_moving
1299-1504,1504,1299,car,person,49.349,53.353,0,,,0,41,12.417,754.2,1312.3,136.2,167.9,0.0,167.9,,no,vehicle_not_moving
1412-1500,1500,1412,car,person,49.349,53.353,0,,,0,36,,1821.6,1821.6,0.0,163.4,0.0,163.4,,no,pedestrian_not_in_crosswalk
1412-1504,1504,1412,car,person,49.349,53.353,0,,,0,36,13.226,297.7,1760.5,146.8,163.4,0.0,163.4,,no,pedestrian_not_in_crosswalk
1423-1500,1500,1423,car,person,49.349,53.353,0,,,0,30,,2053.5,2053.5,0.0,141.4,0.0,141.4,,no,pedestrian_not_in_crosswalk
1423-1504,1504,1423,car,person,49.349,53.353,0,,,0,30,16.601,588.9,1757.8,118.7,141.4,0.0,141.4,,no,pedestrian_not_in_crosswalk
1426-1500,1500,1426,car,person,49.349,53.353,0,,,0,36,,1910.4,1910.4,0.0,168.2,0.0,168.2,,no,pedestrian_not_in_crosswalk
1426-1504,1504,1426,car,person,49.349,53.353,0,,,0,36,13.2,342.4,1712.5,151.2,168.2,0.0,168.2,,no,pedestrian_not_in_crosswalk
1429-1500,1500,1429,car,person,49.349,53.353,0,,,0,26,,2132.5,2132.5,0.0,153.3,0.0,153.3,,no,pedestrian_not_in_crosswalk
1429-1504,1504,1429,car,person,49.349,53.353,0,,,0,26,15.99,495.6,1728.9,120.1,153.3,0.0,153.3,,no,pedestrian_not_in_crosswalk
1299-1505,1505,1299,car,person,49.449,68.769,0,,,0,79,4.806,910.3,939.4,223.1,439.1,288.1,200.3,-114.9,yes,vehicle_not_moving
1412-1505,1505,1412,car,person,49.449,64.264,0,,,0,105,4.165,817.8,904.6,331.8,439.9,288.1,273.7,-114.9,yes,pedestrian_not_in_crosswalk
1423-1505,1505,1423,car,person,49.449,68.969,0,,,0,66,6.086,977.8,1030.5,237.4,412.7,288.1,172.6,-114.9,yes,pedestrian_not_in_crosswalk
1426-1505,1505,1426,car,person,49.449,69.67,0,,,0,113,4.461,842.6,882.5,308.1,444.1,288.1,225.0,-114.9,yes,pedestrian_not_in_crosswalk
1429-1505,1505,1429,car,person,49.449,69.67,0,,,0,32,6.437,983.6,1073.8,222.0,430.4,288.1,153.3,-114.9,yes,pedestrian_not_in_crosswalk
1299-1509,1509,1299,car,person,49.55,54.755,0,,,0,53,5.706,74.4,665.6,160.4,163.7,0.0,163.7,0.0,no,vehicle_not_moving
1412-1509,1509,1412,car,person,49.55,54.755,0,,,0,50,8.768,16.5,1205.3,162.4,163.4,0.0,163.4,0.0,no,pedestrian_not_in_crosswalk
1423-1509,1509,1423,car,person,49.55,54.755,0,,,0,44,9.735,9.1,1169.4,124.8,139.8,0.0,139.8,0.0,no,pedestrian_not_in_crosswalk
1426-1509,1509,1426,car,person,49.55,54.755,0,,,0,50,5.39,0.7,1120.2,207.8,225.0,0.0,225.0,0.0,no,pedestrian_not_in_crosswalk
1429-1509,1509,1429,car,person,49.55,54.755,0,,,0,31,10.274,8.2,1126.2,131.0,153.3,0.0,153.3,0.0,no,pedestrian_not_in_crosswalk
1299-1513,1513,1299,car,person,49.65,54.655,0,,,0,51,15.136,763.3,1346.5,110.6,157.8,99.8,157.8,-5.5,no,vehicle_not_moving
1412-1513,1513,1412,car,person,49.65,54.655,0,,,0,49,14.452,128.4,1674.6,140.5,163.4,99.8,163.4,-5.5,no,pedestrian_not_in_crosswalk
1423-1513,1513,1423,car,person,49.65,54.655,0,,,0,43,17.888,818.2,1720.6,113.7,124.8,99.8,139.8,-5.5,no,pedestrian_not_in_crosswalk
1426-1513,1513,1426,car,person,49.65,54.655,0,,,0,49,7.231,244.5,1586.7,219.4,225.0,99.8,225.0,-5.5,no,pedestrian_not_in_crosswalk
1429-1513,1513,1429,car,person,49.65,54.655,0,,,0,31,17.327,725.4,1713.0,114.1,150.6,99.8,153.3,-5.5,no,pedestrian_not_in_crosswalk
924-1519,1519,924,car,person,49.75,78.579,0,,,0,31,8.505,141.4,903.2,260.8,287.5,287.5,53.5,-198.8,yes,pedestrian_not_in_crosswalk
924-1520,1520,924,car,person,49.75,75.375,0,,,0,3,4.49,47.1,750.9,243.2,305.8,305.8,39.0,-238.2,yes,pedestrian_not_in_crosswalk
1299-1519,1519,1299,car,person,49.75,68.769,0,,,0,76,5.585,853.6,893.4,263.4,394.9,287.5,200.3,-171.8,yes,vehicle_not_moving
1299-1520,1520,1299,car,person,49.75,68.769,0,,,0,76,6.429,964.3,1011.0,223.3,351.0,305.8,200.3,-238.2,yes,vehicle_not_moving
1412-1519,1519,1412,car,person,49.75,64.264,0,,,0,105,3.945,601.7,853.2,312.0,392.3,287.5,273.7,-171.8,yes,pedestrian_not_in_crosswalk
1412-1520,1520,1412,car,person,49.75,64.264,0,,,0,105,4.542,821.8,983.0,284.6,405.2,305.8,273.7,-238.2,yes,pedestrian_not_in_crosswalk
1423-1519,1519,1423,car,person,49.75,68.969,0,,,0,66,4.604,859.5,982.9,274.1,387.3,287.5,172.6,-171.8,yes,pedestrian_not_in_crosswalk
1423-1520,1520,1423,car,person,49.75,68.969,0,,,0,66,5.523,970.7,1106.1,236.4,386.5,305.8,172.6,-238.2,yes,pedestrian_not_in_crosswalk
1426-1519,1519,1426,car,person,49.75,72.773,0,,,0,113,3.521,638.0,863.1,304.4,427.2,287.5,225.0,-171.8,yes,vehicle_not_moving
1426-1520,1520,1426,car,person,49.75,72.773,0,,,0,113,4.301,807.5,987.3,283.2,408.0,305.8,225.0,-238.2,yes,vehicle_not_moving
1429-1519,1519,1429,car,person,49.75,71.772,0,,,0,32,4.799,905.7,1022.5,263.4,404.5,287.5,153.3,-171.8,yes,pedestrian_not_in_crosswalk
1429-1520,1520,1429,car,person,49.75,71.772,0,,,0,32,5.87,1012.1,1140.5,228.6,403.6,305.8,153.3,-238.2,yes,pedestrian_not_in_crosswalk
25-1546,25,1546,truck,person,50.15,94.094,0,,,0,436,16.08,21.6,498.8,31.3,121.0,34.3,121.0,-107.7,yes,pedestrian_stationary
500-1546,500,1546,car,person,50.15,90.691,0,,,0,402,13.603,26.7,702.0,73.1,115.9,38.8,121.0,-98.5,yes,pedestrian_stationary
683-1546,683,1546,bus,person,50.15,75.776,0,,,0,257,17.324,73.7,1105.8,68.0,138.5,138.5,50.8,-369.6,yes,pedestrian_stationary
834-1546,834,1546,truck,person,50.15,63.463,0,,,0,134,,927.4,927.4,0.0,620.5,601.3,50.8,-750.6,yes,pedestrian_stationary
841-1546,841,1546,car,person,50.15,52.753,0,,,0,27,586.296,1108.9,1110.3,1.9,34.1,0.0,34.1,,no,pedestrian_stationary
849-1546,849,1546,bus,person,50.15,86.887,0,,,0,364,27.211,301.0,1106.3,45.4,185.5,173.0,121.0,-390.3,yes,pedestrian_stationary
855-1546,855,1546,car,person,50.15,94.094,0,,,0,436,8.187,42.8,721.7,110.2,238.4,158.5,121.0,-114.3,yes,pedestrian_stationary
1081-1546,1081,1546,car,person,50.15,55.556,0,,,0,55,240.896,2778.4,2778.4,13.1,506.5,512.0,50.8,-552.6,yes,pedestrian_stationary
1099-1546,1099,1546,car,person,50.15,50.35,0,,,0,3,101.059,1145.5,3224.3,31.9,34.1,0.0,34.1,,no,pedestrian_stationary
1115-1546,1115,1546,car,person,50.15,52.753,0,,,0,27,115.872,1046.9,1091.3,9.4,34.1,0.0,34.1,,no,pedestrian_stationary
1122-1546,1122,1546,car,person,50.15,51.652,0,,,0,16,100.131,836.1,3121.0,31.4,34.1,0.0,34.1,,no,pedestrian_stationary
1152-1546,1152,1546,car,person,50.15,52.553,0,,,0,25,,734.7,734.7,0.0,34.1,0.0,34.1,,no,pedestrian_stationary
1175-1546,1175,1546,car,person,50.15,52.953,0,,,0,29,104.377,502.7,3270.1,31.5,34.1,0.0,34.1,,no,pedestrian_stationary
1176-1546,1176,1546,car,person,50.15,51.752,0,,,0,17,96.4,82.2,3158.7,33.0,34.1,0.0,34.1,,no,pedestrian_stationary
1210-1546,1210,1546,car,person,50.15,50.25,0,,,0,2,,3300.9,3300.9,0.0,0.0,0.0,0.0,,no,pedestrian_stationary
1212-1546,1212,1546,car,person,50.15,54.254,0,,,0,42,157.614,430.3,3218.5,20.5,183.5,196.3,34.1,19.0,yes,pedestrian_stationary
1261-1546,1261,1546,car,person,50.15,55.556,0,,,0,55,151.89,2797.7,2811.1,20.5,279.6,280.8,50.8,-122.9,yes,pedestrian_stationary
1280-1546,1280,1546,car,person,50.15,56.356,0,,,0,63,171.572,2691.7,2691.7,18.8,341.1,352.2,50.8,-262.3,yes,pedestrian_stationary
1287-1546,1287,1546,car,person,50.15,66.466,0,,,0,164,114.346,89.8,1718.0,27.8,420.4,420.4,50.8,-387.7,yes,pedestrian_stationary
1302-1546,1302,1546,car,person,50.15,57.858,0,,,0,78,163.239,2307.1,2307.1,20.0,431.5,431.5,50.8,-424.2,yes,pedestrian_stationary
1320-1546,1320,1546,car,person,50.15,59.359,0,,,0,93,,1990.3,1990.3,0.0,510.2,510.2,50.8,-522.7,yes,pedestrian_stationary
1354-1546,1354,1546,car,person,50.15,52.553,0,,,0,25,57.08,702.7,768.3,13.6,34.1,0.0,34.1,,no,pedestrian_stationary
1368-1546,1368,1546,car,person,50.15,52.052,0,,,0,20,,1146.7,1146.7,0.0,34.1,0.0,34.1,,no,pedestrian_stationary
1373-1546,1373,1546,car,person,50.15,52.853,0,,,0,28,,499.5,499.5,0.0,34.1,0.0,34.1,,no,pedestrian_stationary
1386-1546,1386,1546,car,person,50.15,72.472,0,,,0,224,32.75,479.2,868.6,27.8,267.7,267.7,50.8,-212.8,yes,pedestrian_stationary
1396-1546,1396,1546,car,person,50.15,56.256,0,,,0,62,6.2,324.8,1031.5,197.1,382.1,367.3,50.8,-108.1,yes,pedestrian_stationary
1408-1546,1408,1546,car,person,50.15,65.165,0,,,0,151,55.035,850.8,853.3,15.5,624.2,624.2,50.8,-726.2,yes,pedestrian_stationary
1413-1546,1413,1546,car,person,50.15,58.358,0,,,0,83,196.53,1459.0,1459.0,11.4,290.5,290.5,50.8,-92.9,yes,pedestrian_stationary
1434-1546,1434,1546,bus,person,50.15,62.262,0,,,0,122,,457.0,457.0,0.0,602.3,587.9,50.8,-638.6,yes,pedestrian_stationary
1441-1546,1441,1546,car,person,50.15,54.254,0,,,0,42,18.156,710.9,762.9,42.0,195.0,202.1,34.1,10.9,no,pedestrian_stationary
1452-1546,1452,1546,car,person,50.15,83.784,0,,,0,333,23.99,103.2,1232.6,119.4,320.7,320.7,121.0,-239.0,yes,pedestrian_stationary
1462-1546,1462,1546,car,person,50.15,61.862,0,,,0,118,3.886,948.1,1038.4,481.1,583.1,578.4,50.8,-197.0,yes,pedestrian_stationary
1469-1546,1469,1546,car,person,50.15,94.094,0,,,0,436,17.829,127.6,663.7,37.3,121.0,11.4,121.0,-52.5,yes,pedestrian_stationary
1480-1546,1480,1546,car,person,50.15,75.275,0,,,0,252,42.305,617.1,715.0,17.2,322.6,322.6,50.8,-289.9,yes,pedestrian_stationary
1482-1546,1482,1546,car,person,50.15,55.255,0,,,0,52,8.529,6.8,710.6,90.8,167.5,179.5,50.8,-2.1,no,pedestrian_stationary
1491-1546,1491,1546,car,person,50.15,59.159,0,,,0,91,2.848,954.3,974.3,820.0,903.1,903.1,50.8,-285.8,yes,pedestrian_stationary
1493-1546,1493,1546,car,person,50.15,53.053,0,,,0,30,31.055,347.6,952.8,31.3,34.1,0.0,34.1,,no,pedestrian_stationary
1500-1546,1500,1546,car,person,50.15,53.353,0,,,0,33,98.288,410.7,3105.1,31.8,34.1,0.0,34.1,,no,pedestrian_stationary
1504-1546,1504,1546,car,person,50.15,53.353,0,,,0,33,,1004.3,1004.3,0.0,34.1,0.0,34.1,,no,pedestrian_stationary
1505-1546,1505,1546,car,person,50.15,69.67,0,,,0,196,,785.6,785.6,0.0,278.6,278.6,50.8,-114.9,yes,pedestrian_stationary
1509-1546,1509,1546,car,person,50.15,54.755,0,,,0,47,34.73,346.4,499.9,14.6,34.1,0.0,34.1,0.0,no,pedestrian_stationary
1513-1546,1513,1546,car,person,50.15,54.655,0,,,0,46,198.287,1097.4,1119.1,5.6,130.3,99.8,34.1,-5.5,no,pedestrian_stationary
1519-1546,1519,1546,car,person,50.15,78.579,0,,,0,285,9.03,641.5,715.7,95.1,287.5,287.5,50.8,-198.8,yes,pedestrian_stationary
1520-1546,1520,1546,car,person,50.15,75.375,0,,,0,253,12.925,806.1,830.1,70.8,305.8,305.8,50.8,-238.2,yes,pedestrian_stationary
1299-1548,1548,1299,car,person,50.25,68.769,0,,,0,71,4.375,723.4,742.7,234.4,528.2,485.3,200.3,-382.9,yes,vehicle_not_moving
1412-1548,1548,1412,car,person,50.25,64.264,0,,,0,101,3.876,269.8,685.6,320.1,485.3,485.3,273.7,-337.6,yes,vehicle_not_moving
1423-1548,1548,1423,car,person,50.25,68.969,0,,,0,66,4.803,705.2,813.2,264.7,563.9,485.3,172.6,-382.9,yes,pedestrian_not_in_crosswalk
1426-1548,1548,1426,car,person,50.25,69.67,0,,,0,109,3.961,447.2,665.0,318.2,560.6,485.3,225.0,-382.9,yes,vehicle_not_moving
1429-1548,1548,1429,car,person,50.25,69.67,0,,,0,32,4.868,770.6,862.0,258.5,553.7,485.3,134.2,-382.9,yes,pedestrian_not_in_crosswalk
1546-1548,1548,1546,car,person,50.25,69.67,0,,,0,195,10.891,575.4,577.4,55.7,485.3,485.3,50.8,-382.9,yes,pedestrian_stationary
1299-1562,1562,1299,car,person,50.45,54.354,0,,,0,40,9.167,494.5,859.9,128.7,154.8,0.0,154.8,,no,vehicle_not_moving
1412-1562,1562,1412,car,person,50.45,54.354,0,,,0,40,10.108,141.8,1279.1,153.1,163.4,0.0,163.4,,no,vehicle_not_moving
1423-1562,1562,1423,car,person,50.45,54.354,0,,,0,40,12.513,358.4,1281.6,121.3,124.8,0.0,124.8,,no,vehicle_not_moving
1426-1562,1562,1426,car,person,50.45,54.354,0,,,0,40,8.518,124.8,1220.2,157.5,168.2,0.0,168.2,,no,vehicle_not_moving
1429-1562,1562,1429,car,person,50.45,54.354,0,,,0,31,11.657,295.9,1255.1,123.1,131.6,0.0,131.6,,no,pedestrian_not_in_crosswalk
1546-1562,1562,1546,car,person,50.45,54.354,0,,,0,40,,614.6,614.6,0.0,32.4,0.0,32.4,,no,vehicle_not_moving
924-1585,1585,924,car,person,50.851,89.89,0,,,0,130,0.507,1.2,49.5,254.3,340.7,284.3,195.5,-210.2,yes,pedestrian_not_in_crosswalk
1299-1584,1584,1299,car,person,50.851,65.065,0,,,0,65,3.481,546.8,585.1,260.7,538.2,452.3,130.9,-217.5,yes,vehicle_not_moving
1299-1585,1585,1299,car,person,50.851,68.769,0,,,0,65,7.097,859.2,996.9,197.0,351.7,284.3,200.3,-156.7,yes,vehicle_not_moving
1412-1584,1584,1412,car,person,50.851,64.264,0,,,0,95,2.849,352.3,511.7,347.1,594.4,452.3,273.7,-217.5,yes,vehicle_not_moving
1412-1585,1585,1412,car,person,50.851,64.264,0,,,0,95,6.179,852.0,977.2,282.7,371.7,281.5,273.7,-59.7,yes,vehicle_not_moving
1423-1584,1584,1423,car,person,50.851,65.065,0,,,0,62,3.831,481.0,642.5,305.6,575.9,452.3,172.6,-217.5,yes,vehicle_not_moving
1423-1585,1585,1423,car,person,50.851,68.969,0,,,0,62,7.327,961.9,1090.7,243.0,400.5,284.3,172.6,-156.7,yes,vehicle_not_moving
1426-1584,1584,1426,car,person,50.851,65.065,0,,,0,103,2.356,451.2,506.1,334.0,579.2,452.3,225.0,-217.5,yes,vehicle_not_moving
1426-1585,1585,1426,car,person,50.851,72.773,0,,,0,103,4.487,773.3,967.1,273.5,348.2,284.3,225.0,-156.7,yes,vehicle_not_moving
1429-1584,1584,1429,car,person,50.851,65.065,0,,,0,32,4.005,585.7,692.6,302.7,572.5,452.3,134.2,-217.5,yes,vehicle_not_moving
1429-1585,1585,1429,car,person,50.851,71.772,0,,,0,32,7.277,941.0,1134.4,238.1,367.0,284.3,134.2,-156.7,yes,vehicle_not_moving
1546-1584,1584,1546,car,person,50.851,65.065,0,,,0,143,4.182,388.9,435.0,123.7,452.3,452.3,50.8,-217.5,yes,vehicle_not_moving
1546-1585,1585,1546,car,person,50.851,89.89,0,,,0,387,11.869,93.0,805.4,90.9,284.3,284.3,121.0,-210.2,yes,vehicle_not_moving
1299-1609,1609,1299,car,person,51.251,55.556,0,,,0,44,5.65,74.8,584.7,123.8,130.6,0.0,130.6,0.0,no,vehicle_not_moving
1412-1609,1609,1412,car,person,51.251,55.556,0,,,0,44,8.571,16.8,1111.4,160.1,160.8,0.0,160.8,0.0,no,vehicle_not_moving
1423-1609,1609,1423,car,person,51.251,55.556,0,,,0,44,8.832,9.5,1076.0,124.8,130.9,0.0,130.9,0.0,no,vehicle_not_moving
1426-1609,1609,1426,car,person,51.251,55.556,0,,,0,44,5.392,7.9,1029.3,207.9,225.0,0.0,225.0,0.0,no,vehicle_not_moving
1429-1609,1609,1429,car,person,51.251,55.556,0,,,0,27,8.418,7.9,1037.4,131.0,131.6,0.0,131.6,0.0,no,vehicle_not_moving
1546-1609,1609,1546,car,person,51.251,55.556,0,,,0,44,16.061,346.4,503.9,31.4,50.8,0.0,50.8,0.0,no,vehicle_not_moving
924-1613,1613,924,bus,person,51.351,91.692,0,,,0,148,9.485,40.2,174.2,222.5,400.2,400.2,195.5,-579.0,yes,pedestrian_not_in_crosswalk
1299-1613,1613,1299,bus,person,51.351,68.769,0,,,0,60,9.788,9.3,1939.0,275.6,303.4,400.2,200.3,-507.5,yes,vehicle_not_moving
1299-1614,1614,1299,car,person,51.351,62.562,0,,,0,60,3.444,741.4,1114.0,662.7,781.1,889.7,129.6,-296.0,yes,vehicle_not_moving
1412-1613,1613,1412,bus,person,51.351,64.264,0,,,0,90,8.426,96.7,1796.9,272.1,283.9,400.2,273.7,-507.5,yes,vehicle_not_moving
1412-1614,1614,1412,car,person,51.351,62.562,0,,,0,90,3.353,676.9,1121.5,543.5,746.8,889.7,273.7,-296.0,yes,vehicle_not_moving
1423-1613,1613,1423,bus,person,51.351,68.969,0,,,0,57,8.167,5.8,1932.0,306.4,311.1,400.2,172.6,-507.5,yes,vehicle_not_moving
1423-1614,1614,1423,car,person,51.351,62.562,0,,,0,57,3.437,1054.0,1240.2,584.3,789.5,889.7,172.6,-296.0,yes,vehicle_not_moving
1426-1613,1613,1426,bus,person,51.351,72.773,0,,,0,98,8.764,10.8,1728.9,272.0,282.3,400.2,225.0,-507.5,yes,vehicle_not_moving
1426-1614,1614,1426,car,person,51.351,62.562,0,,,0,96,3.266,681.4,1193.3,577.5,777.5,889.7,225.0,-296.0,yes,vehicle_not_moving
1429-1613,1613,1429,bus,person,51.351,71.772,0,,,0,27,8.238,32.1,1799.8,313.8,318.6,400.2,134.2,-507.5,yes,vehicle_not_moving
1429-1614,1614,1429,car,person,51.351,62.562,0,,,0,27,3.509,838.9,1228.2,595.3,785.0,889.7,134.2,-296.0,yes,vehicle_not_moving
1546-1613,1613,1546,bus,person,51.351,91.692,0,,,0,400,7.027,41.1,739.3,379.5,400.2,400.2,121.0,-579.0,yes,vehicle_not_moving
1546-1614,1614,1546,car,person,51.351,62.562,0,,,0,113,3.028,475.7,1033.7,810.9,889.7,889.7,50.8,-296.0,yes,vehicle_not_moving
1299-1627,1627,1299,car,person,51.652,68.769,0,,,0,57,3.935,715.7,762.1,265.4,506.3,372.4,200.3,-735.6,yes,vehicle_not_moving
1412-1627,1627,1412,car,person,51.652,64.264,0,,,0,87,3.713,563.2,719.3,415.6,527.7,372.4,273.7,-735.6,yes,vehicle_not_moving
1423-1627,1627,1423,car,person,51.652,68.969,0,,,0,54,4.474,581.5,837.3,339.3,476.7,372.4,172.6,-735.6,yes,vehicle_not_moving
1426-1627,1627,1426,car,person,51.652,72.773,0,,,0,95,2.967,490.2,714.9,396.9,522.6,372.4,225.0,-735.6,yes,vehicle_not_moving
1429-1627,1627,1429,car,person,51.652,71.772,0,,,0,24,4.825,559.1,882.9,311.5,464.8,372.4,134.2,-735.6,yes,vehicle_not_moving
1546-1627,1627,1546,car,person,51.652,73.573,0,,,0,220,8.623,595.3,595.3,76.9,364.5,372.4,50.8,-735.6,yes,vehicle_not_moving
1299-1636,1636,1299,car,person,51.952,56.757,0,,,0,49,5.593,75.3,481.5,118.2,126.2,0.0,126.2,0.0,no,vehicle_not_moving
1412-1636,1636,1412,car,person,51.952,56.757,0,,,0,49,7.178,25.2,947.5,160.1,160.8,0.0,160.8,0.0,no,vehicle_not_moving
1423-1636,1636,1423,car,person,51.952,56.757,0,,,0,47,7.653,10.0,935.0,123.9,130.9,0.0,130.9,0.0,no,vehicle_not_moving
1426-1636,1636,1426,car,person,51.952,56.757,0,,,0,49,5.392,6.3,896.4,207.9,225.0,0.0,225.0,0.0,no,vehicle_not_moving
1429-1636,1636,1429,car,person,51.952,56.757,0,,,0,20,7.86,7.4,905.6,125.7,129.3,0.0,129.3,0.0,no,vehicle_not_moving
1546-1636,1636,1546,car,person,51.952,56.757,0,,,0,49,16.046,346.1,504.0,31.5,50.8,0.0,50.8,0.0,no,vehicle_not_moving
924-1665,1665,924,truck,person,52.753,99.6,0,,,0,181,9.8,10.5,1123.9,148.2,210.7,173.5,195.5,-288.8,yes,pedestrian_not_in_crosswalk
1299-1665,1665,1299,truck,person,52.753,68.769,0,,,0,46,4.85,142.1,677.4,169.8,316.0,172.6,200.3,-288.8,yes,vehicle_not_moving
1412-1665,1665,1412,truck,person,52.753,64.264,0,,,0,76,4.526,34.5,663.9,262.1,381.7,165.9,273.7,-288.8,yes,vehicle_not_moving
1423-1665,1665,1423,truck,person,52.753,68.969,0,,,0,43,4.932,60.5,787.0,246.3,293.4,173.5,172.6,-288.8,yes,vehicle_not_moving
1426-1665,1665,1426,truck,person,52.753,72.773,0,,,0,84,3.987,53.1,748.0,282.8,308.9,173.5,225.0,-288.8,yes,vehicle_not_moving
1429-1665,1665,1429,truck,person,52.753,71.772,0,,,0,13,4.836,53.5,823.4,244.7,282.1,173.5,134.2,-288.8,yes,vehicle_not_moving
1546-1665,1665,1546,truck,person,52.753,94.094,0,,,0,410,5.198,216.0,508.9,130.8,173.5,173.5,121.0,-288.8,yes,vehicle_not_moving
1299-1683,1683,1299,car,person,53.153,57.558,0,,,0,42,,1626.7,1626.7,0.0,353.6,252.5,126.2,-64.1,yes,vehicle_not_moving
1299-1685,1685,1299,car,person,53.153,57.758,0,,,0,42,5.341,138.2,406.2,116.8,126.2,0.0,126.2,0.0,no,vehicle_not_moving
1412-1683,1683,1412,car,person,53.153,57.558,0,,,0,45,,1099.6,1099.6,0.0,402.7,252.5,163.3,-64.1,yes,vehicle_not_moving
1412-1685,1685,1412,car,person,53.153,57.758,0,,,0,47,6.078,25.7,814.2,149.3,163.3,0.0,163.3,0.0,no,vehicle_not_moving
1423-1683,1683,1423,car,person,53.153,57.558,0,,,0,39,,1277.8,1277.8,0.0,365.7,252.5,134.0,-64.1,yes,vehicle_not_moving
1423-1685,1685,1423,car,person,53.153,57.758,0,,,0,39,7.395,9.4,823.8,124.2,134.0,0.0,134.0,0.0,no,vehicle_not_moving
1426-1683,1683,1426,car,person,53.153,57.558,0,,,0,45,,1191.2,1191.2,0.0,403.0,252.5,225.0,-64.1,yes,vehicle_not_moving
1426-1685,1685,1426,car,person,53.153,57.758,0,,,0,47,5.39,5.7,832.9,207.8,225.0,0.0,225.0,0.0,no,vehicle_not_moving
1429-1683,1683,1429,car,person,53.153,57.558,0,,,0,8,,1349.5,1349.5,0.0,365.1,252.5,129.3,-64.1,yes,vehicle_not_moving
1429-1685,1685,1429,car,person,53.153,57.758,0,,,0,8,7.437,44.0,796.0,125.7,129.3,0.0,129.3,0.0,no,vehicle_not_moving
1546-1683,1683,1546,car,person,53.153,57.558,0,,,0,45,136.759,1803.3,1803.3,14.0,252.5,252.5,50.8,-64.1,yes,pedestrian_stationary
1546-1685,1685,1546,car,person,53.153,57.758,0,,,0,47,16.052,346.2,503.4,31.4,50.8,0.0,50.8,0.0,no,pedestrian_stationary
1299-1688,1688,1299,car,person,53.253,67.067,0,,,0,41,2.007,348.5,397.3,322.4,468.0,456.2,200.3,-450.4,yes,vehicle_not_moving
1412-1688,1688,1412,car,person,53.253,64.264,0,,,0,71,1.271,126.1,169.8,438.8,469.5,456.2,273.7,-450.4,yes,vehicle_not_moving
1423-1688,1688,1423,car,person,53.253,67.067,0,,,0,38,1.989,188.8,276.2,390.7,430.4,456.2,172.6,-450.4,yes,vehicle_not_moving
1426-1688,1688,1426,car,person,53.253,67.067,0,,,0,79,0.975,22.6,179.1,511.0,521.9,456.2,225.0,-450.4,yes,vehicle_not_moving
1429-1688,1688,1429,car,person,53.253,67.067,0,,,0,8,2.233,285.7,289.5,387.3,452.9,456.2,134.2,-450.4,yes,vehicle_not_moving
1546-1688,1688,1546,car,person,53.253,67.067,0,,,0,139,1.654,208.5,233.1,230.4,456.2,456.2,50.8,-450.4,yes,pedestrian_stationary
1299-1703,1703,1299,car,person,53.654,67.467,0,,,0,37,3.649,216.5,991.1,675.2,769.6,891.0,200.3,-265.2,yes,vehicle_not_moving
1412-1703,1703,1412,car,person,53.654,64.264,0,,,0,67,3.254,2.6,1113.3,617.9,771.1,891.0,273.7,-265.2,yes,vehicle_not_moving
1423-1703,1703,1423,car,person,53.654,67.467,0,,,0,34,3.512,26.9,1181.9,614.0,776.8,891.0,172.6,-265.2,yes,vehicle_not_moving
1426-1703,1703,1426,car,person,53.654,67.467,0,,,0,75,3.104,347.7,1134.3,653.0,745.1,891.0,225.0,-265.2,yes,vehicle_not_moving
1429-1703,1703,1429,car,person,53.654,67.467,0,,,0,4,3.662,308.2,1156.6,610.0,775.6,891.0,134.2,-265.2,yes,vehicle_not_moving
1546-1703,1703,1546,car,person,53.654,67.467,0,,,0,139,3.032,863.9,1032.2,809.9,891.0,891.0,50.8,-265.2,yes,pedestrian_stationary
25-1709,25,1709,truck,person,53.754,95.896,0,,,0,129,12.105,1.3,1812.0,205.4,246.3,34.3,240.3,-107.7,yes,pedestrian_not_in_crosswalk
500-1709,500,1709,car,person,53.754,90.691,0,,,0,120,7.283,81.7,1011.4,211.1,256.4,38.8,240.3,-98.5,yes,pedestrian_not_in_crosswalk
849-1709,849,1709,bus,person,53.754,86.887,0,,,0,82,11.538,88.8,2063.1,209.6,220.3,173.0,220.3,-390.3,yes,pedestrian_not_in_crosswalk
855-1709,855,1709,car,person,53.754,95.896,0,,,0,129,10.479,77.7,1342.3,155.8,174.0,158.5,240.3,-76.4,yes,pedestrian_not_in_crosswalk
1452-1709,1452,1709,car,person,53.754,83.784,0,,,0,51,4.146,16.7,557.4,243.9,318.6,318.6,128.9,-239.0,yes,pedestrian_not_in_crosswalk
1469-1709,1469,1709,car,person,53.754,95.896,0,,,0,129,12.489,6.7,1889.4,203.7,240.3,11.4,240.3,-52.5,yes,pedestrian_not_in_crosswalk
1585-1709,1585,1709,car,person,53.754,89.89,0,,,0,112,1.383,7.8,45.4,256.9,352.6,284.3,240.3,-210.2,yes,pedestrian_not_in_crosswalk
1613-1709,1613,1709,bus,person,53.754,91.692,0,,,0,129,4.684,16.2,639.9,224.9,400.2,400.2,240.3,-579.0,yes,pedestrian_not_in_crosswalk
1665-1709,1665,1709,truck,person,53.754,95.896,0,,,0,129,15.466,32.2,1095.7,133.0,260.2,173.5,240.3,-288.8,yes,pedestrian_not_in_crosswalk
1299-1725,1725,1299,car,person,54.454,66.867,0,,,0,29,,1189.0,1189.0,0.0,462.9,355.4,200.3,-333.4,yes,vehicle_not_moving
1412-1725,1725,1412,car,person,54.454,64.264,0,,,0,59,,806.2,806.2,0.0,532.8,355.4,273.7,-333.4,yes,vehicle_not_moving
1423-1725,1725,1423,car,person,54.454,66.867,0,,,0,26,,953.0,953.0,0.0,474.2,355.4,172.6,-333.4,yes,vehicle_not_moving
1426-1725,1725,1426,car,person,54.454,66.867,0,,,0,67,,843.9,843.9,0.0,506.4,355.4,225.0,-333.4,yes,vehicle_not_moving
1429-1725,1725,1429,car,person,54.454,66.867,0,,,0,1,,1022.5,1022.5,0.0,476.6,355.4,134.2,-333.4,yes,pedestrian_not_in_crosswalk
1546-1725,1725,1546,car,person,54.454,66.867,0,,,0,125,,1201.9,1201.9,0.0,358.0,355.4,50.8,-333.4,yes,pedestrian_stationary
1299-1769,1769,1299,car,person,55.556,61.361,0,,,0,18,21.02,826.2,1088.2,61.2,114.7,25.6,114.7,1.8,no,vehicle_not_moving
1412-1769,1769,1412,car,person,55.556,61.361,0,,,0,48,4.535,271.3,1209.7,266.7,273.7,25.6,273.7,1.8,no,vehicle_not_moving
1423-1769,1769,1423,car,person,55.556,61.361,0,,,0,15,9.243,744.4,1270.9,142.3,172.6,25.6,172.6,1.8,no,vehicle_not_moving
1426-1769,1769,1426,car,person,55.556,61.361,0,,,0,42,11.043,259.0,1347.5,138.3,164.9,25.6,164.9,1.8,no,vehicle_not_moving
1546-1769,1769,1546,car,person,55.556,61.361,0,,,0,59,,1172.3,1172.3,0.0,50.3,25.6,50.3,1.8,no,vehicle_not_moving
1299-1775,1775,1299,car,person,55.656,60.56,0,,,0,17,4.628,145.8,249.9,99.4,113.5,0.0,113.5,0.0,no,vehicle_not_moving
1412-1775,1775,1412,car,person,55.656,60.56,0,,,0,47,1.689,50.0,436.4,258.4,273.7,0.0,273.7,0.0,no,vehicle_not_moving
1423-1775,1775,1423,car,person,55.656,60.56,0,,,0,14,2.904,131.0,482.3,166.1,172.6,0.0,172.6,0.0,no,vehicle_not_moving
1426-1775,1775,1426,car,person,55.656,60.56,0,,,0,36,5.349,5.5,580.6,160.6,164.9,0.0,164.9,0.0,no,vehicle_not_moving
1546-1775,1775,1546,car,person,55.656,60.56,0,,,0,50,,518.8,518.8,0.0,35.1,0.0,35.1,0.0,no,vehicle_not_moving
1299-1797,1797,1299,car,person,56.356,68.769,0,,,0,10,3.922,111.3,1040.3,702.0,763.6,851.0,200.3,-336.8,yes,vehicle_not_moving
1412-1797,1797,1412,car,person,56.356,64.264,0,,,0,40,4.031,49.1,1136.9,618.4,713.7,851.0,273.7,-336.8,yes,vehicle_not_moving
1423-1797,1797,1423,car,person,56.356,68.969,0,,,0,9,4.058,649.8,1223.0,638.7,732.5,851.0,172.6,-336.8,yes,vehicle_not_moving
1426-1797,1797,1426,car,person,56.356,70.07,0,,,0,48,3.765,721.4,1161.0,654.3,761.2,851.0,164.9,-336.8,yes,vehicle_not_moving
1429-1797,1797,1429,car,person,56.356,70.07,0,,,0,1,4.102,733.8,1184.9,619.3,723.9,851.0,134.2,-336.8,yes,pedestrian_not_in_crosswalk
1546-1797,1797,1546,car,person,56.356,70.07,0,,,0,138,3.286,974.0,1051.8,782.2,851.0,851.0,0.0,-336.8,yes,vehicle_not_moving
1299-1807,1807,1299,car,person,56.657,68.769,0,,,0,7,2.671,2.4,951.3,946.6,1040.3,1117.7,200.3,-415.7,yes,vehicle_not_moving
1412-1807,1807,1412,car,person,56.657,64.264,0,,,0,37,2.667,349.1,1080.7,809.0,963.6,1117.7,273.7,-415.7,yes,vehicle_not_moving
1423-1807,1807,1423,car,person,56.657,68.969,0,,,0,6,2.724,323.4,1152.1,827.6,989.4,1117.7,172.6,-415.7,yes,vehicle_not_moving
1426-1807,1807,1426,car,person,56.657,72.773,0,,,0,45,2.8,25.4,1089.0,832.7,996.3,1117.7,164.9,-415.7,yes,vehicle_not_moving
1429-1807,1807,1429,car,person,56.657,71.772,0,,,0,1,2.759,62.3,1113.1,843.4,1000.6,1117.7,134.2,-415.7,yes,pedestrian_not_in_crosswalk
1546-1807,1807,1546,car,person,56.657,73.273,0,,,0,167,2.258,941.8,995.0,1017.4,1117.7,1117.7,7.5,-415.7,yes,vehicle_not_moving
1299-1821,1821,1299,car,person,56.857,68.769,0,,,0,5,14.075,595.0,596.0,42.7,494.1,403.6,200.3,-202.5,yes,vehicle_not_moving
1412-1821,1821,1412,car,person,56.857,64.264,0,,,0,35,2.87,580.8,594.1,256.7,638.3,403.6,273.7,-47.7,yes,vehicle_not_moving
1423-1821,1821,1423,car,person,56.857,68.969,0,,,0,4,3.726,640.2,689.7,220.0,563.2,403.6,172.6,-202.5,yes,vehicle_not_moving
1426-1821,1821,1426,car,person,56.857,69.97,0,,,0,43,3.983,333.4,613.1,183.9,538.9,403.6,164.9,-202.5,yes,vehicle_not_moving
1429-1821,1821,1429,car,person,56.857,69.97,0,,,0,1,3.936,689.1,725.3,204.2,498.0,403.6,134.2,-202.5,yes,pedestrian_not_in_crosswalk
1546-1821,1821,1546,car,person,56.857,69.97,0,,,0,132,4.782,415.5,427.9,93.9,403.6,403.6,0.0,-202.5,yes,vehicle_not_moving
1299-1827,1827,1299,car,person,56.957,60.861,0,,,0,4,4.619,145.5,231.2,87.4,96.6,0.0,96.6,,no,vehicle_not_moving
1412-1827,1827,1412,car,person,56.957,60.861,0,,,0,34,1.689,80.4,436.2,258.3,273.7,0.0,273.7,,no,vehicle_not_moving
1423-1827,1827,1423,car,person,56.957,60.861,0,,,0,3,2.902,130.7,446.0,166.1,172.6,0.0,172.6,,no,vehicle_not_moving
1426-1827,1827,1426,car,person,56.957,60.861,0,,,0,23,5.346,118.5,564.5,128.6,164.9,0.0,164.9,,no,vehicle_not_moving
1546-1827,1827,1546,car,person,56.957,60.861,0,,,0,40,,518.8,518.8,0.0,0.0,0.0,0.0,,no,vehicle_not_moving
1299-1833,1833,1299,car,person,57.157,61.161,0,,,0,2,17.616,721.1,896.5,59.4,96.6,0.0,96.6,,no,vehicle_not_moving
1412-1833,1833,1412,car,person,57.157,61.161,0,,,0,32,3.751,238.5,997.0,265.8,273.7,0.0,273.7,,no,vehicle_not_moving
1423-1833,1833,1423,car,person,57.157,61.161,0,,,0,1,7.943,653.9,1073.5,139.1,172.6,0.0,172.6,,no,pedestrian_not_in_crosswalk
1426-1833,1833,1426,car,person,57.157,61.161,0,,,0,24,15.149,327.6,1140.8,80.6,164.9,0.0,164.9,,no,vehicle_not_moving
1546-1833,1833,1546,car,person,57.157,61.161,0,,,0,41,,985.1,985.1,0.0,0.0,0.0,0.0,,no,pedestrian_stationary
1299-1837,1837,1299,car,person,57.257,61.762,0,,,0,1,4.621,145.5,203.9,76.1,96.6,0.0,96.6,0.0,no,vehicle_not_moving
1412-1837,1837,1412,car,person,57.257,61.762,0,,,0,31,1.685,80.1,435.4,258.4,273.7,0.0,273.7,0.0,no,vehicle_not_moving
1423-1837,1837,1423,car,person,57.257,61.762,0,,,0,1,2.899,130.9,406.8,166.1,172.6,0.0,172.6,0.0,no,pedestrian_not_in_crosswalk
1426-1837,1837,1426,car,person,57.257,61.762,0,,,0,29,5.341,6.1,491.9,128.5,164.9,0.0,164.9,0.0,no,vehicle_not_moving
1546-1837,1837,1546,car,person,57.257,61.762,0,,,0,46,,517.7,517.7,0.0,0.0,0.0,0.0,0.0,no,pedestrian_stationary
1412-1849,1849,1412,car,person,57.658,64.264,0,,,0,27,62.349,909.7,911.0,14.6,364.6,141.6,273.7,-32.4,no,vehicle_not_moving
1426-1849,1849,1426,car,person,57.658,64.765,0,,,0,35,70.167,948.7,949.6,16.8,284.7,141.6,164.9,-32.4,no,vehicle_not_moving
1429-1849,1849,1429,car,person,57.658,64.765,0,,,0,1,206.765,1049.3,1049.3,6.0,274.2,141.6,134.2,-32.4,no,pedestrian_not_in_crosswalk
1546-1849,1849,1546,car,person,57.658,64.765,0,,,0,72,,760.3,760.3,0.0,141.6,141.6,0.0,-32.4,no,pedestrian_stationary
1412-1888,1888,1412,car,person,59.059,64.264,0,,,0,13,,2854.4,2854.4,0.0,461.6,325.8,273.7,-425.4,yes,vehicle_not_moving
1426-1888,1888,1426,car,person,59.059,65.766,0,,,0,21,,2670.2,2670.2,0.0,470.0,325.8,144.5,-425.4,yes,vehicle_not_moving
1429-1888,1888,1429,car,person,59.059,65.766,0,,,0,1,,2951.4,2951.4,0.0,427.9,325.8,127.1,-425.4,yes,pedestrian_not_in_crosswalk
1546-1888,1888,1546,car,person,59.059,65.766,0,,,0,68,,2871.1,2871.1,0.0,325.8,325.8,0.0,-425.4,yes,pedestrian_stationary
1412-1900,1900,1412,car,person,59.359,63.363,0,,,0,10,1.688,80.3,436.1,258.4,273.7,0.0,273.7,,no,vehicle_not_moving
1426-1900,1900,1426,car,person,59.359,63.363,0,,,0,19,3.579,4.8,409.6,126.6,144.5,0.0,144.5,,no,pedestrian_not_in_crosswalk
1429-1900,1900,1429,car,person,59.359,63.363,0,,,0,1,3.418,2.3,403.1,126.1,127.0,0.0,127.0,,no,pedestrian_not_in_crosswalk
1546-1900,1900,1546,car,person,59.359,63.363,0,,,0,41,,518.3,518.3,0.0,0.0,0.0,0.0,,no,pedestrian_stationary
1412-1917,1917,1412,car,person,59.76,63.864,0,,,0,6,1.685,80.4,435.3,258.3,273.7,0.0,273.7,,no,vehicle_not_moving
1426-1917,1917,1426,car,person,59.76,63.864,0,,,0,19,3.572,4.9,379.6,126.6,128.5,0.0,128.5,,no,pedestrian_not_in_crosswalk
1429-1917,1917,1429,car,person,59.76,63.864,0,,,0,1,3.411,2.3,373.9,126.1,127.0,0.0,127.0,,no,pedestrian_not_in_crosswalk
1546-1917,1917,1546,car,person,59.76,63.864,0,,,0,42,,516.8,516.8,0.0,0.0,0.0,0.0,,no,pedestrian_stationary
1412-1930,1930,1412,car,person,59.96,64.264,0,,,0,4,3.458,610.9,922.6,282.0,366.7,137.0,273.7,-23.0,no,vehicle_not_moving
1426-1930,1930,1426,car,person,59.96,69.069,0,,,0,19,8.744,872.4,1004.0,115.0,231.2,137.0,128.5,-32.6,no,pedestrian_not_in_crosswalk
1429-1930,1930,1429,car,person,59.96,69.069,0,,,0,1,12.683,976.1,1039.3,82.1,238.1,137.0,127.0,-32.6,no,pedestrian_not_in_crosswalk
1546-1930,1930,1546,car,person,59.96,69.069,0,,,0,92,15.974,812.5,830.2,57.6,137.0,137.0,0.0,-32.6,no,pedestrian_stationary
924-1944,1944,924,truck,person,60.26,78.078,0,,,0,26,6.637,707.7,1204.9,313.2,445.4,445.4,53.5,-138.1,yes,pedestrian_not_in_crosswalk
1412-1944,1944,1412,truck,person,60.26,64.264,0,,,0,1,1.91,347.9,520.6,285.1,540.6,429.3,273.7,-3.5,no,vehicle_not_moving
1412-1947,1947,1412,car,person,60.26,64.264,0,,,0,1,2.878,311.9,779.5,273.1,341.4,110.8,273.7,-79.3,yes,vehicle_not_moving
1426-1944,1944,1426,truck,person,60.26,72.773,0,,,0,19,6.274,582.2,654.2,115.8,515.9,445.4,128.5,-138.1,yes,pedestrian_not_in_crosswalk
1426-1947,1947,1426,car,person,60.26,65.265,0,,,0,19,7.432,393.6,813.9,113.7,168.9,110.8,128.5,-79.3,yes,pedestrian_not_in_crosswalk
1429-1944,1944,1429,truck,person,60.26,71.772,0,,,0,1,7.47,614.3,695.8,99.5,519.4,445.4,127.0,-138.1,yes,pedestrian_not_in_crosswalk
1429-1947,1947,1429,car,person,60.26,65.265,0,,,0,1,8.957,559.1,846.9,97.2,154.4,110.8,127.0,-79.3,yes,pedestrian_not_in_crosswalk
1546-1944,1944,1546,truck,person,60.26,78.078,0,,,0,179,3.567,406.5,407.6,135.2,445.4,445.4,10.3,-138.1,yes,pedestrian_stationary
1546-1947,1947,1546,car,person,60.26,65.265,0,,,0,51,18.47,682.0,742.1,40.8,110.8,110.8,0.0,-79.3,yes,pedestrian_stationary
1426-1949,1949,1426,car,person,60.36,64.364,0,,,0,19,10.648,495.8,1194.7,114.3,128.5,0.0,128.5,,no,pedestrian_not_in_crosswalk
1426-1950,1950,1426,car,person,60.36,64.264,0,,,0,19,3.583,4.3,365.6,126.6,128.5,0.0,128.5,,no,pedestrian_not_in_crosswalk
1429-1949,1949,1429,car,person,60.36,64.364,0,,,0,1,12.405,666.9,1219.2,100.0,127.0,0.0,127.0,,no,pedestrian_not_in_crosswalk
1429-1950,1950,1429,car,person,60.36,64.264,0,,,0,1,3.423,2.8,353.9,126.0,127.0,0.0,127.0,,no,pedestrian_not_in_crosswalk
1546-1949,1949,1546,car,person,60.36,64.364,0,,,0,41,,1107.4,1107.4,0.0,0.0,0.0,0.0,,no,pedestrian_stationary
1546-1950,1950,1546,car,person,60.36,64.264,0,,,0,40,,517.7,517.7,0.0,0.0,0.0,0.0,,no,pedestrian_stationary
1426-1961,1961,1426,car,person,60.661,68.368,0,,,0,19,6.2,449.4,823.2,142.0,165.7,69.5,128.5,-45.0,yes,pedestrian_not_in_crosswalk
1429-1961,1961,1429,car,person,60.661,68.368,0,,,0,1,7.263,563.3,844.7,122.8,175.7,69.5,127.0,-45.0,yes,pedestrian_not_in_crosswalk
1546-1961,1961,1546,car,person,60.661,68.368,0,,,0,78,17.937,548.5,739.3,46.0,69.5,69.5,0.0,-45.0,yes,pedestrian_stationary
1426-1965,1965,1426,car,person,60.861,72.272,0,,,0,19,6.569,557.1,990.6,164.4,214.6,116.2,128.5,-38.0,yes,pedestrian_not_in_crosswalk
1429-1965,1965,1429,car,person,60.861,71.772,0,,,0,1,7.527,630.4,1026.4,144.4,215.8,116.2,127.0,-38.0,yes,pedestrian_not_in_crosswalk
1546-1965,1965,1546,car,person,60.861,72.272,0,,,0,115,14.094,786.5,820.9,75.5,116.2,116.2,7.5,-38.0,yes,pedestrian_stationary
1426-1984,1984,1426,car,person,61.461,72.372,0,,,0,14,170.187,1261.4,1274.9,7.5,282.8,210.2,128.5,-124.6,yes,vehicle_not_moving
1429-1984,1984,1429,car,person,61.461,71.772,0,,,0,1,184.029,1310.9,1325.8,7.2,282.8,210.2,127.0,-124.6,yes,pedestrian_not_in_crosswalk
1546-1984,1984,1546,car,person,61.461,72.372,0,,,0,110,,1034.4,1034.4,0.0,210.2,210.2,7.5,-124.6,yes,pedestrian_stationary
1426-1986,1986,1426,car,person,61.562,72.372,0,,,0,13,3.695,55.8,1264.3,735.0,829.0,880.6,128.5,-269.7,yes,vehicle_not_moving
1429-1986,1986,1429,car,person,61.562,71.772,0,,,0,1,3.765,454.1,1284.6,732.9,808.6,880.6,127.0,-269.7,yes,pedestrian_not_in_crosswalk
1546-1986,1986,1546,car,person,61.562,72.372,0,,,0,109,3.08,519.2,1047.5,794.8,880.6,880.6,7.5,-269.7,yes,pedestrian_stationary
1426-1992,1992,1426,car,person,61.762,66.466,0,,,0,11,6.451,394.8,750.4,124.8,253.7,154.7,128.5,-260.1,yes,vehicle_not_moving
1429-1992,1992,1429,car,person,61.762,66.466,0,,,0,1,7.053,375.1,788.0,114.8,233.5,154.7,127.0,-260.1,yes,pedestrian_not_in_crosswalk
1546-1992,1992,1546,car,person,61.762,66.466,0,,,0,48,11.494,80.3,651.7,59.2,154.7,154.7,0.0,-260.1,yes,pedestrian_stationary
924-2009,2009,924,car,person,62.763,99.6,0,,,0,181,3.243,9.2,372.0,165.6,195.5,126.4,195.5,-64.3,yes,pedestrian_not_in_crosswalk
1426-2009,2009,1426,car,person,62.763,72.773,0,,,0,1,44.976,783.7,783.7,17.5,192.7,126.4,84.5,-42.6,yes,vehicle_not_moving
1546-2009,2009,1546,car,person,62.763,94.094,0,,,0,310,7.718,0.8,491.3,119.9,126.4,126.4,121.0,-64.3,yes,pedestrian_stationary
1709-2009,2009,1709,car,person,62.763,95.896,0,,,0,129,3.239,5.4,368.0,226.3,240.3,126.4,240.3,-64.3,yes,pedestrian_not_in_crosswalk
1546-2012,2012,1546,car,person,62.863,73.674,0,,,0,109,2.701,596.2,1027.5,882.7,976.3,976.3,7.5,-348.5,yes,pedestrian_stationary
1546-2034,2034,1546,car,person,63.463,67.868,0,,,0,45,42.196,348.5,521.3,12.4,26.8,26.8,0.0,0.0,no,pedestrian_stationary
924-2050,2050,924,car,person,63.964,84.084,0,,,0,73,8.207,228.5,1158.8,293.9,372.1,372.1,142.5,-321.8,yes,pedestrian_not_in_crosswalk
1546-2050,2050,1546,car,person,63.964,84.084,0,,,0,198,3.828,408.8,418.7,123.9,372.1,372.1,121.0,-321.8,yes,pedestrian_stationary
1709-2050,2050,1709,car,person,63.964,84.084,0,,,0,54,7.785,631.5,1129.0,295.3,415.7,372.1,140.2,-321.8,yes,pedestrian_not_in_crosswalk
1546-2063,2063,1546,car,person,64.364,70.671,0,,,0,64,,514.8,514.8,0.0,0.0,0.0,0.0,0.0,no,pedestrian_stationary
1546-2076,2076,1546,car,person,64.564,74.274,0,,,0,98,2.644,972.4,987.0,913.7,994.3,994.3,7.5,-336.3,yes,pedestrian_stationary
1546-2080,2080,1546,car,person,64.665,71.572,0,,,0,70,14.144,200.9,747.8,54.0,99.2,99.2,7.5,-80.5,yes,pedestrian_stationary
25-2093,25,2093,truck,person,64.965,85.285,0,,,0,137,4.908,13.0,404.0,129.6,132.4,23.5,132.4,-73.3,yes,pedestrian_not_in_crosswalk
500-2093,500,2093,car,person,64.965,85.285,0,,,0,137,15.584,44.0,1306.2,103.0,136.2,24.4,132.4,-98.5,yes,pedestrian_not_in_crosswalk
683-2093,683,2093,bus,person,64.965,75.776,0,,,0,82,16.11,53.2,1472.0,123.9,129.8,56.1,132.4,-116.0,yes,pedestrian_not_in_crosswalk
849-2093,849,2093,bus,person,64.965,85.285,0,,,0,137,19.909,3.7,1214.6,82.7,130.5,173.0,132.4,-390.3,yes,pedestrian_not_in_crosswalk
855-2093,855,2093,car,person,64.965,85.285,0,,,0,137,17.899,252.2,1382.3,85.9,132.8,36.6,132.4,-76.4,yes,pedestrian_not_in_crosswalk
1386-2093,1386,2093,car,person,64.965,72.472,0,,,0,49,,1408.4,1408.4,0.0,344.8,267.7,132.4,-212.8,yes,pedestrian_not_in_crosswalk
1452-2093,1452,2093,car,person,64.965,83.784,0,,,0,137,236.489,1742.8,1778.9,7.6,208.9,116.4,132.4,-134.3,yes,pedestrian_not_in_crosswalk
1469-2093,1469,2093,car,person,64.965,85.285,0,,,0,137,6.91,4.7,588.6,130.8,132.4,11.4,132.4,-52.5,yes,pedestrian_not_in_crosswalk
1480-2093,1480,2093,car,person,64.965,75.275,0,,,0,77,,995.8,995.8,0.0,433.3,322.6,132.4,-289.9,yes,pedestrian_not_in_crosswalk
1505-2093,1505,2093,car,person,64.965,69.67,0,,,0,21,,1856.6,1856.6,0.0,251.2,162.4,132.4,-61.7,yes,pedestrian_not_in_crosswalk
1519-2093,1519,2093,car,person,64.965,78.579,0,,,0,110,,931.2,931.2,0.0,369.7,253.5,132.4,-198.8,yes,pedestrian_not_in_crosswalk
1520-2093,1520,2093,car,person,64.965,75.375,0,,,0,78,,1332.3,1332.3,0.0,184.1,110.7,132.4,-178.6,yes,pedestrian_not_in_crosswalk
1546-2098,2098,1546,car,person,64.965,68.969,0,,,0,41,,677.8,677.8,0.0,0.0,0.0,0.0,,no,pedestrian_stationary
1548-2093,1548,2093,car,person,64.965,69.67,0,,,0,21,,1833.2,1833.2,0.0,275.4,185.4,132.4,-73.0,yes,pedestrian_not_in_crosswalk
1585-2093,1585,2093,car,person,64.965,85.285,0,,,0,137,,1224.4,1224.4,0.0,347.3,270.4,132.4,-184.9,yes,pedestrian_not_in_crosswalk
1613-2093,1613,2093,bus,person,64.965,85.285,0,,,0,137,23.433,4.1,1356.6,63.6,313.1,216.4,132.4,-579.0,yes,pedestrian_not_in_crosswalk
1627-2093,1627,2093,car,person,64.965,73.573,0,,,0,60,,1053.7,1053.7,0.0,444.6,364.5,132.4,-370.9,yes,pedestrian_not_in_crosswalk
1665-2093,1665,2093,truck,person,64.965,85.285,0,,,0,137,6.424,560.9,641.1,136.0,300.2,173.5,132.4,-114.5,yes,pedestrian_not_in_crosswalk
1797-2093,1797,2093,car,person,64.965,70.07,0,,,0,25,15.581,533.7,1866.7,127.6,134.3,134.3,132.4,-24.5,no,pedestrian_not_in_crosswalk
1807-2093,1807,2093,car,person,64.965,73.273,0,,,0,57,16.623,157.8,1760.5,130.7,132.4,79.6,132.4,-30.6,yes,pedestrian_not_in_crosswalk
1821-2093,1821,2093,car,person,64.965,69.97,0,,,0,24,,1423.0,1423.0,0.0,430.4,347.5,132.4,-202.5,yes,pedestrian_not_in_crosswalk
1930-2093,1930,2093,car,person,64.965,69.069,0,,,0,15,12.64,634.7,1512.4,120.3,203.2,112.8,132.4,-19.8,no,pedestrian_not_in_crosswalk
1944-2093,1944,2093,truck,person,64.965,78.078,0,,,0,105,,504.3,504.3,0.0,517.6,444.1,132.4,-138.1,yes,pedestrian_not_in_crosswalk
1961-2093,1961,2093,car,person,64.965,68.368,0,,,0,8,17.592,455.4,1775.7,100.9,104.8,0.0,104.8,,no,pedestrian_not_in_crosswalk
1965-2093,1965,2093,car,person,64.965,72.272,0,,,0,47,10.466,622.6,1241.7,146.7,202.6,116.2,132.4,-38.0,yes,pedestrian_not_in_crosswalk
1984-2093,1984,2093,car,person,64.965,72.372,0,,,0,48,22.918,1082.6,1120.1,49.2,286.2,210.2,132.4,-124.6,yes,pedestrian_not_in_crosswalk
1986-2093,1986,2093,car,person,64.965,72.372,0,,,0,48,15.57,744.4,1483.7,109.1,413.8,413.8,132.4,-118.2,yes,pedestrian_not_in_crosswalk
2009-2093,2009,2093,car,person,64.965,85.285,0,,,0,137,5.243,554.7,693.0,207.0,244.4,126.4,132.4,-64.3,yes,pedestrian_not_in_crosswalk
2012-2093,2012,2093,car,person,64.965,73.674,0,,,0,61,15.526,681.8,1423.9,108.9,685.1,685.1,132.4,-277.6,yes,pedestrian_not_in_crosswalk
2034-2093,2034,2093,car,person,64.965,67.868,0,,,0,3,20.215,286.5,1773.8,87.7,95.5,0.0,95.5,,no,pedestrian_not_in_crosswalk
2050-2093,2050,2093,car,person,64.965,84.084,0,,,0,137,2.72,419.6,537.1,353.3,469.4,372.1,132.4,-126.0,yes,pedestrian_not_in_crosswalk
2063-2093,2063,2093,car,person,64.965,70.671,0,,,0,31,12.247,33.7,1451.7,129.6,132.4,0.0,132.4,0.0,no,pedestrian_not_in_crosswalk
2076-2093,2076,2093,car,person,64.965,74.274,0,,,0,67,2.956,738.8,1386.2,598.1,994.3,994.3,132.4,-336.3,yes,pedestrian_not_in_crosswalk
2080-2093,2080,2093,car,person,64.965,71.572,0,,,0,40,12.717,183.5,1478.7,146.9,183.9,99.2,132.4,-80.5,yes,pedestrian_not_in_crosswalk
2093-2098,2098,2093,car,person,64.965,68.969,0,,,0,14,12.735,179.4,1666.6,131.7,132.4,0.0,132.4,,no,pedestrian_not_in_crosswalk
25-2111,25,2111,truck,person,65.165,84.384,0,,,0,168,5.282,2.2,500.0,132.7,140.6,23.5,140.6,-73.3,yes,pedestrian_not_in_crosswalk
25-2112,25,2112,truck,person,65.165,88.789,0,,,0,134,5.572,20.8,285.4,124.8,125.5,23.5,125.5,-73.3,yes,pedestrian_not_in_crosswalk
500-2111,500,2111,car,person,65.165,84.384,0,,,0,168,16.285,144.7,1268.0,98.8,140.6,24.4,140.6,-98.5,yes,pedestrian_not_in_crosswalk
500-2112,500,2112,car,person,65.165,88.789,0,,,0,134,19.912,1179.8,1405.5,81.7,125.8,38.8,125.5,-98.5,yes,pedestrian_not_in_crosswalk
683-2111,683,2111,bus,person,65.165,75.776,0,,,0,82,13.204,11.5,1465.6,115.9,134.0,56.1,134.0,-116.0,yes,pedestrian_not_in_crosswalk
683-2112,683,2112,bus,person,65.165,75.776,0,,,0,83,18.864,345.9,1483.2,102.9,126.1,56.1,125.5,-116.0,yes,pedestrian_not_in_crosswalk
849-2111,849,2111,bus,person,65.165,84.384,0,,,0,168,18.834,0.9,1243.7,73.7,128.0,173.0,140.6,-390.3,yes,pedestrian_not_in_crosswalk
849-2112,849,2112,bus,person,65.165,86.887,0,,,0,134,23.443,12.0,1228.7,72.4,116.2,173.0,125.5,-390.3,yes,pedestrian_not_in_crosswalk
855-2111,855,2111,car,person,65.165,84.384,0,,,0,168,18.141,150.0,1316.5,85.1,140.6,31.8,140.6,-76.4,yes,pedestrian_not_in_crosswalk
855-2112,855,2112,car,person,65.165,88.789,0,,,0,134,13.815,1003.1,1422.2,106.6,158.5,158.5,125.5,-76.4,yes,pedestrian_not_in_crosswalk
1386-2111,1386,2111,car,person,65.165,72.472,0,,,0,49,,1368.6,1368.6,0.0,350.1,267.7,122.7,-212.8,yes,pedestrian_not_in_crosswalk
1386-2112,1386,2112,car,person,65.165,72.472,0,,,0,50,,1623.3,1623.3,0.0,343.2,267.7,125.5,-212.8,yes,pedestrian_not_in_crosswalk
1452-2111,1452,2111,car,person,65.165,83.784,0,,,0,162,217.796,1645.7,1705.8,7.8,204.3,116.4,140.6,-134.3,yes,pedestrian_not_in_crosswalk
1452-2112,1452,2112,car,person,65.165,83.784,0,,,0,134,299.092,1910.8,1959.7,6.6,190.3,116.4,125.5,-134.3,yes,pedestrian_not_in_crosswalk
1469-2111,1469,2111,car,person,65.165,84.384,0,,,0,168,7.456,9.7,680.8,133.8,140.6,11.4,140.6,-52.5,yes,pedestrian_not_in_crosswalk
1469-2112,1469,2112,car,person,65.165,88.789,0,,,0,134,8.274,3.3,442.3,124.1,125.5,11.4,125.5,-52.5,yes,pedestrian_not_in_crosswalk
1480-2111,1480,2111,car,person,65.165,75.275,0,,,0,77,,950.5,950.5,0.0,430.2,322.6,134.0,-289.9,yes,pedestrian_not_in_crosswalk
1480-2112,1480,2112,car,person,65.165,75.275,0,,,0,78,,1152.7,1152.7,0.0,443.9,322.6,125.5,-289.9,yes,pedestrian_not_in_crosswalk
1505-2111,1505,2111,car,person,65.165,69.67,0,,,0,21,,1800.7,1800.7,0.0,261.0,162.4,119.5,-61.7,yes,pedestrian_not_in_crosswalk
1505-2112,1505,2112,car,person,65.165,69.67,0,,,0,22,,2065.9,2065.9,0.0,223.8,162.4,125.5,-61.7,yes,pedestrian_not_in_crosswalk
1519-2111,1519,2111,car,person,65.165,78.579,0,,,0,110,98.85,905.1,907.1,9.2,369.1,253.5,134.0,-198.8,yes,pedestrian_not_in_crosswalk
1519-2112,1519,2112,car,person,65.165,78.579,0,,,0,111,,1009.1,1009.1,0.0,373.2,253.5,125.5,-198.8,yes,pedestrian_not_in_crosswalk
1520-2111,1520,2111,car,person,65.165,75.375,0,,,0,78,,1266.3,1266.3,0.0,198.7,110.7,134.0,-178.6,yes,pedestrian_not_in_crosswalk
1520-2112,1520,2112,car,person,65.165,75.375,0,,,0,79,,1490.5,1490.5,0.0,168.0,110.7,125.5,-178.6,yes,pedestrian_not_in_crosswalk
1548-2111,1548,2111,car,person,65.165,69.67,0,,,0,21,,1787.3,1787.3,0.0,287.3,185.4,119.5,-9.0,yes,pedestrian_not_in_crosswalk
1548-2112,1548,2112,car,person,65.165,69.67,0,,,0,22,,2053.8,2053.8,0.0,247.3,185.4,125.5,-9.0,yes,pedestrian_not_in_crosswalk
1585-2111,1585,2111,car,person,65.165,84.384,0,,,0,168,,1215.5,1215.5,0.0,360.0,261.7,140.6,-156.7,yes,pedestrian_not_in_crosswalk
1585-2112,1585,2112,car,person,65.165,88.789,0,,,0,134,,1400.8,1400.8,0.0,315.5,261.7,125.5,-210.2,yes,pedestrian_not_in_crosswalk
1613-2111,1613,2111,bus,person,65.165,84.384,0,,,0,168,24.257,4.9,1309.2,62.8,303.9,216.4,140.6,-579.0,yes,pedestrian_not_in_crosswalk
1613-2112,1613,2112,bus,person,65.165,88.789,0,,,0,134,27.675,56.0,1451.5,54.8,294.2,216.4,125.5,-579.0,yes,pedestrian_not_in_crosswalk
1627-2111,1627,2111,car,person,65.165,73.573,0,,,0,60,,1030.0,1030.0,0.0,458.9,364.5,122.7,-370.9,yes,pedestrian_not_in_crosswalk
1627-2112,1627,2112,car,person,65.165,73.573,0,,,0,61,,1287.2,1287.2,0.0,433.9,364.5,125.5,-370.9,yes,pedestrian_not_in_crosswalk
1665-2111,1665,2111,truck,person,65.165,84.384,0,,,0,168,5.6,513.2,579.3,156.6,288.8,173.5,140.6,-114.5,yes,pedestrian_not_in_crosswalk
1665-2112,1665,2112,truck,person,65.165,88.789,0,,,0,134,9.235,651.0,730.6,90.3,298.2,173.5,125.5,-114.5,yes,pedestrian_not_in_crosswalk
1797-2111,1797,2111,car,person,65.165,70.07,0,,,0,25,15.984,403.0,1880.1,117.6,132.8,132.8,122.7,-24.5,no,pedestrian_not_in_crosswalk
1797-2112,1797,2112,car,person,65.165,70.07,0,,,0,26,17.613,729.9,1815.5,110.4,132.8,132.8,125.5,-24.5,no,pedestrian_not_in_crosswalk
1807-2111,1807,2111,car,person,65.165,73.273,0,,,0,57,16.597,133.8,1776.7,121.2,122.7,79.6,122.7,-30.6,yes,pedestrian_not_in_crosswalk
1807-2112,1807,2112,car,person,65.165,73.273,0,,,0,58,18.177,146.5,1718.0,115.1,125.5,79.6,125.5,-30.6,yes,pedestrian_not_in_crosswalk
1821-2111,1821,2111,car,person,65.165,69.97,0,,,0,24,,1402.8,1402.8,0.0,440.4,339.0,119.5,-202.5,yes,pedestrian_not_in_crosswalk
1821-2112,1821,2112,car,person,65.165,69.97,0,,,0,25,,1669.3,1669.3,0.0,410.6,339.0,125.5,-202.5,yes,pedestrian_not_in_crosswalk
1930-2111,1930,2111,car,person,65.165,69.069,0,,,0,15,13.7,522.9,1513.7,112.2,222.3,108.5,119.5,-19.8,no,pedestrian_not_in_crosswalk
1930-2112,1930,2112,car,person,65.165,69.069,0,,,0,16,15.019,811.1,1461.9,100.2,178.9,108.5,125.5,-19.8,no,pedestrian_not_in_crosswalk
1944-2111,1944,2111,truck,person,65.165,78.078,0,,,0,105,,471.6,471.6,0.0,534.9,438.2,134.0,-138.1,yes,pedestrian_not_in_crosswalk
1944-2112,1944,2112,truck,person,65.165,78.078,0,,,0,106,,668.3,668.3,0.0,492.2,438.2,125.5,-138.1,yes,pedestrian_not_in_crosswalk
1961-2111,1961,2111,car,person,65.165,68.368,0,,,0,8,15.93,162.6,1809.3,113.6,114.7,0.0,114.7,,no,pedestrian_not_in_crosswalk
1961-2112,1961,2112,car,person,65.165,68.368,0,,,0,9,15.529,512.4,1691.8,109.1,115.4,0.0,115.4,,no,pedestrian_not_in_crosswalk
1965-2111,1965,2111,car,person,65.165,72.272,0,,,0,47,10.796,475.6,1241.3,158.6,218.6,116.2,122.7,-38.0,yes,pedestrian_not_in_crosswalk
1965-2112,1965,2112,car,person,65.165,72.272,0,,,0,48,12.448,878.6,1260.1,126.1,209.7,116.2,125.5,-38.0,yes,pedestrian_not_in_crosswalk
1984-2111,1984,2111,car,person,65.165,72.372,0,,,0,48,17.889,1019.9,1104.8,61.9,301.4,210.2,122.7,-124.6,yes,pedestrian_not_in_crosswalk
1984-2112,1984,2112,car,person,65.165,72.372,0,,,0,49,43.227,1145.7,1162.5,26.9,291.0,210.2,125.5,-124.6,yes,pedestrian_not_in_crosswalk
1986-2111,1986,2111,car,person,65.165,72.372,0,,,0,48,14.971,667.4,1489.0,112.1,392.4,392.4,122.7,-118.2,yes,pedestrian_not_in_crosswalk
1986-2112,1986,2112,car,person,65.165,72.372,0,,,0,49,19.071,1003.4,1502.3,89.9,392.4,392.4,125.5,-118.2,yes,pedestrian_not_in_crosswalk
2009-2111,2009,2111,car,person,65.165,84.384,0,,,0,168,5.026,466.3,634.4,209.6,243.3,126.4,140.6,-64.3,yes,pedestrian_not_in_crosswalk
2009-2112,2009,2112,car,person,65.165,88.789,0,,,0,134,6.427,631.3,817.9,162.3,240.5,126.4,125.5,-64.3,yes,pedestrian_not_in_crosswalk
2012-2111,2012,2111,car,person,65.165,73.674,0,,,0,61,15.841,697.5,1417.1,101.2,658.3,658.3,122.7,-277.6,yes,pedestrian_not_in_crosswalk
2012-2112,2012,2112,car,person,65.165,73.674,0,,,0,62,18.799,983.3,1435.2,82.2,658.3,658.3,125.5,-277.6,yes,pedestrian_not_in_crosswalk
2034-2111,2034,2111,car,person,65.165,67.868,0,,,0,3,20.169,28.0,1825.3,97.0,114.7,0.0,114.7,,no,pedestrian_not_in_crosswalk
2034-2112,2034,2112,car,person,65.165,67.868,0,,,0,4,17.298,691.8,1647.9,95.3,105.6,0.0,105.6,,no,pedestrian_not_in_crosswalk
2050-2111,2050,2111,car,person,65.165,84.084,0,,,0,165,2.429,413.5,473.0,375.0,469.1,372.1,140.6,-126.0,yes,pedestrian_not_in_crosswalk
2050-2112,2050,2112,car,person,65.165,84.084,0,,,0,134,3.035,551.1,626.3,319.5,478.3,372.1,125.5,-126.0,yes,pedestrian_not_in_crosswalk
2063-2111,2063,2111,car,person,65.165,70.671,0,,,0,31,12.844,32.5,1503.9,119.7,122.7,0.0,122.7,0.0,no,pedestrian_not_in_crosswalk
2063-2112,2063,2112,car,person,65.165,70.671,0,,,0,32,11.267,20.7,1324.4,124.8,125.5,0.0,125.5,0.0,no,pedestrian_not_in_crosswalk
2076-2111,2076,2111,car,person,65.165,74.274,0,,,0,67,3.132,614.8,1375.3,509.5,991.5,991.5,122.7,-336.3,yes,pedestrian_not_in_crosswalk
2076-2112,2076,2112,car,person,65.165,74.274,0,,,0,68,3.058,902.6,1387.1,590.1,991.5,991.5,125.5,-336.3,yes,pedestrian_not_in_crosswalk
2080-2111,2080,2111,car,person,65.165,71.572,0,,,0,40,11.469,59.0,1504.8,165.1,187.2,99.2,122.7,-80.5,yes,pedestrian_not_in_crosswalk
2080-2112,2080,2112,car,person,65.165,71.572,0,,,0,41,11.586,125.8,1407.2,150.9,205.3,99.2,125.5,-80.5,yes,pedestrian_not_in_crosswalk
2098-2111,2098,2111,car,person,65.165,68.969,0,,,0,14,14.366,57.7,1697.8,119.4,119.5,0.0,119.5,,no,pedestrian_not_in_crosswalk
2098-2112,2098,2112,car,person,65.165,68.969,0,,,0,15,13.71,366.6,1581.5,116.1,125.5,0.0,125.5,,no,pedestrian_not_in_crosswalk
25-2118,25,2118,truck,person,65.265,89.089,0,,,0,132,3.658,0.4,248.4,121.4,122.6,23.5,122.6,-73.3,yes,pedestrian_not_in_crosswalk
25-2119,25,2119,truck,person,65.265,88.889,0,,,0,29,3.401,9.0,302.0,126.3,129.5,23.5,129.5,-73.3,yes,pedestrian_not_in_crosswalk
500-2118,500,2118,car,person,65.265,89.089,0,,,0,132,18.134,556.1,1354.3,91.6,142.5,38.8,122.6,-98.5,yes,pedestrian_not_in_crosswalk
500-2119,500,2119,car,person,65.265,88.889,0,,,0,29,24.816,1278.9,1452.3,64.6,129.5,38.8,129.5,-98.5,yes,pedestrian_not_in_crosswalk
683-2118,683,2118,bus,person,65.265,75.776,0,,,0,76,18.221,87.0,1486.4,110.0,122.0,56.1,122.6,-116.0,yes,pedestrian_not_in_crosswalk
683-2119,683,2119,bus,person,65.265,75.776,0,,,0,29,18.824,702.3,1492.4,102.1,133.8,56.1,129.5,-116.0,yes,pedestrian_not_in_crosswalk
849-2118,849,2118,bus,person,65.265,86.887,0,,,0,132,18.948,9.0,1181.0,75.1,112.6,173.0,122.6,-390.3,yes,pedestrian_not_in_crosswalk
849-2119,849,2119,bus,person,65.265,86.887,0,,,0,29,14.078,1.3,1245.6,91.4,113.9,173.0,129.5,-390.3,yes,pedestrian_not_in_crosswalk
855-2118,855,2118,car,person,65.265,89.089,0,,,0,132,13.424,639.5,1327.1,105.1,158.5,158.5,122.6,-76.4,yes,pedestrian_not_in_crosswalk
855-2119,855,2119,car,person,65.265,88.889,0,,,0,29,13.842,251.1,1449.9,108.8,158.5,158.5,129.5,-76.4,yes,pedestrian_not_in_crosswalk
1386-2118,1386,2118,car,person,65.265,72.472,0,,,0,43,,1553.0,1553.0,0.0,339.8,267.7,122.6,-212.8,yes,pedestrian_not_in_crosswalk
1386-2119,1386,2119,car,person,65.265,72.472,0,,,0,29,,1724.2,1724.2,0.0,341.4,267.7,129.5,-212.8,yes,pedestrian_not_in_crosswalk
1452-2118,1452,2118,car,person,65.265,83.784,0,,,0,132,359.846,1813.7,1872.1,5.2,201.6,116.4,122.6,-134.3,yes,pedestrian_not_in_crosswalk
1452-2119,1452,2119,car,person,65.265,83.784,0,,,0,29,435.926,1990.8,2042.3,4.7,190.5,116.4,129.5,-134.3,yes,pedestrian_not_in_crosswalk
1469-2118,1469,2118,car,person,65.265,89.089,0,,,0,132,5.692,1.4,422.0,122.1,122.6,11.4,122.6,-52.5,yes,pedestrian_not_in_crosswalk
1469-2119,1469,2119,car,person,65.265,88.889,0,,,0,29,4.903,1.6,444.8,125.2,129.5,11.4,129.5,-52.5,yes,pedestrian_not_in_crosswalk
1480-2118,1480,2118,car,person,65.265,75.275,0,,,0,71,,1087.9,1087.9,0.0,437.2,322.6,122.6,-289.9,yes,pedestrian_not_in_crosswalk
1480-2119,1480,2119,car,person,65.265,75.275,0,,,0,29,,1232.4,1232.4,0.0,445.0,322.6,129.5,-289.9,yes,pedestrian_not_in_crosswalk
1505-2118,1505,2118,car,person,65.265,69.67,0,,,0,15,,1987.1,1987.1,0.0,220.5,162.4,122.4,-61.7,yes,pedestrian_not_in_crosswalk
1505-2119,1505,2119,car,person,65.265,69.67,0,,,0,18,,2163.7,2163.7,0.0,210.6,162.4,127.1,-61.7,yes,pedestrian_not_in_crosswalk
1519-2118,1519,2118,car,person,65.265,78.579,0,,,0,104,,969.3,969.3,0.0,371.4,253.5,122.6,-198.8,yes,pedestrian_not_in_crosswalk
1519-2119,1519,2119,car,person,65.265,78.579,0,,,0,29,,1059.6,1059.6,0.0,381.8,253.5,129.5,-198.8,yes,pedestrian_not_in_crosswalk
1520-2118,1520,2118,car,person,65.265,75.375,0,,,0,72,,1412.3,1412.3,0.0,170.8,110.7,122.6,-178.6,yes,pedestrian_not_in_crosswalk
1520-2119,1520,2119,car,person,65.265,75.375,0,,,0,29,,1566.7,1566.7,0.0,171.1,110.7,129.5,-178.6,yes,pedestrian_not_in_crosswalk
1546-2121,2121,1546,car,person,65.265,69.469,0,,,0,43,,1152.2,1152.2,0.0,64.5,64.5,0.0,-104.1,yes,pedestrian_stationary
1548-2118,1548,2118,car,person,65.265,69.67,0,,,0,15,,1975.3,1975.3,0.0,245.3,185.4,122.4,-7.2,yes,pedestrian_not_in_crosswalk
1548-2119,1548,2119,car,person,65.265,69.67,0,,,0,18,,2152.6,2152.6,0.0,235.2,185.4,127.1,-7.2,yes,pedestrian_not_in_crosswalk
1585-2118,1585,2118,car,person,65.265,89.089,0,,,0,132,,1352.1,1352.1,0.0,307.8,254.7,122.6,-210.2,yes,pedestrian_not_in_crosswalk
1585-2119,1585,2119,car,person,65.265,88.889,0,,,0,29,,1485.3,1485.3,0.0,300.4,254.7,129.5,-210.2,yes,pedestrian_not_in_crosswalk
1613-2118,1613,2118,bus,person,65.265,89.089,0,,,0,132,22.85,147.2,1399.0,66.7,308.1,216.4,122.6,-579.0,yes,pedestrian_not_in_crosswalk
1613-2119,1613,2119,bus,person,65.265,88.889,0,,,0,29,29.349,30.9,1503.8,55.6,287.4,216.4,129.5,-579.0,yes,pedestrian_not_in_crosswalk
1627-2118,1627,2118,car,person,65.265,73.573,0,,,0,54,,1226.2,1226.2,0.0,433.8,364.5,122.6,-370.9,yes,pedestrian_not_in_crosswalk
1627-2119,1627,2119,car,person,65.265,73.573,0,,,0,29,,1399.3,1399.3,0.0,435.0,364.5,129.5,-370.9,yes,pedestrian_not_in_crosswalk
1665-2118,1665,2118,truck,person,65.265,89.089,0,,,0,132,7.781,603.6,690.4,105.1,290.1,173.5,122.6,-114.5,yes,pedestrian_not_in_crosswalk
1665-2119,1665,2119,truck,person,65.265,88.889,0,,,0,29,10.956,696.5,759.7,75.0,299.1,173.5,129.5,-114.5,yes,pedestrian_not_in_crosswalk
1797-2118,1797,2118,car,person,65.265,70.07,0,,,0,19,17.417,640.0,1866.0,116.1,132.4,132.4,122.4,-24.5,no,pedestrian_not_in_crosswalk
1797-2119,1797,2119,car,person,65.265,70.07,0,,,0,22,18.417,842.4,1815.5,103.4,132.4,132.4,127.1,-24.5,no,pedestrian_not_in_crosswalk
1807-2118,1807,2118,car,person,65.265,73.273,0,,,0,51,17.045,174.7,1754.5,119.7,122.6,79.6,122.6,-30.6,yes,pedestrian_not_in_crosswalk
1807-2119,1807,2119,car,person,65.265,73.273,0,,,0,29,17.591,543.8,1709.0,112.7,129.5,79.6,129.5,-30.6,yes,pedestrian_not_in_crosswalk
1821-2118,1821,2118,car,person,65.265,69.97,0,,,0,18,,1597.6,1597.6,0.0,405.0,339.0,122.4,-202.5,yes,pedestrian_not_in_crosswalk
1821-2119,1821,2119,car,person,65.265,69.97,0,,,0,21,,1774.9,1774.9,0.0,408.8,339.0,127.1,-202.5,yes,pedestrian_not_in_crosswalk
1930-2118,1930,2118,car,person,65.265,69.069,0,,,0,9,14.462,730.7,1517.3,108.2,180.5,108.3,122.4,-19.8,no,pedestrian_not_in_crosswalk
1930-2119,1930,2119,car,person,65.265,69.069,0,,,0,12,17.22,963.6,1484.8,86.2,173.3,108.3,127.1,-19.8,no,pedestrian_not_in_crosswalk
1944-2118,1944,2118,truck,person,65.265,78.078,0,,,0,99,,613.0,613.0,0.0,491.9,434.4,122.6,-138.1,yes,pedestrian_not_in_crosswalk
1944-2119,1944,2119,truck,person,65.265,78.078,0,,,0,29,,764.9,764.9,0.0,486.5,434.4,129.5,-138.1,yes,pedestrian_not_in_crosswalk
1961-2118,1961,2118,car,person,65.265,68.368,0,,,0,2,18.787,700.0,1767.9,94.1,102.5,0.0,102.5,,no,pedestrian_not_in_crosswalk
1961-2119,1961,2119,car,person,65.265,68.368,0,,,0,5,17.709,682.2,1679.4,94.8,103.8,0.0,103.8,,no,pedestrian_not_in_crosswalk
1965-2118,1965,2118,car,person,65.265,72.272,0,,,0,41,11.905,716.4,1255.5,132.5,196.2,116.2,122.6,-38.0,yes,pedestrian_not_in_crosswalk
1965-2119,1965,2119,car,person,65.265,72.272,0,,,0,29,15.202,869.1,1281.9,115.8,197.4,116.2,129.5,-38.0,yes,pedestrian_not_in_crosswalk
1984-2118,1984,2118,car,person,65.265,72.372,0,,,0,42,33.765,1112.7,1138.4,33.7,291.0,210.2,122.6,-124.6,yes,pedestrian_not_in_crosswalk
1984-2119,1984,2119,car,person,65.265,72.372,0,,,0,29,106.86,1196.3,1199.3,11.2,292.2,210.2,129.5,-124.6,yes,pedestrian_not_in_crosswalk
1986-2118,1986,2118,car,person,65.265,72.372,0,,,0,42,15.52,824.5,1498.2,106.1,379.6,379.6,122.6,-118.2,yes,pedestrian_not_in_crosswalk
1986-2119,1986,2119,car,person,65.265,72.372,0,,,0,29,18.922,982.0,1510.1,91.9,379.6,379.6,129.5,-118.2,yes,pedestrian_not_in_crosswalk
2009-2118,2009,2118,car,person,65.265,89.089,0,,,0,132,5.834,575.4,747.1,187.6,245.0,126.4,122.6,-64.3,yes,pedestrian_not_in_crosswalk
2009-2119,2009,2119,car,person,65.265,88.889,0,,,0,29,6.85,676.8,870.6,154.2,249.3,126.4,129.5,-64.3,yes,pedestrian_not_in_crosswalk
2012-2118,2012,2118,car,person,65.265,73.674,0,,,0,55,15.373,753.9,1445.2,109.6,636.4,636.4,122.6,-277.6,yes,pedestrian_not_in_crosswalk
2012-2119,2012,2119,car,person,65.265,73.674,0,,,0,29,18.758,1083.5,1447.7,88.3,636.4,636.4,129.5,-277.6,yes,pedestrian_not_in_crosswalk
2050-2118,2050,2118,car,person,65.265,84.084,0,,,0,132,2.776,512.8,583.6,333.2,465.0,372.1,122.6,-126.0,yes,pedestrian_not_in_crosswalk
2050-2119,2050,2119,car,person,65.265,84.084,0,,,0,29,3.294,604.1,683.8,304.9,460.5,372.1,129.5,-126.0,yes,pedestrian_not_in_crosswalk
2063-2118,2063,2118,car,person,65.265,70.671,0,,,0,25,11.897,1.9,1422.0,121.4,122.6,0.0,122.6,0.0,no,pedestrian_not_in_crosswalk
2063-2119,2063,2119,car,person,65.265,70.671,0,,,0,28,10.471,14.7,1279.9,126.0,129.5,0.0,129.5,0.0,no,pedestrian_not_in_crosswalk
2076-2118,2076,2118,car,person,65.265,74.274,0,,,0,61,3.179,842.6,1397.5,528.1,982.7,982.7,122.6,-336.3,yes,pedestrian_not_in_crosswalk
2076-2119,2076,2119,car,person,65.265,74.274,0,,,0,29,3.142,969.9,1392.4,578.7,982.7,982.7,129.5,-336.3,yes,pedestrian_not_in_crosswalk
2080-2118,2080,2118,car,person,65.265,71.572,0,,,0,34,13.139,54.5,1466.5,122.5,184.6,99.2,122.6,-80.5,yes,pedestrian_not_in_crosswalk
2080-2119,2080,2119,car,person,65.265,71.572,0,,,0,29,13.335,184.2,1393.0,124.4,191.0,99.2,129.5,-80.5,yes,pedestrian_not_in_crosswalk
2093-2121,2121,2093,car,person,65.265,69.469,0,,,0,19,16.424,388.6,2074.1,130.2,132.4,64.5,132.4,-104.1,yes,pedestrian_not_in_crosswalk
2098-2118,2098,2118,car,person,65.265,68.969,0,,,0,8,14.091,280.9,1655.4,120.7,122.4,0.0,122.4,,no,pedestrian_not_in_crosswalk
2098-2119,2098,2119,car,person,65.265,68.969,0,,,0,11,13.981,542.2,1562.2,111.7,124.9,0.0,124.9,,no,pedestrian_not_in_crosswalk
2111-2121,2121,2111,car,person,65.265,69.469,0,,,0,19,18.346,251.3,2107.0,118.6,119.5,64.5,119.5,-104.1,yes,pedestrian_not_in_crosswalk
2112-2121,2121,2112,car,person,65.265,69.469,0,,,0,20,18.204,591.8,2001.8,114.3,125.5,64.5,125.5,-104.1,yes,pedestrian_not_in_crosswalk
2118-2121,2121,2118,car,person,65.265,69.469,0,,,0,13,18.199,498.6,2074.3,119.1,122.4,64.5,122.4,-104.1,yes,pedestrian_not_in_crosswalk
2119-2121,2121,2119,car,person,65.265,69.469,0,,,0,16,18.401,785.8,1992.9,110.4,127.1,64.5,127.1,-104.1,yes,pedestrian_not_in_crosswalk
924-2135,2135,924,car,person,65.465,99.6,0,,,0,181,3.405,3.5,426.2,159.6,195.5,154.5,195.5,-91.3,yes,pedestrian_not_in_crosswalk
1546-2135,2135,1546,car,person,65.465,94.094,0,,,0,283,2.469,1.4,151.8,120.4,154.5,154.5,121.0,-91.3,yes,pedestrian_stationary
1709-2135,2135,1709,car,person,65.465,95.896,0,,,0,129,3.464,0.6,444.8,209.1,240.3,154.5,240.3,-91.3,yes,pedestrian_not_in_crosswalk
2093-2135,2135,2093,car,person,65.465,85.285,0,,,0,137,6.179,523.0,711.8,182.6,268.0,154.5,132.4,-91.3,yes,pedestrian_not_in_crosswalk
2111-2135,2135,2111,car,person,65.465,84.384,0,,,0,168,5.287,440.8,646.8,199.1,269.9,154.5,140.6,-91.3,yes,pedestrian_not_in_crosswalk
2112-2135,2135,2112,car,person,65.465,88.789,0,,,0,134,7.592,119.0,818.0,179.1,258.0,154.5,125.5,-91.3,yes,pedestrian_not_in_crosswalk
2118-2135,2135,2118,car,person,65.465,89.089,0,,,0,132,6.572,95.6,763.4,176.2,276.2,154.5,122.6,-91.3,yes,pedestrian_not_in_crosswalk
2119-2135,2135,2119,car,person,65.465,88.889,0,,,0,29,8.677,117.0,868.0,155.0,252.4,154.5,129.5,-91.3,yes,pedestrian_not_in_crosswalk
924-2147,2147,924,car,person,65.766,77.277,0,,,0,22,10.213,14.7,1952.2,204.2,226.8,226.8,44.8,-77.9,yes,pedestrian_not_in_crosswalk
1546-2147,2147,1546,car,person,65.766,77.277,0,,,0,116,,724.1,724.1,0.0,226.8,226.8,10.3,-77.9,yes,pedestrian_stationary
2093-2147,2147,2093,car,person,65.766,77.277,0,,,0,97,7.504,628.1,865.2,144.7,338.7,226.8,132.4,-77.9,yes,pedestrian_not_in_crosswalk
2111-2147,2147,2111,car,person,65.766,77.277,0,,,0,97,6.897,523.1,798.0,162.7,345.2,226.8,134.0,-77.9,yes,pedestrian_not_in_crosswalk
2112-2147,2147,2112,car,person,65.766,77.277,0,,,0,98,10.037,844.2,992.7,113.6,325.2,226.8,125.5,-77.9,yes,pedestrian_not_in_crosswalk
2118-2147,2147,2118,car,person,65.766,77.277,0,,,0,91,8.019,708.6,922.6,140.1,343.2,226.8,122.6,-77.9,yes,pedestrian_not_in_crosswalk
2119-2147,2147,2119,car,person,65.766,77.277,0,,,0,29,10.396,868.9,1042.7,112.8,317.3,226.8,129.5,-77.9,yes,pedestrian_not_in_crosswalk
1546-2151,2151,1546,car,person,65.866,69.77,0,,,0,40,,635.5,635.5,0.0,0.0,0.0,0.0,,no,pedestrian_stationary
2093-2151,2151,2093,car,person,65.866,69.77,0,,,0,22,12.797,51.6,1605.5,132.4,132.4,0.0,132.4,,no,pedestrian_not_in_crosswalk
2111-2151,2151,2111,car,person,65.866,69.77,0,,,0,22,14.555,9.7,1635.4,119.5,119.5,0.0,119.5,,no,pedestrian_not_in_crosswalk
2112-2151,2151,2112,car,person,65.866,69.77,0,,,0,23,13.382,239.9,1489.4,119.3,125.5,0.0,125.5,,no,pedestrian_not_in_crosswalk
2118-2151,2151,2118,car,person,65.866,69.77,0,,,0,16,14.052,153.7,1591.7,121.9,122.4,0.0,122.4,,no,pedestrian_not_in_crosswalk
2119-2151,2151,2119,car,person,65.866,69.77,0,,,0,19,13.204,348.5,1474.4,117.6,127.1,0.0,127.1,,no,pedestrian_not_in_crosswalk
924-2164,2164,924,car,person,66.166,79.179,0,,,0,35,2.392,216.6,297.6,124.4,922.2,922.2,53.5,-278.2,yes,pedestrian_not_in_crosswalk
1546-2164,2164,1546,car,person,66.166,79.179,0,,,0,131,2.907,757.0,1008.6,838.6,922.2,922.2,31.0,-278.2,yes,pedestrian_stationary
1709-2164,2164,1709,car,person,66.166,79.179,0,,,0,5,88.37,285.6,285.6,36.4,908.5,922.2,58.7,-278.2,yes,pedestrian_not_in_crosswalk
2093-2164,2164,2093,car,person,66.166,79.179,0,,,0,116,3.79,3.3,1228.4,479.5,857.8,922.2,132.4,-278.2,yes,pedestrian_not_in_crosswalk
2111-2164,2164,2111,car,person,66.166,79.179,0,,,0,116,3.94,134.8,1241.9,459.1,837.0,922.2,140.6,-278.2,yes,pedestrian_not_in_crosswalk
2112-2164,2164,2112,car,person,66.166,79.179,0,,,0,117,3.842,11.3,1265.4,499.6,844.1,922.2,125.5,-278.2,yes,pedestrian_not_in_crosswalk
2118-2164,2164,2118,car,person,66.166,79.179,0,,,0,110,3.86,91.0,1247.6,485.4,844.0,922.2,122.6,-278.2,yes,pedestrian_not_in_crosswalk
2119-2164,2164,2119,car,person,66.166,79.179,0,,,0,29,3.838,40.9,1267.7,508.5,845.0,922.2,129.5,-278.2,yes,pedestrian_not_in_crosswalk
924-2168,2168,924,car,person,66.266,87.988,0,,,0,111,9.075,951.3,1148.0,275.5,347.4,337.0,195.5,-115.4,yes,pedestrian_not_in_crosswalk
1546-2168,2168,1546,car,person,66.266,87.988,0,,,0,214,2.857,417.5,426.7,180.8,337.0,337.0,121.0,-115.4,yes,pedestrian_stationary
1709-2168,2168,1709,car,person,66.266,87.988,0,,,0,93,9.282,803.9,1127.3,284.2,357.6,337.0,240.3,-115.4,yes,pedestrian_not_in_crosswalk
2093-2168,2168,2093,car,person,66.266,85.285,0,,,0,137,2.2,477.1,511.7,386.4,463.8,337.0,132.4,-115.4,yes,pedestrian_not_in_crosswalk
2111-2168,2168,2111,car,person,66.266,84.384,0,,,0,168,2.092,416.7,457.4,408.3,452.3,337.0,140.6,-115.4,yes,pedestrian_not_in_crosswalk
2112-2168,2168,2112,car,person,66.266,87.988,0,,,0,134,2.645,597.3,634.0,348.7,461.8,337.0,125.5,-115.4,yes,pedestrian_not_in_crosswalk
2118-2168,2168,2118,car,person,66.266,87.988,0,,,0,132,2.456,549.0,562.5,370.6,455.6,337.0,122.6,-115.4,yes,pedestrian_not_in_crosswalk
2119-2168,2168,2119,car,person,66.266,87.988,0,,,0,29,3.034,668.9,685.6,329.2,462.1,337.0,129.5,-115.4,yes,pedestrian_not_in_crosswalk
1546-2184,2184,1546,car,person,67.067,71.972,0,,,0,50,,517.8,517.8,0.0,7.5,0.0,7.5,0.0,no,pedestrian_stationary
2093-2184,2184,2093,car,person,67.067,71.972,0,,,0,44,11.91,32.4,1314.4,129.6,132.4,0.0,132.4,0.0,no,pedestrian_not_in_crosswalk
2111-2184,2184,2111,car,person,67.067,71.972,0,,,0,44,12.696,0.6,1369.9,119.8,122.7,0.0,122.7,0.0,no,pedestrian_not_in_crosswalk
2112-2184,2184,2112,car,person,67.067,71.972,0,,,0,45,10.677,19.5,1190.3,124.8,125.5,0.0,125.5,0.0,no,pedestrian_not_in_crosswalk
2118-2184,2184,2118,car,person,67.067,71.972,0,,,0,38,10.839,3.2,1281.0,121.4,122.6,0.0,122.6,0.0,no,pedestrian_not_in_crosswalk
2119-2184,2184,2119,car,person,67.067,71.972,0,,,0,29,9.653,15.9,1138.1,126.3,129.5,0.0,129.5,0.0,no,pedestrian_not_in_crosswalk
924-2199,2199,924,car,person,67.467,99.6,0,,,0,181,3.68,1.9,607.0,175.9,195.5,178.9,195.5,-327.4,yes,pedestrian_not_in_crosswalk
1546-2199,2199,1546,car,person,67.467,94.094,0,,,0,263,4.707,20.7,199.3,120.3,178.9,178.9,121.0,-327.4,yes,pedestrian_stationary
1709-2199,2199,1709,car,person,67.467,95.896,0,,,0,129,4.174,1.3,631.7,202.9,240.3,178.9,240.3,-327.4,yes,pedestrian_not_in_crosswalk
2093-2199,2199,2093,car,person,67.467,85.285,0,,,0,137,5.434,655.7,842.9,277.0,297.6,178.9,132.4,-327.4,yes,pedestrian_not_in_crosswalk
2111-2199,2199,2111,car,person,67.467,84.384,0,,,0,168,5.417,549.1,783.1,269.1,293.6,178.9,140.6,-327.4,yes,pedestrian_not_in_crosswalk
2112-2199,2199,2112,car,person,67.467,88.789,0,,,0,134,6.055,758.6,945.5,252.0,299.2,178.9,125.5,-327.4,yes,pedestrian_not_in_crosswalk
2118-2199,2199,2118,car,person,67.467,89.089,0,,,0,132,5.466,628.2,887.9,261.5,298.5,178.9,122.6,-327.4,yes,pedestrian_not_in_crosswalk
2119-2199,2199,2119,car,person,67.467,88.889,0,,,0,29,5.934,829.9,984.7,249.1,300.6,178.9,129.5,-327.4,yes,pedestrian_not_in_crosswalk
924-2206,2206,924,car,person,67.567,99.6,0,,,0,181,1.089,3.3,174.7,162.8,195.5,153.8,195.5,-217.6,yes,pedestrian_not_in_crosswalk
1546-2206,2206,1546,car,person,67.567,94.094,0,,,0,262,4.796,0.4,397.2,116.3,153.8,153.8,121.0,-217.6,yes,pedestrian_stationary
1709-2206,2206,1709,car,person,67.567,95.896,0,,,0,129,1.369,12.8,199.7,203.4,240.3,153.8,240.3,-217.6,yes,pedestrian_not_in_crosswalk
2093-2206,2206,2093,car,person,67.567,85.285,0,,,0,137,6.172,834.1,1030.8,198.4,272.5,153.8,132.4,-217.6,yes,pedestrian_not_in_crosswalk
2111-2206,2206,2111,car,person,67.567,84.384,0,,,0,168,5.8,747.6,974.8,208.3,265.1,153.8,140.6,-217.6,yes,pedestrian_not_in_crosswalk
2112-2206,2206,2112,car,person,67.567,88.789,0,,,0,134,8.533,1036.2,1162.2,143.0,270.9,153.8,125.5,-217.6,yes,vehicle_not_moving
2118-2206,2206,2118,car,person,67.567,89.089,0,,,0,132,7.044,927.0,1084.5,175.7,269.9,153.8,122.6,-217.6,yes,pedestrian_not_in_crosswalk
2119-2206,2206,2119,car,person,67.567,88.889,0,,,0,29,9.107,1088.0,1220.7,138.6,273.4,153.8,129.5,-217.6,yes,pedestrian_not_in_crosswalk
924-2208,2208,924,car,person,67.668,84.284,0,,,0,75,2.577,265.3,266.2,144.6,886.8,886.8,148.9,-255.0,yes,pedestrian_not_in_crosswalk
1546-2208,2208,1546,car,person,67.668,84.284,0,,,0,163,3.017,778.9,1017.3,806.2,886.8,886.8,121.0,-255.0,yes,pedestrian_stationary
1709-2208,2208,1709,car,person,67.668,84.284,0,,,0,56,9.369,249.1,249.1,155.5,886.8,886.8,163.6,-255.0,yes,pedestrian_not_in_crosswalk
2093-2208,2208,2093,car,person,67.668,84.284,0,,,0,137,3.459,0.2,1156.7,528.9,783.8,886.8,132.4,-255.0,yes,vehicle_not_moving
2111-2208,2208,2111,car,person,67.668,84.284,0,,,0,167,3.302,228.4,1199.1,535.3,788.1,886.8,140.6,-255.0,yes,vehicle_not_moving
2112-2208,2208,2112,car,person,67.668,84.284,0,,,0,133,3.526,307.1,1153.7,563.7,782.9,886.8,125.5,-255.0,yes,vehicle_not_moving
2118-2208,2208,2118,car,person,67.668,84.284,0,,,0,132,3.533,150.7,1120.2,538.9,783.8,886.8,122.6,-255.0,yes,pedestrian_not_in_crosswalk
2119-2208,2208,2119,car,person,67.668,84.284,0,,,0,29,3.651,63.9,1183.5,561.3,790.2,886.8,129.5,-255.0,yes,pedestrian_not_in_crosswalk
924-2213,2213,924,car,person,67.768,75.576,0,,,0,5,16.746,8.1,2016.6,122.6,147.3,147.3,44.8,-8.0,no,pedestrian_not_in_crosswalk
1546-2213,2213,1546,car,person,67.768,75.576,0,,,0,79,,773.9,773.9,0.0,147.3,147.3,10.3,-8.0,no,pedestrian_stationary
2093-2213,2213,2093,car,person,67.768,75.576,0,,,0,79,7.018,788.0,845.7,135.8,261.1,147.3,132.4,-8.0,no,vehicle_not_moving
2111-2213,2213,2111,car,person,67.768,75.576,0,,,0,79,6.16,718.3,786.8,157.1,257.3,147.3,134.0,-8.0,no,vehicle_not_moving
2112-2213,2213,2112,car,person,67.768,75.576,0,,,0,79,11.103,935.1,955.8,104.2,265.8,147.3,125.5,-8.0,no,vehicle_not_moving
2118-2213,2213,2118,car,person,67.768,75.576,0,,,0,74,7.808,838.7,900.5,124.1,261.2,147.3,122.6,-8.0,no,pedestrian_not_in_crosswalk
2119-2213,2213,2119,car,person,67.768,75.576,0,,,0,29,13.372,990.7,1003.4,82.0,274.2,147.3,129.5,-8.0,no,pedestrian_not_in_crosswalk
1546-2230,2230,1546,car,person,68.368,72.472,0,,,0,42,,518.6,518.6,0.0,7.5,0.0,7.5,,no,pedestrian_stationary
2093-2230,2230,2093,car,person,68.368,72.472,0,,,0,42,11.502,15.4,1261.0,129.6,132.4,0.0,132.4,,no,vehicle_not_moving
2111-2230,2230,2111,car,person,68.368,72.472,0,,,0,42,11.46,0.2,1311.4,119.8,122.7,0.0,122.7,,no,vehicle_not_moving
2112-2230,2230,2112,car,person,68.368,72.472,0,,,0,42,10.682,19.1,1143.2,124.8,125.5,0.0,125.5,,no,vehicle_not_moving
2118-2230,2230,2118,car,person,68.368,72.472,0,,,0,42,10.843,2.7,1228.1,121.4,122.6,0.0,122.6,,no,vehicle_not_moving
2119-2230,2230,2119,car,person,68.368,72.472,0,,,0,25,9.657,16.3,1093.0,126.2,129.5,0.0,129.5,,no,vehicle_not_moving
924-2233,2233,924,car,person,68.468,99.6,0,,,0,181,5.203,0.1,853.9,164.3,195.5,149.7,195.5,-126.0,yes,pedestrian_not_in_crosswalk
1546-2233,2233,1546,car,person,68.468,94.094,0,,,0,253,6.244,106.9,291.1,78.2,149.7,149.7,121.0,-126.0,yes,pedestrian_stationary
1709-2233,2233,1709,car,person,68.468,95.896,0,,,0,129,5.942,3.0,879.7,203.2,240.3,149.7,240.3,-126.0,yes,pedestrian_not_in_crosswalk
2093-2233,2233,2093,car,person,68.468,85.285,0,,,0,129,6.231,337.8,727.1,244.0,269.1,149.7,132.4,-126.0,yes,vehicle_not_moving
2111-2233,2233,2111,car,person,68.468,84.384,0,,,0,160,6.088,82.5,691.6,236.8,255.9,149.7,140.6,-126.0,yes,vehicle_not_moving
2112-2233,2233,2112,car,person,68.468,88.789,0,,,0,125,6.895,369.2,825.1,217.6,271.8,149.7,125.5,-126.0,yes,vehicle_not_moving
2118-2233,2233,2118,car,person,68.468,89.089,0,,,0,130,6.668,296.9,777.1,227.5,264.0,149.7,122.6,-126.0,yes,vehicle_not_moving
2119-2233,2233,2119,car,person,68.468,88.889,0,,,0,24,7.057,553.7,870.6,212.9,272.8,149.7,129.5,-126.0,yes,vehicle_not_moving
924-2236,2236,924,car,person,68.569,80.18,0,,,0,35,1.27,172.9,181.0,143.2,914.0,907.2,53.5,-296.9,yes,pedestrian_not_in_crosswalk
924-2237,2237,924,car,person,68.569,99.6,0,,,0,181,2.716,0.5,456.5,168.5,195.5,152.3,195.5,-130.4,yes,pedestrian_not_in_crosswalk
1546-2236,2236,1546,car,person,68.569,80.18,0,,,0,117,3.054,535.1,1062.1,812.5,907.2,907.2,103.7,-296.9,yes,pedestrian_stationary
1546-2237,2237,1546,car,person,68.569,94.094,0,,,0,252,5.727,42.8,288.1,103.6,152.3,152.3,121.0,-130.4,yes,pedestrian_stationary
1709-2236,2236,1709,car,person,68.569,80.18,0,,,0,15,57.153,170.8,170.8,50.5,924.7,907.2,58.7,-296.9,yes,pedestrian_not_in_crosswalk
1709-2237,2237,1709,car,person,68.569,95.896,0,,,0,129,2.772,7.9,484.4,202.3,240.3,152.3,240.3,-130.4,yes,pedestrian_not_in_crosswalk
2093-2236,2236,2093,car,person,68.569,80.18,0,,,0,117,3.477,82.1,1210.9,551.0,814.0,907.2,132.4,-296.9,yes,vehicle_not_moving
2093-2237,2237,2093,car,person,68.569,85.285,0,,,0,128,5.992,699.3,983.6,202.4,270.4,152.3,132.4,-130.4,yes,vehicle_not_moving
2111-2236,2236,2111,car,person,68.569,80.18,0,,,0,117,3.411,215.4,1216.2,540.2,811.6,907.2,140.6,-296.9,yes,vehicle_not_moving
2111-2237,2237,2111,car,person,68.569,84.384,0,,,0,159,6.038,483.5,919.3,203.7,266.1,152.3,140.6,-130.4,yes,vehicle_not_moving
2112-2236,2236,2112,car,person,68.569,80.18,0,,,0,117,3.602,19.9,1272.3,576.6,809.3,907.2,125.5,-296.9,yes,vehicle_not_moving
2112-2237,2237,2112,car,person,68.569,88.789,0,,,0,124,8.278,759.7,1088.9,149.3,265.2,152.3,125.5,-130.4,yes,vehicle_not_moving
2118-2236,2236,2118,car,person,68.569,80.18,0,,,0,117,3.622,193.3,1235.7,546.1,801.2,907.2,122.6,-296.9,yes,vehicle_not_moving
2118-2237,2237,2118,car,person,68.569,89.089,0,,,0,129,6.54,674.6,1035.9,190.0,269.6,152.3,122.6,-130.4,yes,vehicle_not_moving
2119-2236,2236,2119,car,person,68.569,80.18,0,,,0,23,3.668,42.1,1269.7,582.4,812.2,907.2,129.5,-296.9,yes,vehicle_not_moving
2119-2237,2237,2119,car,person,68.569,88.889,0,,,0,23,8.749,903.9,1139.8,142.2,276.8,152.3,129.5,-130.4,yes,vehicle_not_moving
1546-2252,2252,1546,car,person,68.869,73.473,0,,,0,47,,518.0,518.0,0.0,7.5,0.0,7.5,0.0,no,pedestrian_stationary
2093-2252,2252,2093,car,person,68.869,73.473,0,,,0,47,10.359,13.7,1146.2,127.3,129.8,0.0,129.8,0.0,no,vehicle_not_moving
2111-2252,2252,2111,car,person,68.869,73.473,0,,,0,47,10.154,0.8,1194.3,119.8,122.7,0.0,122.7,0.0,no,vehicle_not_moving
2112-2252,2252,2112,car,person,68.869,73.473,0,,,0,47,9.903,19.8,1036.2,124.8,125.5,0.0,125.5,0.0,no,vehicle_not_moving
2118-2252,2252,2118,car,person,68.869,73.473,0,,,0,47,9.546,3.0,1107.8,121.4,122.6,0.0,122.6,0.0,no,vehicle_not_moving
2119-2252,2252,2119,car,person,68.869,73.473,0,,,0,20,9.651,15.6,1001.0,126.3,129.5,0.0,129.5,0.0,no,vehicle_not_moving
25-2257,25,2257,truck,person,68.969,92.593,0,,,0,118,2.009,2.7,239.1,176.6,202.0,34.3,202.0,-107.7,yes,pedestrian_not_in_crosswalk
500-2257,500,2257,car,person,68.969,90.691,0,,,0,118,8.742,861.4,1379.7,157.8,202.0,38.8,202.0,-98.5,yes,pedestrian_not_in_crosswalk
683-2257,683,2257,bus,person,68.969,75.776,0,,,0,43,8.049,126.4,1617.4,200.9,202.0,56.1,202.0,-99.5,yes,pedestrian_not_in_crosswalk
849-2257,849,2257,bus,person,68.969,86.887,0,,,0,118,8.524,2.9,1235.0,180.9,182.5,173.0,202.0,-390.3,yes,pedestrian_not_in_crosswalk
855-2257,855,2257,car,person,68.969,92.593,0,,,0,118,10.142,162.2,1246.5,152.2,202.0,158.5,202.0,-76.4,yes,pedestrian_not_in_crosswalk
1386-2257,1386,2257,car,person,68.969,72.472,0,,,0,10,,2195.6,2195.6,0.0,150.3,150.3,127.8,-56.1,yes,pedestrian_not_in_crosswalk
1452-2257,1452,2257,car,person,68.969,83.784,0,,,0,118,,1999.9,1999.9,0.0,214.0,116.4,202.0,-125.6,yes,pedestrian_not_in_crosswalk
1469-2257,1469,2257,car,person,68.969,92.593,0,,,0,118,2.337,0.1,373.3,182.6,202.0,11.4,202.0,-52.5,yes,pedestrian_not_in_crosswalk
1480-2257,1480,2257,car,person,68.969,75.275,0,,,0,38,,1783.5,1783.5,0.0,441.7,322.6,127.8,-289.9,yes,pedestrian_not_in_crosswalk
1519-2257,1519,2257,car,person,68.969,78.579,0,,,0,71,,1350.3,1350.3,0.0,354.9,253.5,202.0,-198.8,yes,pedestrian_not_in_crosswalk
1520-2257,1520,2257,car,person,68.969,75.375,0,,,0,39,109.215,1380.7,1535.8,14.1,154.1,57.4,127.8,-142.7,yes,pedestrian_not_in_crosswalk
1585-2257,1585,2257,car,person,68.969,89.89,0,,,0,118,,1587.5,1587.5,0.0,261.5,184.9,202.0,-210.2,yes,pedestrian_not_in_crosswalk
1613-2257,1613,2257,bus,person,68.969,91.692,0,,,0,118,9.171,266.4,1420.4,154.9,309.0,216.4,202.0,-579.0,yes,pedestrian_not_in_crosswalk
1627-2257,1627,2257,car,person,68.969,73.573,0,,,0,21,,2118.2,2118.2,0.0,242.8,123.7,127.8,8.8,yes,pedestrian_not_in_crosswalk
1665-2257,1665,2257,truck,person,68.969,92.593,0,,,0,118,,681.7,681.7,0.0,285.2,173.5,202.0,-114.5,yes,pedestrian_not_in_crosswalk
1807-2257,1807,2257,car,person,68.969,73.273,0,,,0,18,17.912,444.2,2021.3,117.4,127.8,0.0,127.8,,no,pedestrian_not_in_crosswalk
1944-2257,1944,2257,truck,person,68.969,78.078,0,,,0,66,,1481.7,1481.7,0.0,271.0,177.5,202.0,-135.9,yes,pedestrian_not_in_crosswalk
1965-2257,1965,2257,car,person,68.969,72.272,0,,,0,8,19.6,989.9,1514.7,77.3,127.8,0.0,127.8,,no,pedestrian_not_in_crosswalk
1984-2257,1984,2257,car,person,68.969,72.372,0,,,0,9,,1328.8,1328.8,0.0,127.8,99.2,127.8,-119.4,yes,pedestrian_not_in_crosswalk
1986-2257,1986,2257,car,person,68.969,72.372,0,,,0,9,19.491,956.3,1754.8,90.0,167.0,167.0,127.8,-63.6,yes,pedestrian_not_in_crosswalk
2009-2257,2009,2257,car,person,68.969,92.593,0,,,0,118,9.71,676.8,811.3,123.0,241.5,126.4,202.0,-64.3,yes,pedestrian_not_in_crosswalk
2012-2257,2012,2257,car,person,68.969,73.674,0,,,0,22,16.398,757.8,1672.6,108.7,194.5,194.5,127.8,-36.9,yes,pedestrian_not_in_crosswalk
2050-2257,2050,2257,car,person,68.969,84.084,0,,,0,118,,590.4,590.4,0.0,417.5,339.9,202.0,-126.0,yes,pedestrian_not_in_crosswalk
2076-2257,2076,2257,car,person,68.969,74.274,0,,,0,28,15.547,668.7,1623.1,111.4,360.6,360.6,127.8,-132.4,yes,pedestrian_not_in_crosswalk
2080-2257,2080,2257,car,person,68.969,71.572,0,,,0,1,25.67,1334.5,1744.0,72.5,127.8,0.0,127.8,,no,pedestrian_not_in_crosswalk
2135-2257,2135,2257,car,person,68.969,92.593,0,,,0,118,6.663,10.0,760.6,158.8,274.4,154.5,202.0,-91.3,yes,pedestrian_not_in_crosswalk
2147-2257,2147,2257,car,person,68.969,77.277,0,,,0,58,11.406,697.4,923.8,100.4,341.5,226.8,202.0,-72.0,yes,pedestrian_not_in_crosswalk
2164-2257,2164,2257,car,person,68.969,79.179,0,,,0,77,9.966,429.7,1388.6,156.2,498.6,498.6,202.0,-177.1,yes,pedestrian_not_in_crosswalk
2168-2257,2168,2257,car,person,68.969,87.988,0,,,0,118,3.197,575.9,684.6,277.2,441.3,336.7,202.0,-115.4,yes,pedestrian_not_in_crosswalk
2184-2257,2184,2257,car,person,68.969,71.972,0,,,0,5,15.055,467.6,1539.7,102.6,127.8,0.0,127.8,,no,pedestrian_not_in_crosswalk
2199-2257,2199,2257,car,person,68.969,92.593,0,,,0,118,6.442,720.1,902.0,207.8,296.1,178.9,202.0,-327.4,yes,pedestrian_not_in_crosswalk
2206-2257,2206,2257,car,person,68.969,92.593,0,,,0,118,11.453,849.9,1088.6,116.2,277.4,153.8,202.0,-217.6,yes,pedestrian_not_in_crosswalk
2208-2257,2208,2257,car,person,68.969,84.284,0,,,0,118,4.378,156.5,1206.4,383.5,802.7,802.7,202.0,-255.0,yes,pedestrian_not_in_crosswalk
2213-2257,2213,2257,car,person,68.969,75.576,0,,,0,41,9.521,800.4,907.8,95.3,249.6,147.3,202.0,-4.1,no,pedestrian_not_in_crosswalk
2230-2257,2230,2257,car,person,68.969,72.472,0,,,0,10,12.874,69.5,1477.9,114.8,127.8,0.0,127.8,,no,pedestrian_not_in_crosswalk
2233-2257,2233,2257,car,person,68.969,92.593,0,,,0,118,4.439,416.5,828.6,187.4,269.5,149.6,202.0,-126.0,yes,pedestrian_not_in_crosswalk
2236-2257,2236,2257,car,person,68.969,80.18,0,,,0,87,4.264,358.0,1331.0,497.3,786.1,907.2,202.0,-296.9,yes,pedestrian_not_in_crosswalk
2237-2257,2237,2257,car,person,68.969,92.593,0,,,0,118,8.119,801.7,1030.3,126.9,254.4,152.3,202.0,-104.8,yes,pedestrian_not_in_crosswalk
2252-2257,2252,2257,car,person,68.969,73.473,0,,,0,20,11.565,4.1,1358.7,120.9,127.8,0.0,127.8,0.0,no,pedestrian_not_in_crosswalk
924-2260,2260,924,car,person,69.069,80.48,0,,,0,37,6.161,319.8,319.9,55.1,939.7,939.7,53.5,-239.1,yes,pedestrian_not_in_crosswalk
1546-2260,2260,1546,car,person,69.069,80.48,0,,,0,115,2.755,522.3,952.4,857.7,939.7,939.7,103.7,-239.1,yes,pedestrian_stationary
1709-2260,2260,1709,car,person,69.069,80.48,0,,,0,18,46.506,236.4,306.9,69.3,939.7,939.7,71.0,-239.1,yes,pedestrian_not_in_crosswalk
2093-2260,2260,2093,car,person,69.069,80.48,0,,,0,115,2.946,712.0,1165.2,613.1,844.7,939.7,120.2,-239.1,yes,vehicle_not_moving
2111-2260,2260,2111,car,person,69.069,80.48,0,,,0,115,2.831,715.3,1160.0,608.3,836.4,939.7,140.6,-239.1,yes,vehicle_not_moving
2112-2260,2260,2112,car,person,69.069,80.48,0,,,0,115,3.261,730.5,1189.6,612.4,829.3,939.7,125.3,-239.1,yes,vehicle_not_moving
2118-2260,2260,2118,car,person,69.069,80.48,0,,,0,115,3.033,729.9,1180.4,614.7,842.2,939.7,122.6,-239.1,yes,vehicle_not_moving
2119-2260,2260,2119,car,person,69.069,80.48,0,,,0,18,3.395,537.3,1170.0,610.1,820.6,939.7,129.5,-239.1,yes,vehicle_not_moving
2257-2260,2260,2257,car,person,69.069,80.48,0,,,0,90,3.848,884.6,1314.8,485.8,840.8,939.7,202.0,-239.1,yes,pedestrian_not_in_crosswalk
1546-2269,2269,1546,car,person,69.269,73.573,0,,,0,44,,1055.2,1055.2,0.0,123.4,123.4,7.5,-0.7,no,pedestrian_stationary
2093-2269,2269,2093,car,person,69.269,73.573,0,,,0,44,15.926,680.5,1482.2,109.5,119.6,123.4,119.6,-0.7,no,vehicle_not_moving
2111-2269,2269,2111,car,person,69.269,73.573,0,,,0,44,16.159,690.6,1475.0,109.4,119.5,123.4,122.7,-0.7,no,vehicle_not_moving
2112-2269,2269,2112,car,person,69.269,73.573,0,,,0,44,18.643,989.8,1484.7,91.7,119.8,123.4,122.4,-0.7,no,vehicle_not_moving
2118-2269,2269,2118,car,person,69.269,73.573,0,,,0,44,15.742,756.3,1495.3,110.3,122.6,123.4,122.6,-0.7,no,vehicle_not_moving
2119-2269,2269,2119,car,person,69.269,73.573,0,,,0,16,18.993,168.7,1493.7,89.8,129.5,123.4,129.5,-0.7,no,vehicle_not_moving
2257-2269,2269,2257,car,person,69.269,73.573,0,,,0,21,16.752,755.4,1724.3,109.4,125.3,123.4,127.8,-0.7,no,pedestrian_not_in_crosswalk
924-2280,2280,924,car,person,69.67,81.181,0,,,0,44,22.895,69.1,203.1,35.7,1100.9,1100.9,53.5,-497.4,yes,pedestrian_not_in_crosswalk
1546-2280,2280,1546,car,person,69.67,81.181,0,,,0,116,2.394,546.6,1013.8,991.3,1100.9,1100.9,103.7,-497.4,yes,pedestrian_stationary
1709-2280,2280,1709,car,person,69.67,81.181,0,,,0,25,39.269,176.4,176.4,73.1,1100.9,1100.9,75.9,-497.4,yes,pedestrian_not_in_crosswalk
2093-2280,2280,2093,car,person,69.67,81.181,0,,,0,116,2.664,453.8,1181.2,742.1,996.2,1100.9,119.6,-497.4,yes,vehicle_not_moving
2111-2280,2280,2111,car,person,69.67,81.181,0,,,0,116,2.637,293.7,1179.1,740.0,995.4,1100.9,140.6,-497.4,yes,vehicle_not_moving
2112-2280,2280,2112,car,person,69.67,81.181,0,,,0,113,2.813,902.8,1230.0,738.9,1003.4,1100.9,122.4,-497.4,yes,vehicle_not_moving
2118-2280,2280,2118,car,person,69.67,81.181,0,,,0,116,2.709,842.8,1207.4,742.4,995.2,1100.9,122.6,-497.4,yes,vehicle_not_moving
2119-2280,2280,2119,car,person,69.67,81.181,0,,,0,12,2.932,763.8,1236.1,732.1,987.4,1100.9,129.5,-497.4,yes,vehicle_not_moving
2257-2280,2280,2257,car,person,69.67,81.181,0,,,0,97,3.343,561.6,1284.6,623.7,1016.1,1100.9,202.0,-497.4,yes,pedestrian_not_in_crosswalk
25-2285,25,2285,truck,person,69.77,83.584,0,,,0,30,5.646,29.6,867.7,256.1,261.6,23.5,261.6,-0.0,no,pedestrian_not_in_crosswalk
25-2287,25,2287,truck,person,69.77,127.527,0,,,0,66,7.479,1.0,503.4,125.3,145.3,34.3,145.3,-107.7,yes,pedestrian_not_in_crosswalk
500-2285,500,2285,car,person,69.77,83.584,0,,,0,30,10.819,198.5,1492.3,139.2,261.6,24.4,261.6,-98.5,yes,pedestrian_not_in_crosswalk
500-2287,500,2287,car,person,69.77,90.691,0,,,0,66,20.568,1084.7,1443.9,80.0,145.3,38.8,145.3,-98.5,yes,pedestrian_not_in_crosswalk
683-2285,683,2285,bus,person,69.77,75.776,0,,,0,30,9.185,684.4,1784.2,206.1,258.2,56.1,258.2,-99.5,yes,pedestrian_not_in_crosswalk
683-2287,683,2287,bus,person,69.77,75.776,0,,,0,27,18.482,688.5,1876.2,110.6,147.1,56.1,145.3,-99.5,yes,pedestrian_not_in_crosswalk
849-2285,849,2285,bus,person,69.77,83.584,0,,,0,30,11.902,240.8,1695.8,146.8,264.2,173.0,261.6,-390.3,yes,pedestrian_not_in_crosswalk
849-2287,849,2287,bus,person,69.77,86.887,0,,,0,66,20.682,123.3,1427.6,80.1,136.9,173.0,145.3,-390.3,yes,pedestrian_not_in_crosswalk
855-2285,855,2285,car,person,69.77,83.584,0,,,0,30,13.133,119.2,1452.9,110.6,261.6,31.8,261.6,-76.4,yes,pedestrian_not_in_crosswalk
855-2287,855,2287,car,person,69.77,98.899,0,,,0,66,19.266,918.5,1420.5,81.8,158.0,158.5,145.3,-76.4,yes,pedestrian_not_in_crosswalk
1386-2285,1386,2285,car,person,69.77,72.472,0,,,0,2,,1749.5,1749.5,0.0,168.6,0.0,168.6,,no,pedestrian_not_in_crosswalk
1452-2285,1452,2285,car,person,69.77,83.584,0,,,0,30,,1576.0,1576.0,0.0,300.9,116.4,261.6,-125.6,yes,pedestrian_not_in_crosswalk
1452-2287,1452,2287,car,person,69.77,83.784,0,,,0,66,,1740.3,1740.3,0.0,209.6,116.4,145.3,-125.6,yes,pedestrian_not_in_crosswalk
1469-2285,1469,2285,car,person,69.77,83.584,0,,,0,30,6.346,47.4,1029.2,253.8,261.6,11.4,261.6,-52.5,yes,pedestrian_not_in_crosswalk
1469-2287,1469,2287,car,person,69.77,127.527,0,,,0,66,9.267,22.4,669.4,125.1,145.3,11.4,145.3,-52.5,yes,pedestrian_not_in_crosswalk
1480-2285,1480,2285,car,person,69.77,75.275,0,,,0,30,,1553.6,1553.6,0.0,390.8,320.8,258.2,-289.9,yes,pedestrian_not_in_crosswalk
1480-2287,1480,2287,car,person,69.77,75.275,0,,,0,22,,1726.4,1726.4,0.0,357.0,320.8,145.3,-289.9,yes,pedestrian_not_in_crosswalk
1519-2285,1519,2285,car,person,69.77,78.579,0,,,0,30,,1067.7,1067.7,0.0,405.1,253.5,261.6,-198.8,yes,pedestrian_not_in_crosswalk
1519-2287,1519,2287,car,person,69.77,78.579,0,,,0,55,,1220.8,1220.8,0.0,383.8,253.5,145.3,-198.8,yes,pedestrian_not_in_crosswalk
1520-2285,1520,2285,car,person,69.77,75.375,0,,,0,30,,1174.2,1174.2,0.0,258.2,57.4,258.2,-6.9,yes,pedestrian_not_in_crosswalk
1520-2287,1520,2287,car,person,69.77,75.375,0,,,0,23,,1315.5,1315.5,0.0,200.3,57.4,145.3,-6.9,yes,pedestrian_not_in_crosswalk
1585-2285,1585,2285,car,person,69.77,83.584,0,,,0,30,,1255.3,1255.3,0.0,395.4,158.4,261.6,-139.0,yes,pedestrian_not_in_crosswalk
1585-2287,1585,2287,car,person,69.77,89.89,0,,,0,66,,1379.0,1379.0,0.0,278.3,184.9,145.3,-210.2,yes,pedestrian_not_in_crosswalk
1613-2285,1613,2285,bus,person,69.77,83.584,0,,,0,30,12.438,995.8,1520.0,122.2,473.3,216.4,261.6,-579.0,yes,pedestrian_not_in_crosswalk
1613-2287,1613,2287,bus,person,69.77,91.692,0,,,0,66,23.883,929.8,1530.0,68.2,313.9,216.4,145.3,-579.0,yes,pedestrian_not_in_crosswalk
1627-2285,1627,2285,car,person,69.77,73.573,0,,,0,13,,1750.1,1750.1,0.0,256.8,123.7,181.4,19.8,no,pedestrian_not_in_crosswalk
1627-2287,1627,2287,car,person,69.77,73.573,0,,,0,5,,1924.7,1924.7,0.0,227.8,123.7,145.3,19.8,no,pedestrian_not_in_crosswalk
1665-2285,1665,2285,truck,person,69.77,83.584,0,,,0,30,9.154,434.3,454.4,49.7,349.3,168.2,261.6,-114.5,yes,pedestrian_not_in_crosswalk
1665-2287,1665,2287,truck,person,69.77,115.115,0,,,0,66,88.114,386.0,527.8,34.7,272.7,168.2,145.3,-114.5,yes,pedestrian_not_in_crosswalk
1807-2285,1807,2285,car,person,69.77,73.273,0,,,0,10,13.34,800.9,2213.0,167.9,181.4,0.0,181.4,,no,pedestrian_not_in_crosswalk
1807-2287,1807,2287,car,person,69.77,73.273,0,,,0,2,27.978,1501.5,2250.8,87.3,145.3,0.0,145.3,,no,pedestrian_not_in_crosswalk
1944-2285,1944,2285,truck,person,69.77,78.078,0,,,0,30,,1116.2,1116.2,0.0,390.5,177.5,261.6,-135.9,yes,pedestrian_not_in_crosswalk
1944-2287,1944,2287,truck,person,69.77,78.078,0,,,0,50,,1290.7,1290.7,0.0,298.7,177.5,145.3,-135.9,yes,pedestrian_not_in_crosswalk
1984-2285,1984,2285,car,person,69.77,72.372,0,,,0,1,,1047.5,1047.5,0.0,165.0,0.0,165.0,,no,pedestrian_not_in_crosswalk
1986-2285,1986,2285,car,person,69.77,72.372,0,,,0,1,20.312,1575.8,1924.5,94.7,165.0,0.0,165.0,,no,pedestrian_not_in_crosswalk
2009-2285,2009,2285,car,person,69.77,83.584,0,,,0,30,5.477,625.8,713.4,178.0,317.0,126.4,261.6,-64.3,yes,pedestrian_not_in_crosswalk
2009-2287,2009,2287,car,person,69.77,127.527,0,,,0,66,7.518,714.0,808.0,151.3,379.5,379.5,145.3,-306.5,yes,pedestrian_not_in_crosswalk
2012-2285,2012,2285,car,person,69.77,73.674,0,,,0,14,9.256,731.8,1719.8,185.8,205.3,172.6,205.3,-23.5,yes,pedestrian_not_in_crosswalk
2012-2287,2012,2287,car,person,69.77,73.674,0,,,0,6,21.7,995.1,1853.7,85.4,172.6,172.6,145.3,-23.5,yes,pedestrian_not_in_crosswalk
2050-2285,2050,2285,car,person,69.77,83.584,0,,,0,30,34.637,338.2,338.4,9.8,367.8,339.9,261.6,-126.0,yes,pedestrian_not_in_crosswalk
2050-2287,2050,2287,car,person,69.77,84.084,0,,,0,66,,450.6,450.6,0.0,455.2,339.9,145.3,-126.0,yes,pedestrian_not_in_crosswalk
2076-2285,2076,2285,car,person,69.77,74.274,0,,,0,20,8.392,649.8,1684.7,202.3,276.6,292.5,258.2,-62.6,yes,pedestrian_not_in_crosswalk
2076-2287,2076,2287,car,person,69.77,74.274,0,,,0,12,16.922,825.8,1815.5,108.9,276.6,292.5,145.3,-62.6,yes,pedestrian_not_in_crosswalk
2135-2285,2135,2285,car,person,69.77,83.584,0,,,0,30,3.766,622.0,829.2,242.2,346.6,154.5,261.6,-91.3,yes,pedestrian_not_in_crosswalk
2135-2287,2135,2287,car,person,69.77,127.527,0,,,0,66,7.073,62.6,826.2,141.6,389.3,389.3,145.3,-431.0,yes,pedestrian_not_in_crosswalk
2147-2285,2147,2285,car,person,69.77,77.277,0,,,0,30,4.609,377.5,867.6,200.4,407.6,226.8,261.6,-72.0,yes,pedestrian_not_in_crosswalk
2147-2287,2147,2287,car,person,69.77,77.277,0,,,0,42,6.946,493.3,963.3,147.8,342.0,226.8,145.3,-72.0,yes,pedestrian_not_in_crosswalk
2164-2285,2164,2285,car,person,69.77,79.179,0,,,0,30,14.606,167.3,1631.9,120.9,411.6,411.6,261.6,-125.5,yes,pedestrian_not_in_crosswalk
2164-2287,2164,2287,car,person,69.77,79.179,0,,,0,61,17.873,418.1,1563.2,95.6,411.6,411.6,145.3,-125.5,yes,pedestrian_not_in_crosswalk
2168-2285,2168,2285,car,person,69.77,83.584,0,,,0,30,2.356,370.3,525.1,347.7,427.2,314.8,261.6,-115.4,yes,pedestrian_not_in_crosswalk
2168-2287,2168,2287,car,person,69.77,87.988,0,,,0,66,2.673,456.8,568.1,287.2,410.4,314.8,145.3,-115.4,yes,pedestrian_not_in_crosswalk
2199-2285,2199,2285,car,person,69.77,83.584,0,,,0,30,3.998,741.9,1052.4,282.0,422.9,178.9,261.6,-327.4,yes,pedestrian_not_in_crosswalk
2199-2287,2199,2287,car,person,69.77,127.527,0,,,0,66,6.529,910.3,963.6,245.6,321.4,312.5,145.3,-327.4,yes,pedestrian_not_in_crosswalk
2206-2285,2206,2285,car,person,69.77,83.584,0,,,0,30,10.124,969.2,1073.7,110.4,312.2,153.8,261.6,-217.6,yes,pedestrian_not_in_crosswalk
2206-2287,2206,2287,car,person,69.77,127.527,0,,,0,66,11.932,948.9,1123.2,101.8,397.8,397.8,145.3,-439.7,yes,pedestrian_not_in_crosswalk
2208-2285,2208,2285,car,person,69.77,83.584,0,,,0,30,26.315,85.3,1361.5,60.3,617.2,617.2,261.6,-198.2,yes,pedestrian_not_in_crosswalk
2208-2287,2208,2287,car,person,69.77,84.284,0,,,0,66,23.298,70.1,1385.3,63.2,617.2,617.2,145.3,-198.2,yes,pedestrian_not_in_crosswalk
2213-2285,2213,2285,car,person,69.77,75.576,0,,,0,30,7.205,747.1,890.3,163.5,291.3,147.3,258.2,-4.1,no,pedestrian_not_in_crosswalk
2213-2287,2213,2287,car,person,69.77,75.576,0,,,0,25,8.895,858.4,974.8,130.2,279.2,147.3,145.3,-4.1,no,pedestrian_not_in_crosswalk
2230-2285,2230,2285,car,person,69.77,72.472,0,,,0,2,11.376,611.8,1804.0,158.6,168.6,0.0,168.6,,no,pedestrian_not_in_crosswalk
2233-2285,2233,2285,car,person,69.77,83.584,0,,,0,30,4.671,553.5,1013.4,245.6,320.8,127.2,261.6,-101.9,yes,pedestrian_not_in_crosswalk
2233-2287,2233,2287,car,person,69.77,121.722,0,,,0,66,7.913,636.4,875.9,175.5,266.3,127.2,145.3,-101.9,yes,pedestrian_not_in_crosswalk
2236-2285,2236,2285,car,person,69.77,80.18,0,,,0,30,6.498,100.6,1471.0,230.7,819.2,819.2,261.6,-296.9,yes,pedestrian_not_in_crosswalk
2236-2287,2236,2287,car,person,69.77,80.18,0,,,0,66,5.283,110.5,1470.6,302.6,819.2,819.2,145.3,-296.9,yes,pedestrian_not_in_crosswalk
2237-2285,2237,2285,car,person,69.77,83.584,0,,,0,30,7.35,869.7,1086.1,200.5,287.8,152.3,261.6,-94.2,yes,pedestrian_not_in_crosswalk
2237-2287,2237,2287,car,person,69.77,125.826,0,,,0,66,8.667,982.8,1098.9,177.0,269.2,169.9,145.3,-94.2,yes,pedestrian_not_in_crosswalk
2252-2285,2252,2285,car,person,69.77,73.473,0,,,0,12,9.25,29.9,1637.1,180.8,181.4,0.0,181.4,0.0,no,pedestrian_not_in_crosswalk
2252-2287,2252,2287,car,person,69.77,73.473,0,,,0,4,15.323,310.3,1634.9,118.4,145.3,0.0,145.3,0.0,no,pedestrian_not_in_crosswalk
2260-2285,2260,2285,car,person,69.77,80.48,0,,,0,30,3.53,1306.9,1341.1,428.9,903.5,939.7,261.6,-239.1,yes,pedestrian_not_in_crosswalk
2260-2287,2260,2287,car,person,69.77,80.48,0,,,0,66,3.371,921.2,1398.9,480.0,903.5,939.7,145.3,-239.1,yes,pedestrian_not_in_crosswalk
2269-2285,2269,2285,car,person,69.77,73.573,0,,,0,13,12.479,995.8,1852.0,153.6,181.4,123.4,181.4,-0.7,no,pedestrian_not_in_crosswalk
2269-2287,2269,2287,car,person,69.77,73.573,0,,,0,5,25.6,1166.0,1926.2,75.2,145.3,123.4,145.3,-0.7,no,pedestrian_not_in_crosswalk
2280-2285,2280,2285,car,person,69.77,81.181,0,,,0,30,3.554,536.1,1461.2,513.8,971.1,1100.9,261.6,-497.4,yes,pedestrian_not_in_crosswalk
2280-2287,2280,2287,car,person,69.77,81.181,0,,,0,66,3.331,32.3,1412.1,549.9,991.5,1100.9,145.3,-497.4,yes,pedestrian_not_in_crosswalk
25-2293,25,2293,truck,person,69.87,84.885,0,,,0,46,4.038,6.5,522.9,190.6,209.5,23.5,209.5,-73.3,yes,pedestrian_not_in_crosswalk
500-2293,500,2293,car,person,69.87,84.885,0,,,0,46,9.02,164.4,1418.3,181.3,209.5,24.4,209.5,-98.5,yes,pedestrian_not_in_crosswalk
849-2293,849,2293,bus,person,69.87,84.885,0,,,0,46,9.781,45.1,1287.8,180.9,185.4,173.0,209.5,-390.3,yes,pedestrian_not_in_crosswalk
855-2293,855,2293,car,person,69.87,84.885,0,,,0,46,9.46,131.7,1543.6,173.0,206.3,31.8,209.5,-76.4,yes,pedestrian_not_in_crosswalk
924-2291,2291,924,car,person,69.87,77.477,0,,,0,24,81.278,153.6,3440.9,42.4,44.8,0.0,44.8,0.0,no,pedestrian_not_in_crosswalk
1452-2293,1452,2293,car,person,69.87,83.784,0,,,0,35,,2177.8,2177.8,0.0,225.9,116.4,209.5,-125.6,yes,pedestrian_not_in_crosswalk
1469-2293,1469,2293,car,person,69.87,84.885,0,,,0,46,5.121,1.5,706.0,194.1,209.5,11.4,209.5,-52.5,yes,pedestrian_not_in_crosswalk
1546-2291,2291,1546,car,person,69.87,77.477,0,,,0,77,50.19,23.7,516.6,10.3,10.3,0.0,10.3,0.0,no,pedestrian_stationary
1585-2293,1585,2293,car,person,69.87,84.885,0,,,0,46,771.088,1743.8,1743.8,2.6,253.4,184.9,209.5,-139.0,yes,pedestrian_not_in_crosswalk
1613-2293,1613,2293,bus,person,69.87,84.885,0,,,0,46,9.145,1.9,1544.3,181.9,291.3,216.4,209.5,-579.0,yes,pedestrian_not_in_crosswalk
1665-2293,1665,2293,truck,person,69.87,84.885,0,,,0,46,,875.2,875.2,0.0,319.3,164.5,209.5,-114.5,yes,pedestrian_not_in_crosswalk
2009-2293,2009,2293,car,person,69.87,84.885,0,,,0,46,6.222,785.3,898.8,149.4,279.3,126.4,209.5,-64.3,yes,pedestrian_not_in_crosswalk
2050-2293,2050,2293,car,person,69.87,84.084,0,,,0,38,,863.2,863.2,0.0,339.9,339.9,209.5,-126.0,yes,pedestrian_not_in_crosswalk
2093-2291,2291,2093,car,person,69.87,77.477,0,,,0,77,8.009,13.2,759.9,119.0,119.6,0.0,119.6,0.0,no,vehicle_not_moving
2111-2291,2291,2111,car,person,69.87,77.477,0,,,0,77,7.966,0.9,789.1,132.7,134.0,0.0,134.0,0.0,no,vehicle_not_moving
2112-2291,2291,2112,car,person,69.87,77.477,0,,,0,77,8.26,24.9,696.1,121.3,122.4,0.0,122.4,0.0,no,vehicle_not_moving
2118-2291,2291,2118,car,person,69.87,77.477,0,,,0,77,8.38,1.0,741.6,121.4,122.6,0.0,122.6,0.0,no,vehicle_not_moving
2119-2291,2291,2119,car,person,69.87,77.477,0,,,0,10,7.164,91.8,655.3,126.3,129.5,0.0,129.5,0.0,no,vehicle_not_moving
2135-2293,2135,2293,car,person,69.87,84.885,0,,,0,46,4.314,721.8,892.3,235.5,334.6,154.5,209.5,-91.3,yes,pedestrian_not_in_crosswalk
2168-2293,2168,2293,car,person,69.87,84.885,0,,,0,46,6.112,686.4,716.7,121.9,398.2,313.0,209.5,-115.4,yes,pedestrian_not_in_crosswalk
2199-2293,2199,2293,car,person,69.87,84.885,0,,,0,46,4.58,691.4,997.3,274.8,328.9,178.9,209.5,-327.4,yes,pedestrian_not_in_crosswalk
2206-2293,2206,2293,car,person,69.87,84.885,0,,,0,46,11.424,1091.8,1225.9,112.7,239.0,141.9,209.5,-217.6,yes,pedestrian_not_in_crosswalk
2208-2293,2208,2293,car,person,69.87,84.284,0,,,0,40,10.286,40.7,1240.6,154.0,602.4,602.4,209.5,-198.2,yes,pedestrian_not_in_crosswalk
2233-2293,2233,2293,car,person,69.87,84.885,0,,,0,46,5.978,220.9,848.2,206.1,234.1,127.2,209.5,-78.8,yes,pedestrian_not_in_crosswalk
2236-2293,2236,2293,car,person,69.87,80.18,0,,,0,4,4.631,690.7,1319.8,404.5,788.4,788.4,209.5,-296.9,yes,pedestrian_not_in_crosswalk
2237-2293,2237,2293,car,person,69.87,84.885,0,,,0,46,6.247,890.6,1152.0,200.2,285.2,152.3,209.5,-94.2,yes,pedestrian_not_in_crosswalk
2257-2291,2291,2257,car,person,69.87,77.477,0,,,0,60,6.158,3.7,952.7,176.6,202.0,0.0,202.0,0.0,no,pedestrian_not_in_crosswalk
2260-2293,2260,2293,car,person,69.87,80.48,0,,,0,4,3.267,621.1,1307.0,592.4,939.7,939.7,209.5,-239.1,yes,pedestrian_not_in_crosswalk
2280-2293,2280,2293,car,person,69.87,81.181,0,,,0,9,3.266,47.3,1223.6,698.6,1011.3,1100.9,209.5,-497.4,yes,pedestrian_not_in_crosswalk
2285-2291,2291,2285,car,person,69.87,77.477,0,,,0,30,5.65,30.2,933.8,256.0,261.6,0.0,261.6,0.0,no,pedestrian_not_in_crosswalk
2287-2291,2291,2287,car,person,69.87,77.477,0,,,0,44,10.393,0.1,1194.5,125.3,145.3,0.0,145.3,0.0,no,pedestrian_not_in_crosswalk
924-2299,2299,924,bus,person,70.07,99.6,0,,,0,181,5.743,1.2,1173.1,216.3,220.6,220.6,195.5,-681.5,yes,pedestrian_not_in_crosswalk
1546-2299,2299,1546,bus,person,70.07,94.094,0,,,0,237,4.802,24.2,307.5,114.9,212.0,212.0,121.0,-464.7,yes,pedestrian_stationary
1709-2299,2299,1709,bus,person,70.07,95.896,0,,,0,129,8.115,4.4,1197.4,205.0,240.3,212.0,240.3,-464.7,yes,pedestrian_not_in_crosswalk
2093-2299,2299,2093,bus,person,70.07,85.285,0,,,0,113,3.846,144.2,520.7,245.6,323.7,212.0,119.6,-464.7,yes,vehicle_not_moving
2111-2299,2299,2111,bus,person,70.07,84.384,0,,,0,144,3.591,32.3,505.7,254.5,319.8,212.0,140.6,-464.7,yes,vehicle_not_moving
2112-2299,2299,2112,bus,person,70.07,88.789,0,,,0,109,4.445,315.8,609.7,239.6,309.6,212.0,122.4,-464.7,yes,vehicle_not_moving
2118-2299,2299,2118,bus,person,70.07,89.089,0,,,0,114,3.993,223.0,556.5,248.3,331.2,212.0,122.6,-464.7,yes,vehicle_not_moving
2119-2299,2299,2119,bus,person,70.07,88.889,0,,,0,8,5.118,305.0,643.2,240.1,301.1,212.0,129.5,-464.7,yes,vehicle_not_moving
2257-2299,2299,2257,bus,person,70.07,92.593,0,,,0,118,3.875,0.4,610.1,237.5,327.4,212.0,202.0,-464.7,yes,pedestrian_not_in_crosswalk
2285-2299,2299,2285,bus,person,70.07,83.584,0,,,0,30,3.969,173.9,923.8,335.7,386.0,212.0,261.6,-464.7,yes,pedestrian_not_in_crosswalk
2287-2299,2299,2287,bus,person,70.07,127.527,0,,,0,66,5.555,104.7,702.5,221.8,409.8,409.8,145.3,-681.5,yes,pedestrian_not_in_crosswalk
2293-2299,2299,2293,bus,person,70.07,84.885,0,,,0,46,3.485,169.6,577.2,327.2,358.8,212.0,209.5,-464.7,yes,pedestrian_not_in_crosswalk
924-2364,2364,924,car,person,71.972,83.483,0,,,0,67,2.103,213.5,213.5,109.1,880.1,880.1,92.2,-249.3,yes,pedestrian_not_in_crosswalk
1546-2364,2364,1546,car,person,71.972,83.483,0,,,0,112,3.05,856.5,932.7,799.8,880.1,880.1,121.0,-249.3,yes,pedestrian_stationary
1709-2364,2364,1709,car,person,71.972,83.483,0,,,0,48,24.787,208.1,208.1,104.4,880.1,880.1,111.8,-249.3,yes,pedestrian_not_in_crosswalk
2093-2364,2364,2093,car,person,71.972,83.483,0,,,0,94,3.296,892.5,1136.9,627.0,772.6,880.1,118.4,-249.3,yes,vehicle_not_moving
2111-2364,2364,2111,car,person,71.972,83.483,0,,,0,116,3.184,362.6,1130.9,614.3,767.2,880.1,140.6,-249.3,yes,vehicle_not_moving
2112-2364,2364,2112,car,person,71.972,83.483,0,,,0,90,3.455,898.1,1203.9,642.7,787.7,880.1,106.8,-249.3,yes,vehicle_not_moving
2118-2364,2364,2118,car,person,71.972,83.483,0,,,0,95,3.445,745.7,1141.9,616.8,767.4,880.1,122.0,-249.3,yes,vehicle_not_moving
2257-2364,2364,2257,car,person,71.972,83.483,0,,,0,114,3.704,938.6,1216.9,570.2,772.3,880.1,202.0,-249.3,yes,vehicle_not_moving
2285-2364,2364,2285,car,person,71.972,83.483,0,,,0,30,3.851,1191.4,1460.4,475.6,709.5,880.1,261.6,-249.3,yes,pedestrian_not_in_crosswalk
2287-2364,2364,2287,car,person,71.972,83.483,0,,,0,66,4.429,656.1,1328.4,442.0,766.5,880.1,140.7,-249.3,yes,pedestrian_not_in_crosswalk
2293-2364,2364,2293,car,person,71.972,83.483,0,,,0,32,3.346,67.1,1187.5,654.2,778.0,880.1,209.5,-249.3,yes,pedestrian_not_in_crosswalk
25-2375,25,2375,truck,person,72.372,76.376,0,,,0,41,,1346.2,1346.2,0.0,0.0,0.0,0.0,-0.0,no,pedestrian_stationary
500-2375,500,2375,car,person,72.372,76.376,0,,,0,41,300.022,1408.7,1558.2,5.2,24.4,24.4,0.0,-98.5,yes,pedestrian_stationary
683-2375,683,2375,bus,person,72.372,75.776,0,,,0,35,,1870.9,1870.9,0.0,56.1,56.1,0.0,26.4,yes,pedestrian_stationary
849-2375,849,2375,bus,person,72.372,76.376,0,,,0,41,,1694.0,1694.0,0.0,173.0,173.0,0.0,-390.3,yes,pedestrian_stationary
855-2375,855,2375,car,person,72.372,76.376,0,,,0,41,108.194,41.0,1565.4,14.5,30.7,30.7,0.0,-76.4,yes,pedestrian_stationary
1386-2375,1386,2375,car,person,72.372,72.472,0,,,0,2,,2604.1,2604.1,0.0,0.0,0.0,0.0,,no,pedestrian_stationary
1452-2375,1452,2375,car,person,72.372,76.376,0,,,0,41,,2373.3,2373.3,0.0,40.8,40.8,0.0,-24.9,yes,pedestrian_stationary
1469-2375,1469,2375,car,person,72.372,76.376,0,,,0,41,,1518.1,1518.1,0.0,0.0,0.0,0.0,-0.0,no,pedestrian_stationary
1480-2375,1480,2375,car,person,72.372,75.275,0,,,0,30,,2592.1,2592.1,0.0,0.0,0.0,0.0,,no,pedestrian_stationary
1519-2375,1519,2375,car,person,72.372,76.376,0,,,0,41,,2356.3,2356.3,0.0,241.7,241.7,0.0,-198.8,yes,pedestrian_stationary
1520-2375,1520,2375,car,person,72.372,75.375,0,,,0,31,,1934.4,1934.4,0.0,0.0,0.0,0.0,,no,pedestrian_stationary
1585-2375,1585,2375,car,person,72.372,76.376,0,,,0,41,,1903.4,1903.4,0.0,31.1,31.1,0.0,-71.5,yes,pedestrian_stationary
1613-2375,1613,2375,bus,person,72.372,76.376,0,,,0,41,184.058,1586.7,1591.6,8.7,216.4,216.4,0.0,-302.9,yes,pedestrian_stationary
1627-2375,1627,2375,car,person,72.372,73.573,0,,,0,13,,2625.5,2625.5,0.0,0.0,0.0,0.0,,no,pedestrian_stationary
1665-2375,1665,2375,truck,person,72.372,76.376,0,,,0,41,,1287.7,1287.7,0.0,127.4,127.4,0.0,-56.1,yes,pedestrian_stationary
1807-2375,1807,2375,car,person,72.372,73.273,0,,,0,10,,1980.7,1980.7,0.0,0.0,0.0,0.0,,no,pedestrian_stationary
1944-2375,1944,2375,truck,person,72.372,76.376,0,,,0,41,,2344.2,2344.2,0.0,177.5,177.5,0.0,-135.9,yes,pedestrian_stationary
1984-2375,1984,2375,car,person,72.372,72.372,0,,,0,1,,1571.6,1571.6,0.0,0.0,0.0,0.0,,no,pedestrian_stationary
1986-2375,1986,2375,car,person,72.372,72.372,0,,,0,1,,1639.7,1639.7,0.0,0.0,0.0,0.0,,no,pedestrian_stationary
2009-2375,2009,2375,car,person,72.372,76.376,0,,,0,41,63.144,849.2,854.9,13.7,104.2,104.2,0.0,-55.5,yes,pedestrian_stationary
2012-2375,2012,2375,car,person,72.372,73.674,0,,,0,14,,1669.2,1669.2,0.0,0.0,0.0,0.0,,no,pedestrian_stationary
2050-2375,2050,2375,car,person,72.372,76.376,0,,,0,41,,1370.6,1370.6,0.0,133.6,133.6,0.0,-36.4,yes,pedestrian_stationary
2076-2375,2076,2375,car,person,72.372,74.274,0,,,0,20,,1673.8,1673.8,0.0,0.0,0.0,0.0,,no,pedestrian_stationary
2135-2375,2135,2375,car,person,72.372,76.376,0,,,0,41,17.748,863.0,895.2,54.9,154.5,154.5,0.0,-91.3,yes,pedestrian_stationary
2147-2375,2147,2375,car,person,72.372,76.376,0,,,0,41,19.23,979.2,1017.1,52.9,226.8,226.8,0.0,-72.0,yes,pedestrian_stationary
2164-2375,2164,2375,car,person,72.372,76.376,0,,,0,41,,1611.5,1611.5,0.0,209.6,209.6,0.0,-61.6,yes,pedestrian_stationary
2168-2375,2168,2375,car,person,72.372,76.376,0,,,0,41,,830.1,830.1,0.0,131.0,131.0,0.0,-83.1,yes,pedestrian_stationary
2199-2375,2199,2375,car,person,72.372,76.376,0,,,0,41,15.039,760.4,1074.5,82.0,178.9,178.9,0.0,-109.8,yes,pedestrian_stationary
2206-2375,2206,2375,car,person,72.372,76.376,0,,,0,41,23.253,637.0,1175.7,52.1,84.7,84.7,0.0,-217.6,yes,pedestrian_stationary
2208-2375,2208,2375,car,person,72.372,76.376,0,,,0,41,,1464.9,1464.9,0.0,297.7,297.7,0.0,-100.2,yes,pedestrian_stationary
2213-2375,2213,2375,car,person,72.372,75.576,0,,,0,33,,1007.5,1007.5,0.0,0.0,0.0,0.0,,no,pedestrian_stationary
2230-2375,2230,2375,car,person,72.372,72.472,0,,,0,2,,1348.1,1348.1,0.0,0.0,0.0,0.0,,no,pedestrian_stationary
2233-2375,2233,2375,car,person,72.372,76.376,0,,,0,41,17.578,670.9,1057.7,67.4,112.9,112.9,0.0,-70.2,yes,pedestrian_stationary
2236-2375,2236,2375,car,person,72.372,76.376,0,,,0,41,,1509.2,1509.2,0.0,391.1,391.1,0.0,-117.9,yes,pedestrian_stationary
2237-2375,2237,2375,car,person,72.372,76.376,0,,,0,41,36.821,1097.9,1179.9,32.2,91.3,91.3,0.0,-74.6,yes,pedestrian_stationary
2252-2375,2252,2375,car,person,72.372,73.473,0,,,0,12,,1347.4,1347.4,0.0,0.0,0.0,0.0,,no,pedestrian_stationary
2260-2375,2260,2375,car,person,72.372,76.376,0,,,0,41,,1370.0,1370.0,0.0,500.6,500.6,0.0,-195.4,yes,pedestrian_stationary
2269-2375,2269,2375,car,person,72.372,73.573,0,,,0,13,,1718.9,1718.9,0.0,0.0,0.0,0.0,,no,pedestrian_stationary
2280-2375,2280,2375,car,person,72.372,76.376,0,,,0,41,28.935,1475.5,1483.6,51.3,492.1,492.1,0.0,-240.3,yes,pedestrian_stationary
2291-2375,2291,2375,car,person,72.372,76.376,0,,,0,41,,1347.5,1347.5,0.0,0.0,0.0,0.0,0.0,no,pedestrian_stationary
2299-2375,2299,2375,bus,person,72.372,76.376,0,,,0,41,8.445,9.0,1045.7,129.4,212.0,212.0,0.0,-464.7,yes,pedestrian_stationary
2364-2375,2364,2375,car,person,72.372,76.376,0,,,0,41,3.358,1438.1,1457.9,635.3,880.1,880.1,0.0,-249.3,yes,pedestrian_stationary
924-2380,2380,924,car,person,72.472,76.376,0,,,0,13,90.975,215.4,3418.9,37.6,44.8,0.0,44.8,,no,pedestrian_not_in_crosswalk
1546-2380,2380,1546,car,person,72.472,76.376,0,,,0,40,152.102,781.3,1163.6,7.7,10.3,0.0,10.3,,no,pedestrian_stationary
2093-2380,2380,2093,car,person,72.472,76.376,0,,,0,40,17.052,635.2,1486.3,104.5,114.5,0.0,114.5,,no,vehicle_not_moving
2111-2380,2380,2111,car,person,72.472,76.376,0,,,0,40,12.764,536.9,1488.4,126.4,134.0,0.0,134.0,,no,vehicle_not_moving
2112-2380,2380,2112,car,person,72.472,76.376,0,,,0,40,17.745,709.5,1470.7,95.5,106.8,0.0,106.8,,no,vehicle_not_moving
2118-2380,2380,2118,car,person,72.472,76.376,0,,,0,40,16.778,691.9,1489.4,103.7,122.0,0.0,122.0,,no,vehicle_not_moving
2257-2380,2380,2257,car,person,72.472,76.376,0,,,0,40,8.376,45.9,1687.2,201.4,202.0,0.0,202.0,,no,vehicle_not_moving
2285-2380,2380,2285,car,person,72.472,76.376,0,,,0,29,8.809,448.0,1772.6,226.4,261.6,0.0,261.6,,no,vehicle_not_moving
2287-2380,2380,2287,car,person,72.472,76.376,0,,,0,33,18.226,437.4,1913.8,117.7,125.4,0.0,125.4,,no,pedestrian_not_in_crosswalk
2375-2380,2380,2375,car,person,72.472,76.376,0,,,0,40,,1960.8,1960.8,0.0,0.0,0.0,0.0,,no,pedestrian_stationary
924-2401,2401,924,car,person,73.073,77.778,0,,,0,26,86.082,261.1,3193.7,37.2,57.4,57.4,44.8,-118.9,yes,pedestrian_not_in_crosswalk
1546-2401,2401,1546,car,person,73.073,77.778,0,,,0,48,184.913,911.3,1120.0,6.1,57.4,57.4,10.3,-118.9,yes,pedestrian_stationary
2093-2401,2401,2093,car,person,73.073,77.778,0,,,0,48,18.628,593.3,1336.9,84.7,113.6,57.4,113.6,-118.9,yes,vehicle_not_moving
2111-2401,2401,2111,car,person,73.073,77.778,0,,,0,48,12.797,613.7,1346.5,119.1,134.0,57.4,134.0,-118.9,yes,vehicle_not_moving
2112-2401,2401,2112,car,person,73.073,77.778,0,,,0,48,18.393,575.7,1368.9,87.8,105.8,57.4,106.8,-118.9,yes,vehicle_not_moving
2118-2401,2401,2118,car,person,73.073,77.778,0,,,0,48,17.517,617.9,1359.3,93.7,122.0,57.4,122.0,-118.9,yes,vehicle_not_moving
2257-2401,2401,2257,car,person,73.073,77.778,0,,,0,48,7.975,61.4,1533.1,201.7,202.0,57.4,202.0,-118.9,yes,vehicle_not_moving
2285-2401,2401,2285,car,person,73.073,77.778,0,,,0,23,10.03,385.8,1701.4,188.4,261.6,57.4,261.6,-118.9,yes,vehicle_not_moving
2287-2401,2401,2287,car,person,73.073,77.778,0,,,0,47,18.399,212.4,1718.5,107.2,118.2,57.4,125.4,-118.9,yes,pedestrian_not_in_crosswalk
2375-2401,2401,2375,car,person,73.073,76.376,0,,,0,34,,1856.0,1856.0,0.0,57.4,57.4,0.0,-118.9,yes,pedestrian_stationary
924-2431,2431,924,car,person,73.874,84.785,0,,,0,80,20.747,550.8,3162.5,154.3,160.2,56.0,160.2,-33.6,no,pedestrian_not_in_crosswalk
1546-2431,2431,1546,car,person,73.874,84.785,0,,,0,106,148.932,981.7,1153.1,8.0,121.0,56.0,121.0,-33.6,no,pedestrian_stationary
1709-2431,2431,1709,car,person,73.874,84.785,0,,,0,61,18.947,398.3,3030.5,161.6,170.0,56.0,170.0,-33.6,no,pedestrian_not_in_crosswalk
2093-2431,2431,2093,car,person,73.874,84.785,0,,,0,75,14.882,517.7,1248.3,91.4,118.4,56.0,118.4,-33.6,no,vehicle_not_moving
2111-2431,2431,2111,car,person,73.874,84.384,0,,,0,106,15.473,276.7,1292.6,92.0,140.6,56.0,140.6,-33.6,no,vehicle_not_moving
2112-2431,2431,2112,car,person,73.874,84.785,0,,,0,71,21.932,560.4,1188.9,65.7,103.9,56.0,103.9,-33.6,no,vehicle_not_moving
2118-2431,2431,2118,car,person,73.874,84.785,0,,,0,76,15.818,471.6,1172.9,78.1,107.3,56.0,108.1,-33.6,no,vehicle_not_moving
2257-2431,2431,2257,car,person,73.874,84.785,0,,,0,95,9.081,10.7,1271.6,187.2,189.6,56.0,202.0,-33.6,no,vehicle_not_moving
2285-2431,2431,2285,car,person,73.874,83.584,0,,,0,15,10.011,835.5,1733.6,204.5,253.6,56.0,261.6,-33.6,no,vehicle_not_moving
2287-2431,2431,2287,car,person,73.874,84.785,0,,,0,59,18.119,23.9,1462.1,115.7,130.9,56.0,130.9,-33.6,no,vehicle_not_moving
2293-2431,2431,2293,car,person,73.874,84.785,0,,,0,45,10.435,23.1,1346.0,138.8,151.0,56.0,166.1,-33.6,no,pedestrian_not_in_crosswalk
2375-2431,2431,2375,car,person,73.874,76.376,0,,,0,26,,1927.6,1927.6,0.0,56.0,56.0,0.0,-33.6,no,pedestrian_stationary
924-2438,2438,924,car,person,74.174,99.6,0,,,0,181,4.785,0.6,228.1,169.4,1001.1,1007.4,195.5,-319.9,yes,pedestrian_not_in_crosswalk
924-2441,2441,924,car,person,74.174,78.378,0,,,0,29,81.283,153.5,3441.2,42.4,53.5,0.0,53.5,0.0,no,pedestrian_not_in_crosswalk
1546-2438,2438,1546,car,person,74.174,94.094,0,,,0,196,2.648,939.8,942.8,919.0,1007.4,1007.4,121.0,-319.9,yes,pedestrian_stationary
1546-2441,2441,1546,car,person,74.174,78.378,0,,,0,43,50.203,23.5,516.7,10.3,10.3,0.0,10.3,0.0,no,pedestrian_stationary
1709-2438,2438,1709,car,person,74.174,95.896,0,,,0,129,8.536,70.5,218.3,191.5,1019.9,1007.4,240.3,-319.9,yes,pedestrian_not_in_crosswalk
2093-2438,2438,2093,car,person,74.174,85.285,0,,,0,72,2.771,974.8,1120.4,777.6,919.6,1007.4,118.4,-319.9,yes,vehicle_not_moving
2093-2441,2441,2093,car,person,74.174,78.378,0,,,0,43,6.352,26.5,673.2,111.0,113.6,0.0,113.6,0.0,no,vehicle_not_moving
2111-2438,2438,2111,car,person,74.174,84.384,0,,,0,103,2.723,987.9,1131.2,766.7,903.0,1007.4,140.6,-319.9,yes,vehicle_not_moving
2111-2441,2441,2111,car,person,74.174,78.378,0,,,0,43,6.869,17.8,701.5,132.7,134.0,0.0,134.0,0.0,no,vehicle_not_moving
2112-2438,2438,2112,car,person,74.174,88.789,0,,,0,68,2.975,30.1,1155.8,779.5,919.8,1007.4,103.9,-319.9,yes,vehicle_not_moving
2112-2441,2441,2112,car,person,74.174,78.378,0,,,0,43,6.773,106.1,617.0,97.3,103.9,0.0,103.9,0.0,no,vehicle_not_moving
2118-2438,2438,2118,car,person,74.174,89.089,0,,,0,73,2.822,4.5,1105.4,785.5,924.1,1007.4,108.1,-319.9,yes,vehicle_not_moving
2118-2441,2441,2118,car,person,74.174,78.378,0,,,0,43,6.919,0.8,660.5,106.6,108.1,0.0,108.1,0.0,no,vehicle_not_moving
2257-2438,2438,2257,car,person,74.174,92.593,0,,,0,92,2.882,417.2,1101.8,742.8,922.8,1007.4,202.0,-319.9,yes,vehicle_not_moving
2257-2441,2441,2257,car,person,74.174,78.378,0,,,0,43,6.159,15.2,872.5,176.6,202.0,0.0,202.0,0.0,no,vehicle_not_moving
2285-2438,2438,2285,car,person,74.174,83.584,0,,,0,12,3.783,1480.1,1693.6,551.2,810.3,1007.4,261.6,-319.9,yes,vehicle_not_moving
2285-2441,2441,2285,car,person,74.174,78.378,0,,,0,12,5.651,187.9,877.0,256.1,261.6,0.0,261.6,0.0,no,vehicle_not_moving
2287-2438,2438,2287,car,person,74.174,103.403,0,,,0,56,3.053,34.8,1332.3,671.0,904.8,1007.4,130.9,-319.9,yes,vehicle_not_moving
2287-2441,2441,2287,car,person,74.174,78.378,0,,,0,43,10.178,0.1,1119.1,117.0,118.2,0.0,118.2,0.0,no,vehicle_not_moving
2293-2438,2438,2293,car,person,74.174,84.885,0,,,0,46,3.082,436.4,1176.2,723.2,908.9,1007.4,166.1,-319.9,yes,pedestrian_not_in_crosswalk
2375-2438,2438,2375,car,person,74.174,76.376,0,,,0,23,2.875,1429.2,1530.8,736.4,1007.4,1007.4,0.0,-319.9,yes,pedestrian_stationary
2375-2441,2441,2375,car,person,74.174,76.376,0,,,0,23,,1353.3,1353.3,0.0,0.0,0.0,0.0,0.0,no,pedestrian_stationary
924-2448,2448,924,car,person,74.775,78.879,0,,,0,34,81.275,152.7,3441.1,42.4,53.5,0.0,53.5,,no,pedestrian_not_in_crosswalk
1546-2448,2448,1546,car,person,74.775,78.879,0,,,0,42,50.151,22.9,516.2,10.3,31.0,0.0,31.0,,no,pedestrian_stationary
1709-2448,2448,1709,car,person,74.775,78.879,0,,,0,2,88.853,160.5,3488.3,39.3,58.7,0.0,58.7,,no,pedestrian_not_in_crosswalk
2093-2448,2448,2093,car,person,74.775,78.879,0,,,0,42,5.666,26.5,654.1,115.4,116.1,0.0,116.1,,no,vehicle_not_moving
2111-2448,2448,2111,car,person,74.775,78.879,0,,,0,42,6.059,17.9,661.6,128.6,129.5,0.0,129.5,,no,vehicle_not_moving
2112-2448,2448,2112,car,person,74.775,78.879,0,,,0,42,6.764,105.5,577.3,96.8,103.9,0.0,103.9,,no,vehicle_not_moving
2118-2448,2448,2118,car,person,74.775,78.879,0,,,0,42,6.911,0.2,622.7,95.5,98.6,0.0,98.6,,no,vehicle_not_moving
2257-2448,2448,2257,car,person,74.775,78.879,0,,,0,42,6.158,14.7,824.0,176.6,202.0,0.0,202.0,,no,vehicle_not_moving
2285-2448,2448,2285,car,person,74.775,78.879,0,,,0,6,6.426,769.6,874.0,190.2,261.6,0.0,261.6,,no,vehicle_not_moving
2287-2448,2448,2287,car,person,74.775,78.879,0,,,0,42,10.173,0.7,1075.0,117.0,118.2,0.0,118.2,,no,vehicle_not_moving
2375-2448,2448,2375,car,person,74.775,76.376,0,,,0,17,,1352.7,1352.7,0.0,0.0,0.0,0.0,,no,pedestrian_stationary
924-2457,2457,924,car,person,75.075,85.385,0,,,0,86,1.242,194.0,198.3,184.3,909.3,925.0,160.2,-295.3,yes,pedestrian_not_in_crosswalk
1546-2457,2457,1546,car,person,75.075,85.385,0,,,0,100,2.916,779.6,920.4,832.9,925.0,925.0,121.0,-295.3,yes,pedestrian_stationary
1709-2457,2457,1709,car,person,75.075,85.385,0,,,0,67,6.429,24.5,197.6,161.1,925.0,925.0,173.1,-295.3,yes,pedestrian_not_in_crosswalk
2093-2457,2457,2093,car,person,75.075,85.285,0,,,0,63,3.199,827.8,1192.4,700.4,823.6,925.0,118.4,-295.3,yes,vehicle_not_moving
2111-2457,2457,2111,car,person,75.075,84.384,0,,,0,94,3.103,867.1,1192.7,699.5,829.8,925.0,140.6,-295.3,yes,vehicle_not_moving
2112-2457,2457,2112,car,person,75.075,85.385,0,,,0,59,3.336,768.1,1272.1,710.0,839.3,925.0,103.9,-295.3,yes,vehicle_not_moving
2118-2457,2457,2118,car,person,75.075,85.385,0,,,0,64,3.297,736.0,1202.6,696.1,827.8,925.0,107.3,-295.3,yes,vehicle_not_moving
2257-2457,2457,2257,car,person,75.075,85.385,0,,,0,83,3.437,766.8,1270.1,656.6,863.1,925.0,202.0,-295.3,yes,vehicle_not_moving
2285-2457,2457,2285,car,person,75.075,83.584,0,,,0,3,5.046,1470.4,1811.5,459.2,681.3,925.0,261.6,-295.3,yes,vehicle_not_moving
2287-2457,2457,2287,car,person,75.075,85.385,0,,,0,47,3.385,1025.8,1374.2,611.2,824.6,925.0,130.9,-295.3,yes,vehicle_not_moving
2293-2457,2457,2293,car,person,75.075,84.885,0,,,0,46,3.217,921.4,1237.7,705.5,845.4,925.0,166.1,-295.3,yes,pedestrian_not_in_crosswalk
2375-2457,2457,2375,car,person,75.075,76.376,0,,,0,14,3.252,1279.7,1919.4,654.4,925.0,925.0,0.0,-233.0,yes,pedestrian_stationary
924-2463,2463,924,bus,person,75.576,99.6,0,,,0,177,8.254,2.9,952.0,213.9,216.8,216.8,195.5,-589.7,yes,vehicle_not_moving
1546-2463,2463,1546,bus,person,75.576,94.094,0,,,0,182,13.728,43.2,721.8,79.6,216.8,216.8,121.0,-589.7,yes,pedestrian_stationary
1709-2463,2463,1709,bus,person,75.576,95.896,0,,,0,129,3.581,44.1,778.4,222.1,240.3,216.8,240.3,-589.7,yes,pedestrian_not_in_crosswalk
2093-2463,2463,2093,bus,person,75.576,85.285,0,,,0,58,71.172,1139.6,1350.1,19.1,313.5,216.8,118.4,-589.7,yes,vehicle_not_moving
2111-2463,2463,2111,bus,person,75.576,84.384,0,,,0,89,89.454,1042.3,1316.1,14.8,313.0,216.8,140.6,-589.7,yes,vehicle_not_moving
2112-2463,2463,2112,bus,person,75.576,88.789,0,,,0,54,90.333,1425.1,1443.7,16.0,307.7,216.8,103.9,-589.7,yes,vehicle_not_moving
2118-2463,2463,2118,bus,person,75.576,89.089,0,,,0,59,106.537,1390.1,1400.3,13.2,311.0,216.8,107.3,-589.7,yes,vehicle_not_moving
2257-2463,2463,2257,bus,person,75.576,92.593,0,,,0,78,8.743,833.0,1441.7,164.9,318.0,216.8,202.0,-589.7,yes,vehicle_not_moving
2287-2463,2463,2287,bus,person,75.576,108.108,0,,,0,42,18.959,145.9,1414.9,80.9,312.4,216.8,130.9,-589.7,yes,vehicle_not_moving
2293-2463,2463,2293,bus,person,75.576,84.885,0,,,0,46,18.829,1062.3,1466.3,82.1,311.5,216.8,166.1,-589.7,yes,pedestrian_not_in_crosswalk
2375-2463,2463,2375,bus,person,75.576,76.376,0,,,0,9,,1640.2,1640.2,0.0,0.0,0.0,0.0,0.0,no,pedestrian_stationary
924-2470,2470,924,car,person,75.676,99.6,0,,,0,176,1.373,12.3,158.2,159.2,195.5,59.0,195.5,-87.8,yes,vehicle_not_moving
1546-2470,2470,1546,car,person,75.676,94.094,0,,,0,181,7.136,6.2,521.1,120.9,121.0,59.0,121.0,-87.8,yes,pedestrian_stationary
1709-2470,2470,1709,car,person,75.676,95.896,0,,,0,129,1.305,1.3,166.0,211.8,240.3,59.0,240.3,-87.8,yes,pedestrian_not_in_crosswalk
2093-2470,2470,2093,car,person,75.676,85.285,0,,,0,57,,1042.0,1042.0,0.0,156.2,59.0,118.4,-87.8,yes,vehicle_not_moving
2111-2470,2470,2111,car,person,75.676,84.384,0,,,0,88,,979.8,979.8,0.0,164.7,59.0,140.6,-87.8,yes,vehicle_not_moving
2112-2470,2470,2112,car,person,75.676,88.789,0,,,0,53,,1194.4,1194.4,0.0,147.3,59.0,103.9,-87.8,yes,vehicle_not_moving
2118-2470,2470,2118,car,person,75.676,89.089,0,,,0,58,,1099.0,1099.0,0.0,149.8,59.0,107.3,-87.8,yes,vehicle_not_moving
2257-2470,2470,2257,car,person,75.676,92.593,0,,,0,77,22.03,968.1,1045.2,47.4,173.1,59.0,173.1,-87.8,yes,vehicle_not_moving
2287-2470,2470,2287,car,person,75.676,126.526,0,,,0,41,98.26,92.7,1002.2,11.2,510.8,510.8,130.9,-533.2,yes,vehicle_not_moving
2293-2470,2470,2293,car,person,75.676,84.885,0,,,0,46,111.035,1141.8,1141.8,10.3,177.5,59.0,166.1,-87.8,yes,pedestrian_not_in_crosswalk
2375-2470,2470,2375,car,person,75.676,76.376,0,,,0,8,166.907,1047.0,1056.8,6.3,45.0,45.0,0.0,-34.6,no,pedestrian_stationary
924-2488,2488,924,car,person,76.276,99.6,0,,,0,170,1.037,21.6,239.9,249.4,893.5,893.5,195.5,-282.5,yes,vehicle_not_moving
1546-2488,2488,1546,car,person,76.276,94.094,0,,,0,175,3.004,870.7,888.9,814.9,893.5,893.5,121.0,-282.5,yes,pedestrian_stationary
1709-2488,2488,1709,car,person,76.276,95.896,0,,,0,129,2.546,75.2,240.9,179.7,893.5,893.5,240.3,-282.5,yes,pedestrian_not_in_crosswalk
2093-2488,2488,2093,car,person,76.276,85.285,0,,,0,51,3.277,1026.9,1137.7,708.5,813.0,893.5,118.4,-282.5,yes,vehicle_not_moving
2111-2488,2488,2111,car,person,76.276,84.384,0,,,0,82,3.255,1037.3,1149.9,696.5,806.0,893.5,140.6,-282.5,yes,vehicle_not_moving
2112-2488,2488,2112,car,person,76.276,88.789,0,,,0,47,3.525,85.3,1187.8,700.1,803.0,893.5,103.9,-282.5,yes,vehicle_not_moving
2118-2488,2488,2118,car,person,76.276,89.089,0,,,0,52,3.409,30.6,1130.2,697.1,800.2,893.5,107.3,-282.5,yes,vehicle_not_moving
2257-2488,2488,2257,car,person,76.276,92.593,0,,,0,71,3.415,4.2,1150.1,664.1,788.0,893.5,173.1,-282.5,yes,vehicle_not_moving
2287-2488,2488,2287,car,person,76.276,125.626,0,,,0,35,3.369,138.7,1335.8,624.9,807.9,893.5,130.9,-282.5,yes,vehicle_not_moving
2293-2488,2488,2293,car,person,76.276,84.885,0,,,0,46,3.516,853.3,1190.6,676.1,798.5,893.5,166.1,-282.5,yes,pedestrian_not_in_crosswalk
2375-2488,2488,2375,car,person,76.276,76.376,0,,,0,2,,2618.8,2618.8,0.0,0.0,0.0,0.0,,no,pedestrian_stationary
924-2496,2496,924,car,person,76.476,80.48,0,,,0,24,629.518,3211.8,3440.2,5.5,53.5,0.0,53.5,,no,vehicle_not_moving
1546-2496,2496,1546,car,person,76.476,80.48,0,,,0,41,,516.5,516.5,0.0,103.7,0.0,103.7,,no,pedestrian_stationary
1709-2496,2496,1709,car,person,76.476,80.48,0,,,0,18,48.009,23.7,3406.3,71.0,71.0,0.0,71.0,,no,pedestrian_not_in_crosswalk
2093-2496,2496,2093,car,person,76.476,80.48,0,,,0,41,5.535,71.4,512.4,115.4,116.1,0.0,116.1,,no,vehicle_not_moving
2111-2496,2496,2111,car,person,76.476,80.48,0,,,0,41,5.293,72.3,502.2,113.1,140.6,0.0,140.6,,no,vehicle_not_moving
2112-2496,2496,2112,car,person,76.476,80.48,0,,,0,41,5.89,214.3,469.7,92.1,103.9,0.0,103.9,,no,vehicle_not_moving
2118-2496,2496,2118,car,person,76.476,80.48,0,,,0,41,6.248,143.7,496.5,95.5,99.6,0.0,99.6,,no,vehicle_not_moving
2257-2496,2496,2257,car,person,76.476,80.48,0,,,0,41,7.913,92.2,684.2,110.9,112.1,0.0,112.1,,no,vehicle_not_moving
2287-2496,2496,2287,car,person,76.476,80.48,0,,,0,33,8.578,130.1,911.3,117.0,122.4,0.0,122.4,,no,vehicle_not_moving
2293-2496,2496,2293,car,person,76.476,80.48,0,,,0,4,4.04,6.4,657.6,165.9,166.1,0.0,166.1,,no,pedestrian_not_in_crosswalk
924-2500,2500,924,bus,person,76.777,95.696,0,,,0,165,4.913,2.6,877.8,185.2,195.5,0.0,195.5,0.0,no,vehicle_not_moving
1546-2500,2500,1546,bus,person,76.777,94.094,0,,,0,170,16.025,72.3,769.6,67.2,121.0,0.0,121.0,0.0,no,pedestrian_stationary
1709-2500,2500,1709,bus,person,76.777,95.696,0,,,0,129,4.372,9.1,904.0,212.3,240.3,0.0,240.3,0.0,no,pedestrian_not_in_crosswalk
2093-2500,2500,2093,bus,person,76.777,85.285,0,,,0,46,96.928,1341.5,1346.9,14.0,118.4,0.0,118.4,0.0,no,vehicle_not_moving
2111-2500,2500,2111,bus,person,76.777,84.384,0,,,0,77,157.714,1314.1,1314.1,8.4,140.6,0.0,140.6,0.0,no,vehicle_not_moving
2112-2500,2500,2112,bus,person,76.777,88.789,0,,,0,42,,1448.4,1448.4,0.0,103.9,0.0,103.9,0.0,no,vehicle_not_moving
2118-2500,2500,2118,bus,person,76.777,89.089,0,,,0,47,109.777,1393.1,1393.4,14.0,107.3,0.0,107.3,0.0,no,vehicle_not_moving
2257-2500,2500,2257,bus,person,76.777,92.593,0,,,0,66,27.595,1385.2,1447.5,57.0,173.1,0.0,173.1,0.0,no,vehicle_not_moving
2287-2500,2500,2287,bus,person,76.777,95.696,0,,,0,30,32.614,1393.9,1495.4,47.0,130.9,0.0,130.9,0.0,no,vehicle_not_moving
2293-2500,2500,2293,bus,person,76.777,84.885,0,,,0,46,22.337,1339.8,1440.6,65.2,166.1,0.0,166.1,0.0,no,pedestrian_not_in_crosswalk
924-2521,2521,924,car,person,77.477,94.695,0,,,0,155,2.445,188.7,274.2,133.5,1021.1,1021.1,195.5,-439.0,yes,pedestrian_stationary
1546-2521,2521,1546,car,person,77.477,94.094,0,,,0,163,2.579,827.7,830.6,922.3,1021.1,1021.1,121.0,-439.0,yes,pedestrian_stationary
1709-2521,2521,1709,car,person,77.477,94.695,0,,,0,129,8.175,12.8,276.2,195.4,1022.2,1021.1,240.3,-439.0,yes,pedestrian_not_in_crosswalk
2093-2521,2521,2093,car,person,77.477,85.285,0,,,0,39,2.83,986.3,1217.9,821.8,939.4,1021.1,118.4,-439.0,yes,vehicle_not_moving
2111-2521,2521,2111,car,person,77.477,84.384,0,,,0,70,2.836,1024.2,1208.8,810.1,924.6,1021.1,140.6,-439.0,yes,vehicle_not_moving
2112-2521,2521,2112,car,person,77.477,88.789,0,,,0,35,3.083,614.0,1265.6,805.6,920.8,1021.1,103.9,-439.0,yes,vehicle_not_moving
2118-2521,2521,2118,car,person,77.477,89.089,0,,,0,40,2.941,97.9,1199.2,812.9,926.4,1021.1,107.3,-439.0,yes,vehicle_not_moving
2257-2521,2521,2257,car,person,77.477,92.593,0,,,0,59,2.99,20.5,1210.0,766.3,916.9,1021.1,173.1,-439.0,yes,vehicle_not_moving
2287-2521,2521,2287,car,person,77.477,94.695,0,,,0,23,2.949,1065.8,1381.4,729.0,919.1,1021.1,130.9,-439.0,yes,vehicle_not_moving
2293-2521,2521,2293,car,person,77.477,84.885,0,,,0,46,3.075,901.9,1249.9,775.4,914.5,1021.1,166.1,-439.0,yes,pedestrian_not_in_crosswalk
25-2527,25,2527,truck,person,77.678,85.786,0,,,0,10,72.48,92.1,3285.5,46.8,49.1,23.5,49.1,-73.3,yes,pedestrian_not_in_crosswalk
500-2527,500,2527,car,person,77.678,85.786,0,,,0,10,49.367,133.5,2088.8,42.7,49.1,19.7,49.1,-73.4,yes,pedestrian_not_in_crosswalk
849-2527,849,2527,bus,person,77.678,85.786,0,,,0,10,54.433,458.0,2958.3,54.9,93.6,93.6,49.1,-119.2,yes,pedestrian_not_in_crosswalk
855-2527,855,2527,car,person,77.678,85.786,0,,,0,10,42.811,103.4,1795.9,42.9,81.6,81.6,49.1,-68.0,yes,pedestrian_not_in_crosswalk
924-2526,2526,924,car,person,77.678,87.888,0,,,0,85,1.83,7.5,162.9,154.2,814.7,802.2,195.5,-225.0,yes,pedestrian_stationary
924-2528,2528,924,car,person,77.678,81.682,0,,,0,24,87.092,108.6,3405.5,39.2,53.5,0.0,53.5,,no,pedestrian_stationary
1452-2527,1452,2527,car,person,77.678,83.784,0,,,0,10,5.78,395.4,657.7,116.8,144.1,116.4,49.1,-125.6,yes,pedestrian_not_in_crosswalk
1469-2527,1469,2527,car,person,77.678,85.786,0,,,0,10,74.984,73.8,3358.5,46.2,49.1,0.0,49.1,-0.0,no,pedestrian_not_in_crosswalk
1546-2526,2526,1546,car,person,77.678,87.888,0,,,0,99,3.328,735.5,812.5,729.1,802.2,802.2,121.0,-225.0,yes,pedestrian_stationary
1546-2528,2528,1546,car,person,77.678,81.682,0,,,0,41,,516.2,516.2,0.0,104.3,0.0,104.3,,no,pedestrian_stationary
1585-2527,1585,2527,car,person,77.678,85.786,0,,,0,10,1.029,2.1,41.7,162.9,191.7,184.9,49.1,-210.2,yes,pedestrian_not_in_crosswalk
1613-2527,1613,2527,bus,person,77.678,85.786,0,,,0,10,46.268,140.8,1949.2,42.3,49.1,0.0,49.1,-18.3,yes,pedestrian_not_in_crosswalk
1665-2527,1665,2527,truck,person,77.678,85.786,0,,,0,10,19.961,804.3,1269.3,70.5,134.9,96.6,49.1,-114.5,yes,pedestrian_not_in_crosswalk
1709-2526,2526,1709,car,person,77.678,87.888,0,,,0,92,8.878,75.1,160.7,209.6,806.2,802.2,240.3,-225.0,yes,pedestrian_not_in_crosswalk
1709-2528,2528,1709,car,person,77.678,81.682,0,,,0,30,40.232,19.8,3314.9,82.6,83.2,0.0,83.2,,no,pedestrian_not_in_crosswalk
2009-2527,2009,2527,car,person,77.678,85.786,0,,,0,10,25.816,45.2,1676.3,71.2,73.2,43.5,49.1,-64.3,yes,pedestrian_not_in_crosswalk
2050-2527,2050,2527,car,person,77.678,84.084,0,,,0,10,16.621,1004.6,1246.5,75.8,365.1,339.9,49.1,-126.0,yes,pedestrian_not_in_crosswalk
2093-2526,2526,2093,car,person,77.678,85.285,0,,,0,37,3.856,1060.1,1227.9,653.3,731.6,802.2,118.4,-225.0,yes,vehicle_not_moving
2093-2528,2528,2093,car,person,77.678,81.682,0,,,0,37,4.906,71.8,406.5,115.4,118.4,0.0,118.4,,no,vehicle_not_moving
2111-2526,2526,2111,car,person,77.678,84.384,0,,,0,68,3.972,1057.5,1214.5,627.1,694.9,802.2,140.6,-225.0,yes,vehicle_not_moving
2111-2528,2528,2111,car,person,77.678,81.682,0,,,0,41,5.293,72.7,502.1,113.1,140.6,0.0,140.6,,no,vehicle_not_moving
2112-2526,2526,2112,car,person,77.678,87.888,0,,,0,33,4.195,978.2,1349.3,636.5,713.3,802.2,103.9,-225.0,yes,vehicle_not_moving
2112-2528,2528,2112,car,person,77.678,81.682,0,,,0,33,5.893,235.8,400.2,92.1,103.9,0.0,103.9,,no,vehicle_not_moving
2118-2526,2526,2118,car,person,77.678,87.888,0,,,0,38,4.021,949.5,1267.2,640.2,715.9,802.2,107.3,-225.0,yes,vehicle_not_moving
2118-2528,2528,2118,car,person,77.678,81.682,0,,,0,38,5.507,144.1,423.2,95.5,100.5,0.0,100.5,,no,vehicle_not_moving
2135-2527,2135,2527,car,person,77.678,85.786,0,,,0,10,32.33,7.4,1912.9,63.6,63.8,24.4,49.1,-62.3,yes,pedestrian_not_in_crosswalk
2168-2527,2168,2527,car,person,77.678,85.786,0,,,0,10,15.322,1234.2,1256.7,89.8,228.1,216.4,49.1,-115.4,yes,pedestrian_not_in_crosswalk
2199-2527,2199,2527,car,person,77.678,85.786,0,,,0,10,47.536,63.0,2101.5,46.3,49.1,0.0,49.1,-0.3,yes,pedestrian_not_in_crosswalk
2206-2527,2206,2527,car,person,77.678,85.786,0,,,0,10,38.074,71.7,1674.4,46.7,49.1,0.0,49.1,-0.0,no,pedestrian_not_in_crosswalk
2208-2527,2208,2527,car,person,77.678,84.284,0,,,0,10,71.723,226.6,3053.3,42.7,66.3,66.3,49.1,-56.6,yes,pedestrian_not_in_crosswalk
2233-2527,2233,2527,car,person,77.678,85.786,0,,,0,10,52.929,69.7,2349.2,46.3,49.1,0.0,49.1,-0.0,no,pedestrian_not_in_crosswalk
2237-2527,2237,2527,car,person,77.678,85.786,0,,,0,10,44.456,14.4,1938.2,45.9,49.1,0.0,49.1,-0.0,no,pedestrian_not_in_crosswalk
2257-2526,2526,2257,car,person,77.678,87.888,0,,,0,57,4.154,999.2,1325.4,595.4,698.2,802.2,173.1,-225.0,yes,vehicle_not_moving
2257-2528,2528,2257,car,person,77.678,81.682,0,,,0,41,7.186,124.7,583.0,101.1,107.1,0.0,107.1,,no,vehicle_not_moving
2280-2527,2280,2527,car,person,77.678,81.181,0,,,0,4,66.581,876.8,2775.8,42.9,94.9,94.9,49.1,-35.7,yes,pedestrian_not_in_crosswalk
2287-2526,2526,2287,car,person,77.678,87.888,0,,,0,21,4.048,1286.7,1400.8,569.9,702.2,802.2,130.9,-225.0,yes,vehicle_not_moving
2287-2528,2528,2287,car,person,77.678,81.682,0,,,0,21,7.501,229.2,805.7,117.1,130.9,0.0,130.9,,no,vehicle_not_moving
2293-2526,2526,2293,car,person,77.678,84.885,0,,,0,46,4.085,951.8,1259.2,612.9,708.5,802.2,166.1,-225.0,yes,pedestrian_not_in_crosswalk
2293-2528,2528,2293,car,person,77.678,81.682,0,,,0,14,4.039,6.9,525.1,165.9,166.1,0.0,166.1,,no,pedestrian_not_in_crosswalk
2299-2527,2299,2527,bus,person,77.678,85.786,0,,,0,10,59.49,111.1,2670.4,46.7,49.1,9.9,49.1,-36.1,yes,pedestrian_not_in_crosswalk
2364-2527,2364,2527,car,person,77.678,83.483,0,,,0,10,62.323,169.8,2498.1,42.8,219.0,219.0,49.1,-63.9,yes,pedestrian_not_in_crosswalk
2431-2527,2431,2527,car,person,77.678,84.785,0,,,0,10,77.432,278.5,3298.8,42.8,49.1,16.9,49.1,-12.1,no,pedestrian_not_in_crosswalk
2438-2527,2438,2527,car,person,77.678,85.786,0,,,0,10,,2073.8,2073.8,0.0,371.4,371.4,49.1,-142.8,yes,pedestrian_not_in_crosswalk
2457-2527,2457,2527,car,person,77.678,85.385,0,,,0,10,98.892,302.5,1592.9,26.3,538.2,538.2,49.1,-249.5,yes,pedestrian_not_in_crosswalk
2463-2527,2463,2527,bus,person,77.678,85.786,0,,,0,10,48.778,179.8,2060.1,42.4,49.1,29.3,49.1,-81.0,yes,pedestrian_not_in_crosswalk
2470-2527,2470,2527,car,person,77.678,85.786,0,,,0,10,20.426,19.2,1542.1,82.6,87.3,45.1,49.1,-87.8,yes,pedestrian_not_in_crosswalk
2488-2527,2488,2527,car,person,77.678,85.786,0,,,0,10,,897.8,897.8,0.0,745.9,745.9,49.1,-282.5,yes,pedestrian_not_in_crosswalk
2500-2527,2500,2527,bus,person,77.678,85.786,0,,,0,10,51.61,166.7,2179.9,42.3,49.1,0.0,49.1,0.0,no,pedestrian_not_in_crosswalk
2521-2527,2521,2527,car,person,77.678,85.786,0,,,0,10,1.564,327.1,337.4,218.3,981.6,1021.1,49.1,-439.0,yes,pedestrian_not_in_crosswalk
2526-2527,2526,2527,car,person,77.678,85.786,0,,,0,10,0.779,183.5,187.5,260.1,764.7,802.2,49.1,-225.0,yes,pedestrian_not_in_crosswalk
2527-2528,2528,2527,car,person,77.678,81.682,0,,,0,9,72.481,94.5,3288.2,46.8,49.1,0.0,49.1,,no,pedestrian_not_in_crosswalk
25-2534,25,2534,truck,person,77.978,101.401,0,,,0,136,10.481,2.1,1753.6,167.4,220.7,34.3,220.7,-107.7,yes,pedestrian_not_in_crosswalk
500-2534,500,2534,car,person,77.978,90.691,0,,,0,75,14.345,234.8,1537.3,129.3,130.8,38.8,130.8,-73.4,yes,pedestrian_not_in_crosswalk
849-2534,849,2534,bus,person,77.978,86.887,0,,,0,37,24.854,344.7,2846.0,114.8,121.5,93.6,121.5,-119.2,yes,pedestrian_not_in_crosswalk
855-2534,855,2534,car,person,77.978,98.899,0,,,0,136,7.493,24.2,1578.8,215.4,220.7,158.5,220.7,-68.0,yes,pedestrian_not_in_crosswalk
1452-2534,1452,2534,car,person,77.978,83.784,0,,,0,6,5.31,105.9,571.1,121.4,136.9,116.4,83.1,-125.6,yes,pedestrian_not_in_crosswalk
1469-2534,1469,2534,car,person,77.978,101.401,0,,,0,136,10.493,0.3,1826.9,174.1,220.7,0.0,220.7,-0.0,no,pedestrian_not_in_crosswalk
1585-2534,1585,2534,car,person,77.978,89.89,0,,,2,67,0.31,3.2,38.1,218.9,283.5,184.9,130.8,-210.2,yes,pedestrian_not_in_crosswalk
1613-2534,1613,2534,bus,person,77.978,91.692,0,,,0,85,13.242,277.9,1306.7,128.4,130.8,12.3,130.8,-20.5,yes,pedestrian_not_in_crosswalk
1665-2534,1665,2534,truck,person,77.978,101.401,0,,,0,136,20.215,575.2,1132.5,65.7,220.7,93.4,220.7,-114.5,yes,pedestrian_not_in_crosswalk
2009-2534,2009,2534,car,person,77.978,101.401,0,,,0,136,3.666,0.9,375.0,146.1,220.7,34.8,220.7,-64.3,yes,pedestrian_not_in_crosswalk
2050-2534,2050,2534,car,person,77.978,84.084,0,,,0,9,9.205,950.8,1214.2,141.5,375.7,339.9,88.8,-126.0,yes,pedestrian_not_in_crosswalk
2135-2534,2135,2534,car,person,77.978,101.401,0,,,0,136,3.616,0.6,404.2,171.3,233.4,24.8,220.7,-76.6,yes,pedestrian_not_in_crosswalk
2168-2534,2168,2534,car,person,77.978,87.988,0,,,0,48,9.656,1138.1,1158.0,145.4,258.8,216.4,130.0,-115.4,yes,pedestrian_not_in_crosswalk
2199-2534,2199,2534,car,person,77.978,101.401,0,,,0,136,3.231,0.7,570.2,177.3,220.7,0.0,220.7,-0.0,yes,pedestrian_not_in_crosswalk
2206-2534,2206,2534,car,person,77.978,101.401,0,,,0,136,0.834,5.2,138.7,178.4,220.7,31.0,220.7,-106.4,yes,pedestrian_not_in_crosswalk
2208-2534,2208,2534,car,person,77.978,84.284,0,,,0,11,33.446,837.3,3175.7,95.0,98.4,66.0,98.4,-56.6,yes,pedestrian_not_in_crosswalk
2233-2534,2233,2534,car,person,77.978,101.401,0,,,0,136,4.671,6.7,817.4,175.1,220.7,0.0,220.7,-0.0,no,pedestrian_not_in_crosswalk
2237-2534,2237,2534,car,person,77.978,101.401,0,,,0,136,2.221,7.9,418.6,198.8,220.7,0.0,220.7,-0.0,no,pedestrian_not_in_crosswalk
2299-2534,2299,2534,bus,person,77.978,101.401,0,,,0,136,4.144,2.6,1136.4,283.4,323.2,220.6,220.7,-681.5,yes,pedestrian_not_in_crosswalk
2364-2534,2364,2534,car,person,77.978,83.483,0,,,0,3,38.998,361.4,2815.9,73.0,202.4,202.4,77.8,-63.9,yes,pedestrian_not_in_crosswalk
2431-2534,2431,2534,car,person,77.978,84.785,0,,,0,16,35.195,342.3,3360.8,95.5,99.7,16.9,99.7,-12.1,no,pedestrian_not_in_crosswalk
2438-2534,2438,2534,car,person,77.978,101.401,0,,,0,136,7.827,53.2,1629.5,212.8,342.7,342.7,220.7,-125.7,yes,pedestrian_not_in_crosswalk
2457-2534,2457,2534,car,person,77.978,85.385,0,,,0,22,25.24,707.4,1990.5,104.4,496.9,496.9,108.9,-167.1,yes,pedestrian_not_in_crosswalk
2463-2534,2463,2534,bus,person,77.978,101.401,0,,,0,136,10.176,15.1,1092.3,134.0,163.6,156.8,220.7,-164.2,yes,pedestrian_not_in_crosswalk
2470-2534,2470,2534,car,person,77.978,101.401,0,,,0,136,1.536,0.5,163.3,160.8,220.7,45.1,220.7,-71.6,yes,pedestrian_not_in_crosswalk
2488-2534,2488,2534,car,person,77.978,101.401,0,,,0,136,8.107,36.2,1333.5,192.0,668.7,668.7,220.7,-280.5,yes,pedestrian_not_in_crosswalk
2500-2534,2500,2534,bus,person,77.978,95.696,0,,,0,125,9.283,169.5,1145.0,128.8,157.2,0.0,157.2,0.0,no,pedestrian_not_in_crosswalk
2521-2534,2521,2534,car,person,77.978,94.695,0,,,0,115,16.95,25.6,630.7,118.6,1021.1,1021.1,150.4,-439.0,yes,pedestrian_not_in_crosswalk
2526-2534,2526,2534,car,person,77.978,87.888,0,,,0,47,17.555,272.2,357.4,124.8,779.4,802.2,126.3,-225.0,yes,pedestrian_not_in_crosswalk
924-2536,2536,924,car,person,78.078,82.182,0,,,0,28,87.085,108.1,3390.6,39.2,49.5,0.0,49.5,,no,pedestrian_not_in_crosswalk
1546-2536,2536,1546,car,person,78.078,82.182,0,,,0,42,,516.2,516.2,0.0,104.3,0.0,104.3,,no,pedestrian_stationary
1709-2536,2536,1709,car,person,78.078,82.182,0,,,0,35,40.227,19.3,3296.0,82.6,83.2,0.0,83.2,,no,pedestrian_not_in_crosswalk
2093-2536,2536,2093,car,person,78.078,82.182,0,,,0,33,4.901,71.6,406.0,115.4,118.4,0.0,118.4,,no,vehicle_not_moving
2111-2536,2536,2111,car,person,78.078,82.182,0,,,0,42,5.288,72.5,501.5,113.1,140.6,0.0,140.6,,no,vehicle_not_moving
2112-2536,2536,2112,car,person,78.078,82.182,0,,,0,29,5.887,235.6,370.2,92.1,103.9,0.0,103.9,,no,vehicle_not_moving
2118-2536,2536,2118,car,person,78.078,82.182,0,,,0,34,4.261,108.3,371.5,95.5,100.5,0.0,100.5,,no,vehicle_not_moving
2257-2536,2536,2257,car,person,78.078,82.182,0,,,0,42,6.153,124.5,544.5,101.1,107.1,0.0,107.1,,no,vehicle_not_moving
2287-2536,2536,2287,car,person,78.078,82.182,0,,,0,17,7.496,260.2,767.1,117.1,130.9,0.0,130.9,,no,vehicle_not_moving
2293-2536,2536,2293,car,person,78.078,82.182,0,,,0,19,4.036,6.9,524.5,165.9,166.1,0.0,166.1,,no,pedestrian_not_in_crosswalk
2527-2536,2536,2527,car,person,78.078,82.182,0,,,0,10,72.472,94.0,3286.2,46.8,49.1,0.0,49.1,,no,pedestrian_not_in_crosswalk
25-2547,25,2547,truck,person,78.579,90.39,0,,,0,119,156.483,518.0,518.0,7.9,149.0,34.3,149.0,-107.7,yes,pedestrian_stationary
500-2547,500,2547,car,person,78.579,90.39,0,,,0,119,10.407,530.1,693.8,92.7,149.0,38.8,149.0,-73.4,yes,pedestrian_stationary
849-2547,849,2547,bus,person,78.579,86.887,0,,,0,84,4429.834,1064.7,1064.7,0.2,216.9,93.6,149.0,-104.8,yes,pedestrian_stationary
855-2547,855,2547,car,person,78.579,90.39,0,,,0,119,7.92,424.7,658.3,120.7,187.3,158.5,149.0,-68.0,yes,pedestrian_stationary
1452-2547,1452,2547,car,person,78.579,83.784,0,,,0,53,19.562,25.8,2507.3,145.8,149.0,116.4,149.0,-125.6,yes,pedestrian_stationary
1469-2547,1469,2547,car,person,78.579,90.39,0,,,0,119,,672.0,672.0,0.0,149.0,0.0,149.0,-0.0,no,pedestrian_stationary
1519-2547,1519,2547,car,person,78.579,78.579,0,,,0,1,,3213.1,3213.1,0.0,0.0,0.0,0.0,,no,pedestrian_stationary
1585-2547,1585,2547,car,person,78.579,89.89,0,,,0,114,20.477,15.4,2213.0,114.2,145.8,184.9,149.0,-210.2,yes,pedestrian_stationary
1613-2547,1613,2547,bus,person,78.579,90.39,0,,,0,119,10.221,454.1,743.1,105.4,149.0,12.3,149.0,-20.5,yes,pedestrian_stationary
1665-2547,1665,2547,truck,person,78.579,90.39,0,,,0,119,18.475,916.1,1977.7,121.3,138.3,37.8,149.0,-112.5,yes,pedestrian_stationary
2009-2547,2009,2547,car,person,78.579,90.39,0,,,0,119,5.544,216.7,483.5,135.9,142.5,34.8,149.0,-64.3,yes,pedestrian_stationary
2050-2547,2050,2547,car,person,78.579,84.084,0,,,0,56,18.963,882.6,2196.8,132.8,199.0,339.9,149.0,-126.0,yes,pedestrian_stationary
2135-2547,2135,2547,car,person,78.579,90.39,0,,,0,119,2.628,0.6,144.2,139.8,140.2,21.7,149.0,-62.3,yes,pedestrian_stationary
2164-2547,2164,2547,car,person,78.579,79.179,0,,,0,7,132.923,1018.6,1023.6,7.7,83.3,0.0,83.3,,no,pedestrian_stationary
2168-2547,2168,2547,car,person,78.579,87.988,0,,,0,95,40.364,1202.9,1983.8,53.1,107.1,216.4,149.0,-115.4,yes,pedestrian_stationary
2199-2547,2199,2547,car,person,78.579,90.39,0,,,0,119,3.76,185.1,206.1,128.5,149.0,0.0,149.0,-0.0,no,pedestrian_stationary
2206-2547,2206,2547,car,person,78.579,90.39,0,,,0,119,4.972,0.0,393.3,146.0,149.0,24.4,149.0,-100.3,yes,pedestrian_stationary
2208-2547,2208,2547,car,person,78.579,84.284,0,,,0,58,,1024.1,1024.1,0.0,181.9,56.8,149.0,-56.6,yes,pedestrian_stationary
2233-2547,2233,2547,car,person,78.579,90.39,0,,,0,119,4.426,255.4,303.2,91.7,149.0,0.0,149.0,-0.0,no,pedestrian_stationary
2236-2547,2236,2547,car,person,78.579,80.18,0,,,0,17,35.737,941.4,993.8,28.3,136.4,0.0,136.4,,no,pedestrian_stationary
2237-2547,2237,2547,car,person,78.579,90.39,0,,,0,119,4.654,137.9,291.1,132.7,149.0,0.0,149.0,-0.0,no,pedestrian_stationary
2260-2547,2260,2547,car,person,78.579,80.48,0,,,0,20,1983.166,1019.7,1019.7,0.5,136.4,0.0,136.4,,no,pedestrian_stationary
2280-2547,2280,2547,car,person,78.579,81.181,0,,,0,27,37.609,931.1,971.2,26.3,149.0,0.0,149.0,,no,pedestrian_stationary
2299-2547,2299,2547,bus,person,78.579,90.39,0,,,0,119,6.572,248.0,280.1,47.9,149.0,9.9,149.0,-36.1,yes,pedestrian_stationary
2364-2547,2364,2547,car,person,78.579,83.483,0,,,0,50,21.044,897.9,897.9,44.6,245.8,169.4,149.0,-63.9,yes,pedestrian_stationary
2431-2547,2431,2547,car,person,78.579,84.785,0,,,0,63,,1147.9,1147.9,0.0,149.0,16.9,149.0,-12.1,no,pedestrian_stationary
2438-2547,2438,2547,car,person,78.579,90.39,0,,,0,119,6.479,869.6,869.6,152.3,330.1,271.0,149.0,-106.9,yes,pedestrian_stationary
2448-2547,2448,2547,car,person,78.579,78.879,0,,,0,4,,518.1,518.1,0.0,77.8,0.0,77.8,,no,pedestrian_stationary
2457-2547,2457,2547,car,person,78.579,85.385,0,,,0,69,4.107,900.3,900.3,287.4,463.3,418.1,149.0,-118.1,yes,pedestrian_stationary
2463-2547,2463,2547,bus,person,78.579,90.39,0,,,0,119,10.205,527.7,725.6,95.6,149.0,29.3,149.0,-81.0,yes,pedestrian_stationary
2470-2547,2470,2547,car,person,78.579,90.39,0,,,0,119,5.721,9.0,512.9,149.0,149.0,28.4,149.0,-61.1,yes,pedestrian_stationary
2488-2547,2488,2547,car,person,78.579,90.39,0,,,0,119,3.036,780.2,781.6,508.2,609.5,569.0,149.0,-215.9,yes,pedestrian_stationary
2496-2547,2496,2547,car,person,78.579,80.48,0,,,0,20,,518.4,518.4,0.0,136.4,0.0,136.4,,no,pedestrian_stationary
2500-2547,2500,2547,bus,person,78.579,90.39,0,,,0,119,12.291,634.4,778.5,81.4,149.0,0.0,149.0,0.0,no,pedestrian_stationary
2521-2547,2521,2547,car,person,78.579,90.39,0,,,0,119,2.454,717.7,721.0,813.8,898.7,898.7,149.0,-439.0,yes,pedestrian_stationary
2526-2547,2526,2547,car,person,78.579,87.888,0,,,0,94,2.839,772.0,788.6,743.8,806.1,784.4,149.0,-225.0,yes,pedestrian_stationary
2528-2547,2528,2547,car,person,78.579,81.682,0,,,0,32,,518.1,518.1,0.0,149.0,0.0,149.0,,no,pedestrian_stationary
2536-2547,2536,2547,car,person,78.579,82.182,0,,,0,37,,517.6,517.6,0.0,149.0,0.0,149.0,,no,pedestrian_stationary
924-2560,2560,924,car,person,79.179,83.183,0,,,0,29,61.009,108.9,3346.0,54.8,66.1,0.0,66.1,,no,pedestrian_not_in_crosswalk
1546-2560,2560,1546,car,person,79.179,83.183,0,,,0,37,,522.1,522.1,0.0,121.0,0.0,121.0,,no,vehicle_not_moving
1709-2560,2560,1709,car,person,79.179,83.183,0,,,0,41,40.122,20.1,3222.8,82.6,83.2,0.0,83.2,,no,vehicle_not_moving
2093-2560,2560,2093,car,person,79.179,83.183,0,,,0,22,4.91,148.9,406.9,104.4,118.4,0.0,118.4,,no,vehicle_not_moving
2111-2560,2560,2111,car,person,79.179,83.183,0,,,0,41,5.298,213.1,502.5,97.5,140.6,0.0,140.6,,no,vehicle_not_moving
2112-2560,2560,2112,car,person,79.179,83.183,0,,,0,18,5.898,240.8,329.2,79.8,93.6,0.0,93.6,,no,vehicle_not_moving
2118-2560,2560,2118,car,person,79.179,83.183,0,,,0,23,3.642,104.3,313.6,95.0,107.3,0.0,107.3,,no,vehicle_not_moving
2257-2560,2560,2257,car,person,79.179,83.183,0,,,0,41,5.245,124.8,459.3,96.7,110.0,0.0,110.0,,no,vehicle_not_moving
2287-2560,2560,2287,car,person,79.179,83.183,0,,,0,6,7.491,260.6,678.6,117.1,130.9,0.0,130.9,,no,vehicle_not_moving
2293-2560,2560,2293,car,person,79.179,83.183,0,,,0,29,4.041,7.0,525.5,165.9,166.1,0.0,166.1,,no,pedestrian_not_in_crosswalk
2527-2560,2560,2527,car,person,79.179,83.183,0,,,0,10,75.034,94.9,3286.7,43.8,43.9,0.0,43.9,,no,pedestrian_not_in_crosswalk
2547-2560,2560,2547,car,person,79.179,83.183,0,,,0,41,,563.8,563.8,0.0,149.0,0.0,149.0,,no,vehicle_not_moving
924-2577,2577,924,car,person,79.579,83.483,0,,,0,32,36.554,108.4,3316.2,90.7,92.2,0.0,92.2,,no,pedestrian_not_in_crosswalk
1546-2577,2577,1546,car,person,79.579,83.483,0,,,0,36,,530.1,530.1,0.0,121.0,0.0,121.0,,no,vehicle_not_moving
1709-2577,2577,1709,car,person,79.579,83.483,0,,,0,40,28.587,19.6,3180.9,111.3,111.8,0.0,111.8,,no,vehicle_not_moving
2093-2577,2577,2093,car,person,79.579,83.483,0,,,0,18,4.905,181.6,406.6,104.5,118.4,0.0,118.4,,no,vehicle_not_moving
2111-2577,2577,2111,car,person,79.579,83.483,0,,,0,40,5.293,212.5,502.2,97.3,112.6,0.0,112.6,,no,vehicle_not_moving
2112-2577,2577,2112,car,person,79.579,83.483,0,,,0,14,5.89,240.3,323.6,79.9,93.6,0.0,93.6,,no,vehicle_not_moving
2118-2577,2577,2118,car,person,79.579,83.483,0,,,0,19,3.635,103.8,306.7,95.0,107.3,0.0,107.3,,no,vehicle_not_moving
2257-2577,2577,2257,car,person,79.579,83.483,0,,,0,38,5.238,175.7,436.0,94.4,116.9,0.0,116.9,,no,vehicle_not_moving
2287-2577,2577,2287,car,person,79.579,83.483,0,,,0,2,7.485,311.2,666.1,117.1,130.9,0.0,130.9,,no,vehicle_not_moving
2293-2577,2577,2293,car,person,79.579,83.483,0,,,0,32,4.039,6.6,525.1,165.9,166.1,0.0,166.1,,no,vehicle_not_moving
2527-2577,2577,2527,car,person,79.579,83.483,0,,,0,10,75.037,94.3,3286.8,43.8,43.9,0.0,43.9,,no,pedestrian_not_in_crosswalk
2534-2577,2577,2534,car,person,79.579,83.483,0,,,0,3,44.685,21.8,3455.6,77.3,77.8,0.0,77.8,,no,pedestrian_not_in_crosswalk
2547-2577,2577,2547,car,person,79.579,83.483,0,,,0,40,,611.5,611.5,0.0,149.0,0.0,149.0,,no,vehicle_not_moving
924-2586,2586,924,car,person,79.78,99.6,0,,,0,146,4.166,16.6,253.2,183.2,195.5,59.3,195.5,-86.1,yes,pedestrian_not_in_crosswalk
1546-2586,2586,1546,car,person,79.78,94.094,0,,,0,140,11.412,11.8,814.6,102.9,103.7,59.3,121.0,-86.1,yes,vehicle_not_moving
1709-2586,2586,1709,car,person,79.78,95.896,0,,,0,119,2.484,0.1,226.7,234.8,240.3,59.3,240.3,-86.1,yes,vehicle_not_moving
2093-2586,2586,2093,car,person,79.78,85.285,0,,,0,16,,1518.9,1518.9,0.0,131.9,59.3,118.4,-66.4,yes,vehicle_not_moving
2111-2586,2586,2111,car,person,79.78,84.384,0,,,0,47,,1482.1,1482.1,0.0,118.0,59.3,112.6,-66.4,yes,vehicle_not_moving
2112-2586,2586,2112,car,person,79.78,88.789,0,,,0,12,,1635.6,1635.6,0.0,125.3,59.3,93.6,-86.1,yes,vehicle_not_moving
2118-2586,2586,2118,car,person,79.78,89.089,0,,,0,17,,1560.2,1560.2,0.0,129.4,59.3,107.3,-86.1,yes,vehicle_not_moving
2257-2586,2586,2257,car,person,79.78,92.593,0,,,0,36,,1452.0,1452.0,0.0,173.1,59.3,173.1,-86.1,yes,vehicle_not_moving
2287-2586,2586,2287,car,person,79.78,127.527,0,,,0,1,,1297.8,1297.8,0.0,334.3,334.3,130.9,-190.8,yes,vehicle_not_moving
2293-2586,2586,2293,car,person,79.78,84.885,0,,,0,44,,1507.2,1507.2,0.0,166.1,59.3,166.1,-66.4,yes,vehicle_not_moving
2527-2586,2586,2527,car,person,79.78,85.786,0,,,0,10,26.015,18.9,1316.9,54.8,65.6,59.3,43.9,-66.4,yes,pedestrian_not_in_crosswalk
2534-2586,2586,2534,car,person,79.78,101.401,0,,,0,136,2.474,50.8,230.4,140.9,220.7,59.3,220.7,-86.1,yes,pedestrian_not_in_crosswalk
2547-2586,2586,2547,car,person,79.78,90.39,0,,,0,107,8.761,20.6,807.8,135.3,135.3,59.3,149.0,-86.1,yes,vehicle_not_moving
25-2592,25,2592,truck,person,79.88,83.884,0,,,0,41,,613.9,613.9,0.0,23.5,23.5,0.0,-67.2,yes,pedestrian_stationary
500-2592,500,2592,car,person,79.88,83.884,0,,,0,41,70.962,182.0,1054.3,14.9,19.7,19.7,0.0,-73.4,yes,pedestrian_stationary
849-2592,849,2592,bus,person,79.88,83.884,0,,,0,41,146.803,902.2,1055.8,7.2,93.6,93.6,0.0,-104.8,yes,pedestrian_stationary
855-2592,855,2592,car,person,79.88,83.884,0,,,0,41,53.781,100.9,1192.3,22.3,28.7,28.7,0.0,-68.0,yes,pedestrian_stationary
1452-2592,1452,2592,car,person,79.88,83.784,0,,,0,40,,2999.0,2999.0,0.0,112.1,112.1,0.0,70.7,yes,pedestrian_stationary
1469-2592,1469,2592,car,person,79.88,83.884,0,,,0,41,,752.0,752.0,0.0,0.0,0.0,0.0,-0.0,no,pedestrian_stationary
1585-2592,1585,2592,car,person,79.88,83.884,0,,,0,41,,2507.0,2507.0,0.0,156.2,156.2,0.0,-76.5,yes,pedestrian_stationary
1613-2592,1613,2592,bus,person,79.88,83.884,0,,,0,41,,1181.0,1181.0,0.0,0.0,0.0,0.0,-0.1,no,pedestrian_stationary
1665-2592,1665,2592,truck,person,79.88,83.884,0,,,0,41,,2372.4,2372.4,0.0,32.0,32.0,0.0,-22.7,yes,pedestrian_stationary
2009-2592,2009,2592,car,person,79.88,83.884,0,,,0,41,,1068.8,1068.8,0.0,32.4,32.4,0.0,-64.3,yes,pedestrian_stationary
2050-2592,2050,2592,car,person,79.88,83.884,0,,,0,41,,2595.3,2595.3,0.0,339.9,339.9,0.0,-65.9,yes,pedestrian_stationary
2135-2592,2135,2592,car,person,79.88,83.884,0,,,0,41,,782.0,782.0,0.0,21.7,21.7,0.0,-62.3,yes,pedestrian_stationary
2168-2592,2168,2592,car,person,79.88,83.884,0,,,0,41,,2028.9,2028.9,0.0,216.4,216.4,0.0,-115.4,yes,pedestrian_stationary
2199-2592,2199,2592,car,person,79.88,83.884,0,,,0,41,,678.9,678.9,0.0,0.0,0.0,0.0,-0.0,no,pedestrian_stationary
2206-2592,2206,2592,car,person,79.88,83.884,0,,,0,41,,1058.7,1058.7,0.0,0.0,0.0,0.0,-0.0,no,pedestrian_stationary
2208-2592,2208,2592,car,person,79.88,83.884,0,,,0,41,,1038.4,1038.4,0.0,48.2,48.2,0.0,-56.6,yes,pedestrian_stationary
2233-2592,2233,2592,car,person,79.88,83.884,0,,,0,41,,481.7,481.7,0.0,0.0,0.0,0.0,-0.0,no,pedestrian_stationary
2236-2592,2236,2592,car,person,79.88,80.18,0,,,0,4,,971.1,971.1,0.0,0.0,0.0,0.0,,no,pedestrian_stationary
2237-2592,2237,2592,car,person,79.88,83.884,0,,,0,41,,859.5,859.5,0.0,0.0,0.0,0.0,-0.0,no,pedestrian_stationary
2260-2592,2260,2592,car,person,79.88,80.48,0,,,0,7,,1019.1,1019.1,0.0,0.0,0.0,0.0,,no,pedestrian_stationary
2280-2592,2280,2592,car,person,79.88,81.181,0,,,0,14,,953.0,953.0,0.0,0.0,0.0,0.0,,no,pedestrian_stationary
2299-2592,2299,2592,bus,person,79.88,83.884,0,,,0,41,523.282,254.9,255.4,0.5,9.9,9.9,0.0,-36.1,yes,pedestrian_stationary
2364-2592,2364,2592,car,person,79.88,83.483,0,,,0,37,,896.5,896.5,0.0,116.8,116.8,0.0,-36.1,yes,pedestrian_stationary
2431-2592,2431,2592,car,person,79.88,83.884,0,,,0,41,,1186.6,1186.6,0.0,15.9,15.9,0.0,4.2,no,pedestrian_stationary
2438-2592,2438,2592,car,person,79.88,83.884,0,,,0,41,118.615,869.1,869.1,7.4,179.1,179.1,0.0,-59.2,yes,pedestrian_stationary
2457-2592,2457,2592,car,person,79.88,83.884,0,,,0,41,12.878,915.7,922.5,73.6,296.4,296.4,0.0,-113.3,yes,pedestrian_stationary
2463-2592,2463,2592,bus,person,79.88,83.884,0,,,0,41,121.486,757.9,1100.5,9.1,29.3,29.3,0.0,-81.0,yes,pedestrian_stationary
2470-2592,2470,2592,car,person,79.88,83.884,0,,,0,41,,1165.7,1165.7,0.0,16.0,16.0,0.0,-61.1,yes,pedestrian_stationary
2488-2592,2488,2592,car,person,79.88,83.884,0,,,0,41,4.873,864.8,881.9,230.7,371.7,371.7,0.0,-140.7,yes,pedestrian_stationary
2496-2592,2496,2592,car,person,79.88,80.48,0,,,0,7,,614.3,614.3,0.0,0.0,0.0,0.0,,no,pedestrian_stationary
2500-2592,2500,2592,bus,person,79.88,83.884,0,,,0,41,,1081.9,1081.9,0.0,0.0,0.0,0.0,0.0,no,pedestrian_stationary
2521-2592,2521,2592,car,person,79.88,83.884,0,,,0,41,3.4,860.1,909.1,400.7,516.7,516.7,0.0,-260.2,yes,pedestrian_stationary
2526-2592,2526,2592,car,person,79.88,83.884,0,,,0,41,3.672,889.0,927.4,449.6,551.7,551.7,0.0,-178.7,yes,pedestrian_stationary
2528-2592,2528,2592,car,person,79.88,81.682,0,,,0,19,,614.0,614.0,0.0,0.0,0.0,0.0,,no,pedestrian_stationary
2536-2592,2536,2592,car,person,79.88,82.182,0,,,0,24,,613.5,613.5,0.0,0.0,0.0,0.0,,no,pedestrian_stationary
2560-2592,2560,2592,car,person,79.88,83.183,0,,,0,34,,614.2,614.2,0.0,0.0,0.0,0.0,,no,pedestrian_stationary
2577-2592,2577,2592,car,person,79.88,83.483,0,,,0,37,,614.2,614.2,0.0,0.0,0.0,0.0,,no,pedestrian_stationary
2586-2592,2586,2592,car,person,79.88,83.884,0,,,0,41,,1296.2,1296.2,0.0,59.3,59.3,0.0,-54.3,yes,pedestrian_stationary
924-2599,2599,924,car,person,80.08,85.686,0,,,0,54,18.137,588.2,2620.3,153.6,160.2,16.6,160.2,-39.1,yes,pedestrian_not_in_crosswalk
1546-2599,2599,1546,car,person,80.08,85.686,0,,,0,53,58.171,1046.5,1080.2,18.7,121.0,16.6,121.0,-39.1,yes,vehicle_not_moving
1709-2599,2599,1709,car,person,80.08,85.686,0,,,0,57,15.99,765.8,2476.0,160.7,173.1,16.6,173.1,-39.1,yes,vehicle_not_moving
2093-2599,2599,2093,car,person,80.08,85.285,0,,,0,13,42.942,1189.9,1199.5,28.6,118.4,16.6,118.4,-39.1,yes,vehicle_not_moving
2111-2599,2599,2111,car,person,80.08,84.384,0,,,0,44,39.784,1154.6,1221.0,30.7,112.6,16.6,112.6,-39.1,yes,vehicle_not_moving
2112-2599,2599,2112,car,person,80.08,85.686,0,,,0,9,42.34,1150.7,1238.7,30.1,93.3,16.6,93.6,-39.1,yes,vehicle_not_moving
2118-2599,2599,2118,car,person,80.08,85.686,0,,,0,14,23.085,925.4,1183.3,52.0,107.3,16.6,107.3,-39.1,yes,vehicle_not_moving
2257-2599,2599,2257,car,person,80.08,85.686,0,,,0,33,29.784,1089.6,1260.3,45.5,116.9,16.6,116.9,-39.1,yes,vehicle_not_moving
2293-2599,2599,2293,car,person,80.08,84.885,0,,,0,42,29.495,1266.6,1266.6,47.1,128.6,16.6,128.6,-39.1,yes,pedestrian_not_in_crosswalk
2527-2599,2599,2527,car,person,80.08,85.686,0,,,0,10,75.232,293.1,2882.2,38.3,43.1,16.6,43.9,-39.1,yes,pedestrian_not_in_crosswalk
2534-2599,2599,2534,car,person,80.08,85.686,0,,,0,25,27.332,471.8,2857.2,104.9,111.1,16.6,111.1,-39.1,yes,pedestrian_not_in_crosswalk
2547-2599,2599,2547,car,person,80.08,85.686,0,,,0,57,,1048.0,1048.0,0.0,161.7,16.6,149.0,-39.1,yes,vehicle_not_moving
2592-2599,2599,2592,car,person,80.08,83.884,0,,,0,39,,1018.2,1018.2,0.0,16.6,16.6,0.0,-39.1,yes,pedestrian_stationary
25-2612,25,2612,truck,person,80.48,84.484,0,,,0,41,119.378,659.4,690.1,5.8,23.5,23.5,0.0,-73.3,yes,pedestrian_stationary
500-2612,500,2612,car,person,80.48,84.484,0,,,0,41,71.287,231.3,1002.2,14.1,19.7,19.7,0.0,-73.4,yes,pedestrian_stationary
849-2612,849,2612,bus,person,80.48,84.484,0,,,0,41,169.16,948.5,1064.2,6.3,93.6,93.6,0.0,-102.6,yes,pedestrian_stationary
855-2612,855,2612,car,person,80.48,84.484,0,,,0,41,52.399,49.4,1125.1,21.7,28.7,28.7,0.0,-68.0,yes,pedestrian_stationary
1452-2612,1452,2612,car,person,80.48,83.784,0,,,0,34,,2920.2,2920.2,0.0,0.0,0.0,0.0,,no,pedestrian_stationary
1469-2612,1469,2612,car,person,80.48,84.484,0,,,0,41,,822.8,822.8,0.0,0.0,0.0,0.0,-0.0,no,pedestrian_stationary
1585-2612,1585,2612,car,person,80.48,84.484,0,,,0,41,,2463.1,2463.1,0.0,184.9,184.9,0.0,-64.7,yes,pedestrian_stationary
1613-2612,1613,2612,bus,person,80.48,84.484,0,,,0,41,,1123.6,1123.6,0.0,0.0,0.0,0.0,-0.0,no,pedestrian_stationary
1665-2612,1665,2612,truck,person,80.48,84.484,0,,,0,41,,2305.5,2305.5,0.0,32.0,32.0,0.0,-22.7,no,pedestrian_stationary
2009-2612,2009,2612,car,person,80.48,84.484,0,,,0,41,,1000.4,1000.4,0.0,19.9,19.9,0.0,-64.3,yes,pedestrian_stationary
2050-2612,2050,2612,car,person,80.48,84.084,0,,,0,37,,2586.1,2586.1,0.0,339.9,339.9,0.0,-60.7,yes,pedestrian_stationary
2135-2612,2135,2612,car,person,80.48,84.484,0,,,0,41,,711.3,711.3,0.0,18.2,18.2,0.0,-62.3,yes,pedestrian_stationary
2168-2612,2168,2612,car,person,80.48,84.484,0,,,0,41,,2025.4,2025.4,0.0,216.4,216.4,0.0,-115.4,yes,pedestrian_stationary
2199-2612,2199,2612,car,person,80.48,84.484,0,,,0,41,,608.0,608.0,0.0,0.0,0.0,0.0,-0.0,no,pedestrian_stationary
2206-2612,2206,2612,car,person,80.48,84.484,0,,,0,41,,980.8,980.8,0.0,0.0,0.0,0.0,-0.0,no,pedestrian_stationary
2208-2612,2208,2612,car,person,80.48,84.284,0,,,0,39,,1067.8,1067.8,0.0,32.5,32.5,0.0,-31.0,yes,pedestrian_stationary
2233-2612,2233,2612,car,person,80.48,84.484,0,,,0,41,,424.3,424.3,0.0,0.0,0.0,0.0,-0.0,no,pedestrian_stationary
2237-2612,2237,2612,car,person,80.48,84.484,0,,,0,41,,787.7,787.7,0.0,0.0,0.0,0.0,-0.0,no,pedestrian_stationary
2260-2612,2260,2612,car,person,80.48,80.48,0,,,0,1,,1043.9,1043.9,0.0,0.0,0.0,0.0,,no,pedestrian_stationary
2280-2612,2280,2612,car,person,80.48,81.181,0,,,0,8,,950.6,950.6,0.0,0.0,0.0,0.0,,no,pedestrian_stationary
2299-2612,2299,2612,bus,person,80.48,84.484,0,,,0,41,318.113,255.8,255.8,0.8,9.9,9.9,0.0,-36.1,yes,pedestrian_stationary
2364-2612,2364,2612,car,person,80.48,83.483,0,,,0,31,,887.2,887.2,0.0,0.0,0.0,0.0,,no,pedestrian_stationary
2431-2612,2431,2612,car,person,80.48,84.484,0,,,0,41,,1218.8,1218.8,0.0,0.0,0.0,0.0,,no,pedestrian_stationary
2438-2612,2438,2612,car,person,80.48,84.484,0,,,0,41,,855.1,855.1,0.0,145.6,145.6,0.0,-55.3,yes,pedestrian_stationary
2457-2612,2457,2612,car,person,80.48,84.484,0,,,0,41,,893.8,893.8,0.0,248.8,248.8,0.0,-113.3,yes,pedestrian_stationary
2463-2612,2463,2612,bus,person,80.48,84.484,0,,,0,41,109.812,678.1,1047.6,9.6,29.3,29.3,0.0,-81.0,yes,pedestrian_stationary
2470-2612,2470,2612,car,person,80.48,84.484,0,,,0,41,,1086.7,1086.7,0.0,12.4,12.4,0.0,-47.3,yes,pedestrian_stationary
2488-2612,2488,2612,car,person,80.48,84.484,0,,,0,41,7.645,840.0,852.7,126.5,308.3,308.3,0.0,-106.4,yes,pedestrian_stationary
2496-2612,2496,2612,car,person,80.48,80.48,0,,,0,1,,690.8,690.8,0.0,0.0,0.0,0.0,,no,pedestrian_stationary
2500-2612,2500,2612,bus,person,80.48,84.484,0,,,0,41,,1036.9,1036.9,0.0,0.0,0.0,0.0,0.0,no,pedestrian_stationary
2521-2612,2521,2612,car,person,80.48,84.484,0,,,0,41,4.323,834.6,868.2,259.2,395.9,395.9,0.0,-182.7,yes,pedestrian_stationary
2526-2612,2526,2612,car,person,80.48,84.484,0,,,0,41,3.886,867.2,896.9,350.2,454.6,454.6,0.0,-145.6,yes,pedestrian_stationary
2528-2612,2528,2612,car,person,80.48,81.682,0,,,0,13,,690.4,690.4,0.0,0.0,0.0,0.0,,no,pedestrian_stationary
2536-2612,2536,2612,car,person,80.48,82.182,0,,,0,18,,690.0,690.0,0.0,0.0,0.0,0.0,,no,pedestrian_stationary
2560-2612,2560,2612,car,person,80.48,83.183,0,,,0,28,,690.7,690.7,0.0,0.0,0.0,0.0,,no,pedestrian_stationary
2577-2612,2577,2612,car,person,80.48,83.483,0,,,0,31,,690.7,690.7,0.0,0.0,0.0,0.0,,no,pedestrian_stationary
2586-2612,2586,2612,car,person,80.48,84.484,0,,,0,41,,1224.9,1224.9,0.0,59.3,59.3,0.0,-66.4,yes,pedestrian_stationary
2599-2612,2599,2612,car,person,80.48,84.484,0,,,0,41,,1025.7,1025.7,0.0,16.6,16.6,0.0,-39.1,yes,pedestrian_stationary
924-2618,2618,924,truck,person,80.581,86.486,0,,,0,60,5.421,1.3,769.9,159.9,165.8,108.5,160.2,-89.1,yes,vehicle_not_moving
1546-2618,2618,1546,truck,person,80.581,86.486,0,,,0,56,12.393,20.9,1086.2,99.8,100.1,108.5,121.0,-89.1,yes,vehicle_not_moving
1709-2618,2618,1709,truck,person,80.581,86.486,0,,,0,60,3.69,1.6,589.3,173.1,214.7,108.5,214.7,-89.1,yes,vehicle_not_moving
2093-2618,2618,2093,truck,person,80.581,85.285,0,,,0,8,,1743.2,1743.2,0.0,118.4,108.5,118.4,-89.1,yes,vehicle_not_moving
2111-2618,2618,2111,truck,person,80.581,84.384,0,,,0,39,,1750.5,1750.5,0.0,108.5,108.5,104.7,-89.1,yes,vehicle_not_moving
2112-2618,2618,2112,truck,person,80.581,86.486,0,,,0,4,,1866.7,1866.7,0.0,147.5,108.5,91.8,-89.1,yes,vehicle_not_moving
2118-2618,2618,2118,truck,person,80.581,86.486,0,,,0,9,,1802.7,1802.7,0.0,206.9,108.5,107.3,-89.1,yes,vehicle_not_moving
2257-2618,2618,2257,truck,person,80.581,86.486,0,,,0,28,,1690.4,1690.4,0.0,172.3,108.5,116.9,-89.1,yes,vehicle_not_moving
2293-2618,2618,2293,truck,person,80.581,84.885,0,,,0,42,,1744.7,1744.7,0.0,108.5,108.5,0.0,-89.1,yes,pedestrian_not_in_crosswalk
2527-2618,2618,2527,truck,person,80.581,85.786,0,,,0,10,13.628,70.7,1195.6,87.7,108.5,108.5,43.9,-89.1,yes,pedestrian_not_in_crosswalk
2534-2618,2618,2534,truck,person,80.581,86.486,0,,,0,33,9.732,2.8,1048.8,142.6,162.0,108.5,113.8,-89.1,yes,pedestrian_not_in_crosswalk
2547-2618,2618,2547,truck,person,80.581,86.486,0,,,0,60,8.627,2.1,855.8,148.9,149.0,108.5,149.0,-89.1,yes,vehicle_not_moving
2592-2618,2618,2592,truck,person,80.581,83.884,0,,,0,34,,1451.2,1451.2,0.0,108.5,108.5,0.0,-89.1,yes,pedestrian_stationary
2612-2618,2618,2612,truck,person,80.581,84.484,0,,,0,40,,1371.5,1371.5,0.0,108.5,108.5,0.0,-89.1,yes,pedestrian_stationary
25-2629,25,2629,truck,person,81.081,85.085,0,,,0,41,157.949,743.2,766.6,4.9,23.5,23.5,0.0,-73.3,yes,pedestrian_stationary
500-2629,500,2629,car,person,81.081,85.085,0,,,0,41,71.441,273.5,941.9,13.2,19.7,19.7,0.0,-73.4,yes,pedestrian_stationary
849-2629,849,2629,bus,person,81.081,85.085,0,,,0,41,,1075.1,1075.1,0.0,93.6,93.6,0.0,-79.0,yes,pedestrian_stationary
855-2629,855,2629,car,person,81.081,85.085,0,,,0,41,50.342,4.6,1042.6,21.2,28.7,28.7,0.0,-68.0,yes,pedestrian_stationary
1452-2629,1452,2629,car,person,81.081,83.784,0,,,0,28,,2839.4,2839.4,0.0,0.0,0.0,0.0,,no,pedestrian_stationary
1469-2629,1469,2629,car,person,81.081,85.085,0,,,0,41,,892.3,892.3,0.0,0.0,0.0,0.0,-0.0,no,pedestrian_stationary
1585-2629,1585,2629,car,person,81.081,85.085,0,,,0,41,,2392.4,2392.4,0.0,184.9,184.9,0.0,-64.7,yes,pedestrian_stationary
1613-2629,1613,2629,bus,person,81.081,85.085,0,,,0,41,,1057.0,1057.0,0.0,0.0,0.0,0.0,-0.0,no,pedestrian_stationary
1665-2629,1665,2629,truck,person,81.081,85.085,0,,,0,41,,2244.2,2244.2,0.0,34.6,34.6,0.0,-15.0,no,pedestrian_stationary
2009-2629,2009,2629,car,person,81.081,85.085,0,,,0,41,,921.7,921.7,0.0,0.0,0.0,0.0,-64.3,yes,pedestrian_stationary
2050-2629,2050,2629,car,person,81.081,84.084,0,,,0,31,,2515.0,2515.0,0.0,0.0,0.0,0.0,,no,pedestrian_stationary
2135-2629,2135,2629,car,person,81.081,85.085,0,,,0,41,,634.2,634.2,0.0,16.9,16.9,0.0,-62.3,yes,pedestrian_stationary
2168-2629,2168,2629,car,person,81.081,85.085,0,,,0,41,,2030.6,2030.6,0.0,216.4,216.4,0.0,-115.4,yes,pedestrian_stationary
2199-2629,2199,2629,car,person,81.081,85.085,0,,,0,41,,529.3,529.3,0.0,0.0,0.0,0.0,-0.0,no,pedestrian_stationary
2206-2629,2206,2629,car,person,81.081,85.085,0,,,0,41,,896.2,896.2,0.0,0.0,0.0,0.0,-0.0,no,pedestrian_stationary
2208-2629,2208,2629,car,person,81.081,84.284,0,,,0,33,,1084.1,1084.1,0.0,0.0,0.0,0.0,,no,pedestrian_stationary
2233-2629,2233,2629,car,person,81.081,85.085,0,,,0,41,,362.4,362.4,0.0,0.0,0.0,0.0,-0.0,no,pedestrian_stationary
2237-2629,2237,2629,car,person,81.081,85.085,0,,,0,41,,707.6,707.6,0.0,0.0,0.0,0.0,-0.0,no,pedestrian_stationary
2280-2629,2280,2629,car,person,81.081,81.181,0,,,0,2,,942.8,942.8,0.0,0.0,0.0,0.0,,no,pedestrian_stationary
2299-2629,2299,2629,bus,person,81.081,85.085,0,,,0,41,75.203,248.8,270.1,3.6,9.9,9.9,0.0,-36.1,yes,pedestrian_stationary
2364-2629,2364,2629,car,person,81.081,83.483,0,,,0,25,,872.6,872.6,0.0,0.0,0.0,0.0,,no,pedestrian_stationary
2431-2629,2431,2629,car,person,81.081,84.785,0,,,0,38,,1267.0,1267.0,0.0,0.0,0.0,0.0,,no,pedestrian_stationary
2438-2629,2438,2629,car,person,81.081,85.085,0,,,0,41,,850.3,850.3,0.0,120.0,120.0,0.0,-43.0,yes,pedestrian_stationary
2457-2629,2457,2629,car,person,81.081,85.085,0,,,0,41,,877.0,877.0,0.0,187.4,187.4,0.0,-111.9,yes,pedestrian_stationary
2463-2629,2463,2629,bus,person,81.081,85.085,0,,,0,41,98.53,593.9,985.7,10.1,29.3,29.3,0.0,-81.0,yes,pedestrian_stationary
2470-2629,2470,2629,car,person,81.081,85.085,0,,,0,41,,1003.7,1003.7,0.0,12.4,12.4,0.0,-47.3,yes,pedestrian_stationary
2488-2629,2488,2629,car,person,81.081,85.085,0,,,0,41,11.396,801.9,811.5,74.1,266.2,266.2,0.0,-106.4,yes,pedestrian_stationary
2500-2629,2500,2629,bus,person,81.081,85.085,0,,,0,41,,982.5,982.5,0.0,0.0,0.0,0.0,0.0,no,pedestrian_stationary
2521-2629,2521,2629,car,person,81.081,85.085,0,,,0,41,6.013,801.9,817.3,156.4,309.2,309.2,0.0,-178.8,yes,pedestrian_stationary
2526-2629,2526,2629,car,person,81.081,85.085,0,,,0,41,4.388,854.8,857.0,254.3,400.4,400.4,0.0,-112.5,yes,pedestrian_stationary
2528-2629,2528,2629,car,person,81.081,81.682,0,,,0,7,,766.7,766.7,0.0,0.0,0.0,0.0,,no,pedestrian_stationary
2536-2629,2536,2629,car,person,81.081,82.182,0,,,0,12,,766.3,766.3,0.0,0.0,0.0,0.0,,no,pedestrian_stationary
2560-2629,2560,2629,car,person,81.081,83.183,0,,,0,22,,767.0,767.0,0.0,0.0,0.0,0.0,,no,pedestrian_stationary
2577-2629,2577,2629,car,person,81.081,83.483,0,,,0,25,,767.0,767.0,0.0,0.0,0.0,0.0,,no,pedestrian_stationary
2586-2629,2586,2629,car,person,81.081,85.085,0,,,0,41,,1152.9,1152.9,0.0,59.3,59.3,0.0,-66.4,yes,pedestrian_stationary
2599-2629,2599,2629,car,person,81.081,85.085,0,,,0,41,,1028.9,1028.9,0.0,16.6,16.6,0.0,-3.4,yes,pedestrian_stationary
2618-2629,2618,2629,truck,person,81.081,85.085,0,,,0,41,,1289.8,1289.8,0.0,108.5,108.5,0.0,-89.1,yes,pedestrian_stationary
924-2652,2652,924,car,person,81.682,85.686,0,,,0,41,17.861,661.0,2596.2,154.7,160.2,0.0,160.2,,no,vehicle_not_moving
1546-2652,2652,1546,car,person,81.682,85.686,0,,,0,37,110.076,1012.3,1013.3,9.3,121.0,0.0,121.0,,no,vehicle_not_moving
1709-2652,2652,1709,car,person,81.682,85.686,0,,,0,41,15.669,775.4,2449.7,162.3,173.1,0.0,173.1,,no,vehicle_not_moving
2111-2652,2652,2111,car,person,81.682,84.384,0,,,0,28,,1154.6,1154.6,0.0,0.0,0.0,0.0,,no,vehicle_not_moving
2257-2652,2652,2257,car,person,81.682,85.686,0,,,0,17,33.552,1140.4,1194.1,36.3,116.9,0.0,116.9,,no,vehicle_not_moving
2293-2652,2652,2293,car,person,81.682,84.885,0,,,0,33,,1198.4,1198.4,0.0,0.0,0.0,0.0,,no,pedestrian_stationary
2527-2652,2652,2527,car,person,81.682,85.686,0,,,0,2,74.332,199.5,2859.9,38.5,38.9,0.0,38.9,,no,vehicle_not_moving
2534-2652,2652,2534,car,person,81.682,85.686,0,,,0,25,26.903,744.5,2835.3,105.8,111.1,0.0,111.1,,no,pedestrian_not_in_crosswalk
2547-2652,2652,2547,car,person,81.682,85.686,0,,,0,41,,1011.6,1011.6,0.0,140.2,0.0,140.2,,no,vehicle_not_moving
2592-2652,2652,2592,car,person,81.682,83.884,0,,,0,23,,953.5,953.5,0.0,0.0,0.0,0.0,,no,pedestrian_stationary
2612-2652,2652,2612,car,person,81.682,84.484,0,,,0,29,,959.7,959.7,0.0,0.0,0.0,0.0,,no,pedestrian_stationary
2629-2652,2652,2629,car,person,81.682,85.085,0,,,0,35,,961.2,961.2,0.0,0.0,0.0,0.0,,no,pedestrian_stationary
25-2655,25,2655,truck,person,81.782,85.686,0,,,0,40,206.743,824.6,845.5,4.1,23.5,23.5,0.0,-73.3,yes,pedestrian_stationary
500-2655,500,2655,car,person,81.782,85.686,0,,,0,40,72.491,313.4,886.1,12.2,19.7,19.7,0.0,-73.4,yes,pedestrian_stationary
849-2655,849,2655,bus,person,81.782,85.686,0,,,0,40,,1098.4,1098.4,0.0,93.6,93.6,0.0,-79.0,yes,pedestrian_stationary
855-2655,855,2655,car,person,81.782,85.686,0,,,0,40,25.447,37.9,949.8,37.3,71.0,71.0,0.0,-68.0,yes,pedestrian_stationary
1452-2655,1452,2655,car,person,81.782,83.784,0,,,0,21,,2761.4,2761.4,0.0,0.0,0.0,0.0,,no,pedestrian_stationary
1469-2655,1469,2655,car,person,81.782,85.686,0,,,0,40,,963.2,963.2,0.0,0.0,0.0,0.0,-0.0,no,pedestrian_stationary
1585-2655,1585,2655,car,person,81.782,85.686,0,,,0,40,,2333.7,2333.7,0.0,184.9,184.9,0.0,-210.2,yes,pedestrian_stationary
1613-2655,1613,2655,bus,person,81.782,85.686,0,,,0,40,,993.9,993.9,0.0,0.0,0.0,0.0,-0.0,no,pedestrian_stationary
1665-2655,1665,2655,truck,person,81.782,85.686,0,,,0,40,,2188.7,2188.7,0.0,34.6,34.6,0.0,-15.0,no,pedestrian_stationary
2009-2655,2009,2655,car,person,81.782,85.686,0,,,0,40,,844.8,844.8,0.0,0.0,0.0,0.0,-0.5,yes,pedestrian_stationary
2050-2655,2050,2655,car,person,81.782,84.084,0,,,0,24,,2447.2,2447.2,0.0,0.0,0.0,0.0,,no,pedestrian_stationary
2135-2655,2135,2655,car,person,81.782,85.686,0,,,0,40,,554.0,554.0,0.0,0.0,0.0,0.0,-31.2,yes,pedestrian_stationary
2168-2655,2168,2655,car,person,81.782,85.686,0,,,0,40,,2081.5,2081.5,0.0,216.4,216.4,0.0,-115.4,yes,pedestrian_stationary
2199-2655,2199,2655,car,person,81.782,85.686,0,,,0,40,,454.1,454.1,0.0,0.0,0.0,0.0,-0.0,no,pedestrian_stationary
2206-2655,2206,2655,car,person,81.782,85.686,0,,,0,40,,813.6,813.6,0.0,0.0,0.0,0.0,-0.0,no,pedestrian_stationary
2208-2655,2208,2655,car,person,81.782,84.284,0,,,0,26,,1104.1,1104.1,0.0,0.0,0.0,0.0,,no,pedestrian_stationary
2233-2655,2233,2655,car,person,81.782,85.686,0,,,0,40,,311.6,311.6,0.0,0.0,0.0,0.0,-0.0,no,pedestrian_stationary
2237-2655,2237,2655,car,person,81.782,85.686,0,,,0,40,,630.3,630.3,0.0,0.0,0.0,0.0,-0.0,no,pedestrian_stationary
2299-2655,2299,2655,bus,person,81.782,85.686,0,,,0,40,53.455,240.7,305.4,5.7,9.9,9.9,0.0,-36.1,yes,pedestrian_stationary
2364-2655,2364,2655,car,person,81.782,83.483,0,,,0,18,,864.9,864.9,0.0,0.0,0.0,0.0,,no,pedestrian_stationary
2431-2655,2431,2655,car,person,81.782,84.785,0,,,0,31,,1296.9,1296.9,0.0,0.0,0.0,0.0,,no,pedestrian_stationary
2438-2655,2438,2655,car,person,81.782,85.686,0,,,0,40,,870.4,870.4,0.0,96.0,96.0,0.0,-41.0,yes,pedestrian_stationary
2457-2655,2457,2655,car,person,81.782,85.385,0,,,0,37,,881.6,881.6,0.0,173.8,173.8,0.0,-34.0,yes,pedestrian_stationary
2463-2655,2463,2655,bus,person,81.782,85.686,0,,,0,40,88.645,512.1,927.9,10.5,29.3,29.3,0.0,-81.0,yes,pedestrian_stationary
2470-2655,2470,2655,car,person,81.782,85.686,0,,,0,40,,925.2,925.2,0.0,8.9,8.9,0.0,-47.3,yes,pedestrian_stationary
2488-2655,2488,2655,car,person,81.782,85.686,0,,,0,40,,769.7,769.7,0.0,208.0,208.0,0.0,-77.3,yes,pedestrian_stationary
2500-2655,2500,2655,bus,person,81.782,85.686,0,,,0,40,,932.9,932.9,0.0,0.0,0.0,0.0,0.0,no,pedestrian_stationary
2521-2655,2521,2655,car,person,81.782,85.686,0,,,0,40,10.942,759.2,768.4,72.8,239.1,239.1,0.0,-111.1,yes,pedestrian_stationary
2526-2655,2526,2655,car,person,81.782,85.686,0,,,0,40,6.131,815.5,822.0,147.8,342.3,342.3,0.0,-112.5,yes,pedestrian_stationary
2536-2655,2536,2655,car,person,81.782,82.182,0,,,0,5,,846.6,846.6,0.0,0.0,0.0,0.0,,no,pedestrian_stationary
2560-2655,2560,2655,car,person,81.782,83.183,0,,,0,15,,847.2,847.2,0.0,0.0,0.0,0.0,,no,pedestrian_stationary
2577-2655,2577,2655,car,person,81.782,83.483,0,,,0,18,,847.2,847.2,0.0,0.0,0.0,0.0,,no,pedestrian_stationary
2586-2655,2586,2655,car,person,81.782,85.686,0,,,0,40,,1086.6,1086.6,0.0,59.3,59.3,0.0,-66.4,yes,pedestrian_stationary
2599-2655,2599,2655,car,person,81.782,85.686,0,,,0,40,,1042.3,1042.3,0.0,15.7,15.7,0.0,6.7,yes,pedestrian_stationary
2618-2655,2618,2655,truck,person,81.782,85.686,0,,,0,40,,1220.6,1220.6,0.0,108.5,108.5,0.0,-22.3,yes,pedestrian_stationary
2652-2655,2652,2655,car,person,81.782,85.686,0,,,0,40,,972.1,972.1,0.0,0.0,0.0,0.0,,no,pedestrian_stationary
924-2662,2662,924,car,person,81.982,85.986,0,,,0,41,19.594,24.7,2940.3,160.2,160.2,0.0,160.2,,no,vehicle_not_moving
1546-2662,2662,1546,car,person,81.982,85.986,0,,,0,37,,690.3,690.3,0.0,121.0,0.0,121.0,,no,vehicle_not_moving
1709-2662,2662,1709,car,person,81.982,85.986,0,,,0,41,16.741,31.2,2772.0,172.8,173.1,0.0,173.1,,no,vehicle_not_moving
2111-2662,2662,2111,car,person,81.982,84.384,0,,,0,25,,502.1,502.1,0.0,0.0,0.0,0.0,,no,vehicle_not_moving
2257-2662,2662,2257,car,person,81.982,85.986,0,,,0,14,5.239,241.8,333.6,91.0,116.9,0.0,116.9,,no,vehicle_not_moving
2293-2662,2662,2293,car,person,81.982,84.885,0,,,0,30,,525.1,525.1,0.0,0.0,0.0,0.0,,no,pedestrian_stationary
2534-2662,2662,2534,car,person,81.982,85.986,0,,,0,28,28.192,1.1,3203.1,113.8,113.8,0.0,113.8,,no,pedestrian_not_in_crosswalk
2547-2662,2662,2547,car,person,81.982,85.986,0,,,0,41,,913.9,913.9,0.0,140.2,0.0,140.2,,no,vehicle_not_moving
2592-2662,2662,2592,car,person,81.982,83.884,0,,,0,20,,621.1,621.1,0.0,0.0,0.0,0.0,,no,pedestrian_stationary
2612-2662,2662,2612,car,person,81.982,84.484,0,,,0,26,,695.7,695.7,0.0,0.0,0.0,0.0,,no,pedestrian_stationary
2629-2662,2662,2629,car,person,81.982,85.085,0,,,0,32,,771.8,771.8,0.0,0.0,0.0,0.0,,no,pedestrian_stationary
2655-2662,2662,2655,car,person,81.982,85.686,0,,,0,38,,847.1,847.1,0.0,0.0,0.0,0.0,,no,pedestrian_stationary
25-2664,25,2664,truck,person,82.082,88.588,0,,,0,66,,886.4,886.4,0.0,143.2,23.5,143.2,-73.3,yes,pedestrian_stationary
500-2664,500,2664,car,person,82.082,88.588,0,,,0,66,6.926,411.5,703.2,114.4,133.9,38.8,143.2,-73.4,yes,pedestrian_stationary
849-2664,849,2664,bus,person,82.082,86.887,0,,,0,49,75.46,1092.1,1098.5,14.6,183.7,93.6,143.2,-79.0,yes,pedestrian_stationary
855-2664,855,2664,car,person,82.082,88.588,0,,,0,66,5.699,71.5,704.8,154.2,163.2,158.4,143.2,-68.0,yes,pedestrian_stationary
1452-2664,1452,2664,car,person,82.082,83.784,0,,,0,18,23.19,131.8,2549.5,113.2,143.2,0.0,143.2,,no,pedestrian_stationary
1469-2664,1469,2664,car,person,82.082,88.588,0,,,0,66,,999.9,999.9,0.0,143.2,0.0,143.2,-0.0,no,pedestrian_stationary
1585-2664,1585,2664,car,person,82.082,88.588,0,,,0,66,23.108,23.8,2250.1,97.5,149.5,184.9,143.2,-210.2,yes,pedestrian_stationary
1613-2664,1613,2664,bus,person,82.082,88.588,0,,,0,66,6.694,336.3,783.8,132.5,143.2,12.3,143.2,-20.5,no,pedestrian_stationary
1665-2664,1665,2664,truck,person,82.082,88.588,0,,,0,66,25.69,172.9,2017.0,80.2,122.0,37.8,143.2,-25.5,no,pedestrian_stationary
2009-2664,2009,2664,car,person,82.082,88.588,0,,,0,66,5.408,1.0,574.1,108.6,143.2,0.0,143.2,-0.1,yes,pedestrian_stationary
2050-2664,2050,2664,car,person,82.082,84.084,0,,,0,21,23.032,133.3,2247.8,100.1,143.2,0.0,143.2,,no,pedestrian_stationary
2135-2664,2135,2664,car,person,82.082,88.588,0,,,0,66,2.899,13.5,250.5,121.2,143.2,8.9,143.2,-29.6,yes,pedestrian_stationary
2168-2664,2168,2664,car,person,82.082,87.988,0,,,0,60,19.71,139.5,2107.6,111.0,216.3,216.4,143.2,-115.4,yes,pedestrian_stationary
2199-2664,2199,2664,car,person,82.082,88.588,0,,,0,66,1.962,41.2,213.7,142.1,143.2,0.0,143.2,-0.0,no,pedestrian_stationary
2206-2664,2206,2664,car,person,82.082,88.588,0,,,0,66,4.712,1.3,512.9,134.0,143.2,21.5,143.2,-0.0,no,pedestrian_stationary
2208-2664,2208,2664,car,person,82.082,84.284,0,,,0,23,1192.651,1103.2,1103.2,0.9,143.2,0.0,143.2,,no,pedestrian_stationary
2233-2664,2233,2664,car,person,82.082,88.588,0,,,0,66,2.758,187.4,231.2,83.8,143.2,0.0,143.2,-0.0,no,pedestrian_stationary
2237-2664,2237,2664,car,person,82.082,88.588,0,,,0,66,2.993,4.6,370.7,143.1,143.2,0.0,143.2,-0.0,no,pedestrian_stationary
2299-2664,2299,2664,bus,person,82.082,88.588,0,,,0,66,,331.3,331.3,0.0,143.2,9.9,143.2,-36.1,yes,pedestrian_stationary
2364-2664,2364,2664,car,person,82.082,83.483,0,,,0,15,19.109,788.5,827.2,43.3,143.2,0.0,143.2,,no,pedestrian_stationary
2431-2664,2431,2664,car,person,82.082,84.785,0,,,0,28,,1309.1,1309.1,0.0,143.2,0.0,143.2,,no,pedestrian_stationary
2438-2664,2438,2664,car,person,82.082,88.588,0,,,0,66,,878.5,878.5,0.0,202.2,89.2,143.2,-34.5,yes,pedestrian_stationary
2457-2664,2457,2664,car,person,82.082,85.385,0,,,0,34,14.942,768.0,833.9,55.8,143.2,0.0,143.2,,no,pedestrian_stationary
2463-2664,2463,2664,bus,person,82.082,88.588,0,,,0,66,6.63,402.7,748.1,125.2,143.2,29.3,143.2,-81.0,yes,pedestrian_stationary
2470-2664,2470,2664,car,person,82.082,88.588,0,,,0,66,6.619,4.9,627.9,120.5,143.2,0.0,143.2,-11.8,yes,pedestrian_stationary
2488-2664,2488,2664,car,person,82.082,88.588,0,,,0,66,22.494,710.7,715.6,31.8,272.3,190.5,143.2,-62.0,yes,pedestrian_stationary
2500-2664,2500,2664,bus,person,82.082,88.588,0,,,0,66,7.383,509.4,774.2,113.9,143.2,0.0,143.2,0.0,no,pedestrian_stationary
2521-2664,2521,2664,car,person,82.082,88.588,0,,,0,66,5.181,596.7,673.7,130.0,286.0,212.0,143.2,-111.1,yes,pedestrian_stationary
2526-2664,2526,2664,car,person,82.082,87.888,0,,,0,59,4.813,674.8,731.5,152.0,403.9,320.0,143.2,-112.5,yes,pedestrian_stationary
2536-2664,2536,2664,car,person,82.082,82.182,0,,,0,2,,886.1,886.1,0.0,0.0,0.0,0.0,,no,pedestrian_stationary
2560-2664,2560,2664,car,person,82.082,83.183,0,,,0,12,,886.8,886.8,0.0,143.2,0.0,143.2,,no,pedestrian_stationary
2577-2664,2577,2664,car,person,82.082,83.483,0,,,0,15,,886.8,886.8,0.0,143.2,0.0,143.2,,no,pedestrian_stationary
2586-2664,2586,2664,car,person,82.082,88.588,0,,,0,66,11.155,80.3,880.3,88.2,133.5,59.3,143.2,-86.1,yes,pedestrian_stationary
2599-2664,2599,2664,car,person,82.082,85.686,0,,,0,37,42.773,1007.6,1021.9,23.9,143.2,0.0,143.2,6.7,yes,pedestrian_stationary
2618-2664,2618,2664,truck,person,82.082,86.486,0,,,0,45,10.356,15.0,972.1,102.1,124.8,108.5,143.2,-5.1,yes,pedestrian_stationary
2652-2664,2652,2664,car,person,82.082,85.686,0,,,0,37,48.84,945.9,954.9,19.6,143.2,0.0,143.2,,no,pedestrian_stationary
2662-2664,2662,2664,car,person,82.082,85.986,0,,,0,40,,886.6,886.6,0.0,143.2,0.0,143.2,,no,pedestrian_stationary
924-2685,2685,924,car,person,82.783,86.787,0,,,0,41,6.133,19.9,809.9,155.3,160.2,0.0,160.2,,no,vehicle_not_moving
1546-2685,2685,1546,car,person,82.783,86.787,0,,,0,39,11.655,12.9,1053.8,115.6,115.7,0.0,115.7,,no,pedestrian_not_in_crosswalk
1709-2685,2685,1709,car,person,82.783,86.787,0,,,0,41,3.075,19.3,599.9,195.1,214.7,0.0,214.7,,no,vehicle_not_moving
2111-2685,2685,2111,car,person,82.783,84.384,0,,,0,17,,1759.8,1759.8,0.0,0.0,0.0,0.0,,no,pedestrian_stationary
2257-2685,2685,2257,car,person,82.783,86.787,0,,,0,6,,1852.6,1852.6,0.0,116.9,0.0,116.9,,no,vehicle_not_moving
2293-2685,2685,2293,car,person,82.783,84.885,0,,,0,22,,1781.0,1781.0,0.0,0.0,0.0,0.0,,no,pedestrian_stationary
2534-2685,2685,2534,car,person,82.783,86.787,0,,,0,36,9.092,10.1,1076.6,118.4,121.5,0.0,121.5,,no,pedestrian_not_in_crosswalk
2547-2685,2685,2547,car,person,82.783,86.787,0,,,0,41,8.388,234.2,849.8,127.2,132.0,0.0,132.0,,no,vehicle_not_moving
2592-2685,2685,2592,car,person,82.783,83.884,0,,,0,12,,1481.7,1481.7,0.0,0.0,0.0,0.0,,no,pedestrian_stationary
2612-2685,2685,2612,car,person,82.783,84.484,0,,,0,18,,1402.2,1402.2,0.0,0.0,0.0,0.0,,no,pedestrian_stationary
2629-2685,2685,2629,car,person,82.783,85.085,0,,,0,24,,1319.7,1319.7,0.0,0.0,0.0,0.0,,no,pedestrian_stationary
2655-2685,2685,2655,car,person,82.783,85.686,0,,,0,30,,1240.1,1240.1,0.0,0.0,0.0,0.0,,no,pedestrian_stationary
2664-2685,2685,2664,car,person,82.783,86.787,0,,,0,41,9.636,9.4,957.6,115.5,126.9,0.0,126.9,,no,vehicle_not_moving
25-2688,25,2688,truck,person,82.883,91.992,0,,,0,78,26.421,84.7,2944.9,114.3,141.9,34.3,152.8,-107.7,yes,pedestrian_not_in_crosswalk
25-2690,25,2690,truck,person,82.883,96.997,0,,,0,99,3.835,129.4,131.4,41.1,178.9,34.3,179.0,-107.7,yes,pedestrian_not_in_crosswalk
500-2688,500,2688,car,person,82.883,90.691,0,,,0,65,18.181,2.2,1787.0,101.6,152.8,38.8,152.8,-73.4,yes,pedestrian_not_in_crosswalk
500-2690,500,2690,car,person,82.883,90.691,0,,,0,36,8.77,441.4,806.7,132.7,179.0,38.8,179.0,-73.4,yes,pedestrian_not_in_crosswalk
849-2688,849,2688,bus,person,82.883,86.887,0,,,0,27,33.734,227.7,2790.3,82.7,152.8,0.0,152.8,,no,pedestrian_not_in_crosswalk
855-2688,855,2688,car,person,82.883,91.992,0,,,0,78,23.204,185.3,1744.9,76.4,158.5,158.5,152.8,-68.0,yes,pedestrian_not_in_crosswalk
855-2690,855,2690,car,person,82.883,96.997,0,,,0,99,5.744,316.1,823.9,218.8,326.7,158.5,179.0,-68.0,yes,pedestrian_not_in_crosswalk
1469-2688,1469,2688,car,person,82.883,91.992,0,,,0,78,27.354,12.0,3021.9,113.2,152.8,0.0,152.8,-0.0,no,pedestrian_not_in_crosswalk
1469-2690,1469,2690,car,person,82.883,96.997,0,,,0,99,,298.1,298.1,0.0,179.0,0.0,179.0,-0.0,no,pedestrian_not_in_crosswalk
1585-2688,1585,2688,car,person,82.883,89.89,0,,,0,57,2.275,73.1,147.7,67.5,292.0,184.9,152.8,-210.2,yes,pedestrian_not_in_crosswalk
1585-2690,1585,2690,car,person,82.883,89.89,0,,,0,28,16.939,21.2,2741.2,178.4,179.0,184.9,179.0,-210.2,yes,pedestrian_not_in_crosswalk
1613-2688,1613,2688,bus,person,82.883,91.692,0,,,0,75,16.504,12.3,1630.9,103.6,152.8,12.3,152.8,-20.5,no,pedestrian_not_in_crosswalk
1613-2690,1613,2690,bus,person,82.883,91.692,0,,,0,46,8.69,433.5,814.7,134.3,179.0,12.3,179.0,-20.5,no,pedestrian_not_in_crosswalk
1665-2688,1665,2688,truck,person,82.883,91.992,0,,,0,78,8.062,394.2,1177.0,155.9,164.2,37.8,152.8,-54.8,yes,pedestrian_not_in_crosswalk
1665-2690,1665,2690,truck,person,82.883,96.997,0,,,0,99,16.6,10.9,2048.5,151.6,163.7,37.8,179.0,-60.0,yes,pedestrian_not_in_crosswalk
2009-2688,2009,2688,car,person,82.883,91.992,0,,,0,78,12.609,6.1,1349.4,111.7,152.8,0.0,152.8,-0.0,no,pedestrian_not_in_crosswalk
2009-2690,2009,2690,car,person,82.883,96.997,0,,,0,99,5.407,2.9,482.0,177.4,179.0,0.0,179.0,-0.0,no,pedestrian_not_in_crosswalk
2135-2688,2135,2688,car,person,82.883,91.992,0,,,0,78,14.468,27.2,1577.8,113.8,152.8,16.2,152.8,-62.9,yes,pedestrian_not_in_crosswalk
2135-2690,2135,2690,car,person,82.883,96.997,0,,,0,99,1.61,2.9,148.4,178.7,179.0,24.8,179.0,-76.6,yes,pedestrian_not_in_crosswalk
2168-2688,2168,2688,car,person,82.883,87.988,0,,,0,38,8.004,716.4,1201.3,156.3,246.2,160.3,152.8,-114.4,yes,pedestrian_not_in_crosswalk
2168-2690,2168,2690,car,person,82.883,87.988,0,,,0,9,15.855,5.0,2611.2,165.6,179.0,160.3,179.0,-114.4,yes,pedestrian_not_in_crosswalk
2199-2688,2199,2688,car,person,82.883,91.992,0,,,0,78,16.239,4.9,1764.8,113.2,152.8,0.0,152.8,-0.0,no,pedestrian_not_in_crosswalk
2199-2690,2199,2690,car,person,82.883,96.997,0,,,0,99,3.227,22.4,199.0,157.9,179.0,0.0,179.0,-0.0,no,pedestrian_not_in_crosswalk
2206-2688,2206,2688,car,person,82.883,91.992,0,,,0,78,12.414,11.6,1334.3,113.5,152.8,24.4,152.8,-100.3,yes,pedestrian_not_in_crosswalk
2206-2690,2206,2690,car,person,82.883,96.997,0,,,0,99,3.566,1.1,392.4,174.0,179.0,31.0,179.0,-106.4,yes,pedestrian_not_in_crosswalk
2208-2688,2208,2688,car,person,82.883,84.284,0,,,0,1,37.164,303.5,2979.5,81.2,152.8,0.0,152.8,,no,pedestrian_not_in_crosswalk
2233-2688,2233,2688,car,person,82.883,91.992,0,,,0,78,18.418,5.2,2012.4,113.2,152.8,0.0,152.8,-0.0,no,pedestrian_not_in_crosswalk
2233-2690,2233,2690,car,person,82.883,96.997,0,,,0,99,3.371,37.9,267.6,139.8,179.0,0.0,179.0,-0.0,no,pedestrian_not_in_crosswalk
2237-2688,2237,2688,car,person,82.883,91.992,0,,,0,78,14.898,70.6,1602.4,112.5,152.8,0.0,152.8,-0.0,no,pedestrian_not_in_crosswalk
2237-2690,2237,2690,car,person,82.883,96.997,0,,,0,99,4.045,8.8,290.8,159.9,179.0,0.0,179.0,-0.0,no,pedestrian_not_in_crosswalk
2299-2688,2299,2688,bus,person,82.883,91.992,0,,,0,78,21.19,66.4,2333.5,113.6,152.8,0.0,152.8,-2.3,yes,pedestrian_not_in_crosswalk
2299-2690,2299,2690,bus,person,82.883,96.997,0,,,0,99,3.133,35.8,252.8,139.7,179.0,135.4,179.0,-369.6,yes,pedestrian_not_in_crosswalk
2431-2688,2431,2688,car,person,82.883,84.785,0,,,0,6,39.897,286.3,3203.7,81.6,152.8,0.0,152.8,,no,pedestrian_not_in_crosswalk
2438-2688,2438,2688,car,person,82.883,91.992,0,,,0,78,33.586,33.6,2639.4,80.2,158.0,70.5,152.8,-56.1,yes,pedestrian_not_in_crosswalk
2438-2690,2438,2690,car,person,82.883,96.997,0,,,0,99,10.509,824.2,956.4,91.4,204.5,70.5,179.0,-92.4,yes,pedestrian_not_in_crosswalk
2457-2688,2457,2688,car,person,82.883,85.385,0,,,0,12,31.474,255.0,2484.7,81.3,152.8,0.0,152.8,,no,pedestrian_not_in_crosswalk
2463-2688,2463,2688,bus,person,82.883,91.992,0,,,0,78,17.401,23.5,1680.6,104.6,152.8,58.4,152.8,-81.0,yes,pedestrian_not_in_crosswalk
2463-2690,2463,2690,bus,person,82.883,96.997,0,,,0,99,8.858,462.2,733.6,132.6,228.0,113.3,179.0,-164.2,yes,pedestrian_not_in_crosswalk
2470-2688,2470,2688,car,person,82.883,91.992,0,,,0,78,11.242,1.1,1198.8,113.6,152.8,18.4,152.8,-23.7,yes,pedestrian_not_in_crosswalk
2470-2690,2470,2690,car,person,82.883,96.997,0,,,0,99,5.111,5.3,527.8,178.9,179.0,18.4,179.0,-61.3,yes,pedestrian_not_in_crosswalk
2488-2688,2488,2688,car,person,82.883,91.992,0,,,0,78,36.184,99.3,2449.4,69.7,172.7,145.9,152.8,-44.8,yes,pedestrian_not_in_crosswalk
2488-2690,2488,2690,car,person,82.883,96.997,0,,,0,99,7.149,791.7,936.8,146.6,250.8,145.9,179.0,-65.6,yes,pedestrian_not_in_crosswalk
2500-2688,2500,2688,bus,person,82.883,91.992,0,,,0,78,18.605,9.7,1862.3,104.3,152.8,0.0,152.8,0.0,no,pedestrian_not_in_crosswalk
2500-2690,2500,2690,bus,person,82.883,95.696,0,,,0,86,10.038,537.5,771.3,129.0,179.0,0.0,179.0,0.0,no,pedestrian_not_in_crosswalk
2521-2688,2521,2688,car,person,82.883,91.992,0,,,0,78,257.372,2189.0,2189.0,9.2,182.6,149.3,152.8,-93.3,yes,pedestrian_not_in_crosswalk
2521-2690,2521,2690,car,person,82.883,94.695,0,,,0,76,7.015,761.7,953.6,170.6,270.2,149.3,179.0,-93.3,yes,pedestrian_not_in_crosswalk
2526-2688,2526,2688,car,person,82.883,87.888,0,,,0,37,20.617,65.0,2135.1,106.7,295.1,295.1,152.8,-112.5,yes,pedestrian_not_in_crosswalk
2526-2690,2526,2690,car,person,82.883,87.888,0,,,0,8,5.203,570.3,925.9,239.8,368.9,295.1,179.0,-112.5,yes,pedestrian_not_in_crosswalk
2586-2688,2586,2688,car,person,82.883,91.992,0,,,0,78,9.541,30.5,995.8,131.1,164.1,59.3,152.8,-86.1,yes,pedestrian_not_in_crosswalk
2586-2690,2586,2690,car,person,82.883,96.997,0,,,0,99,7.799,1.6,805.8,178.4,179.0,59.3,179.0,-86.1,yes,pedestrian_not_in_crosswalk
2599-2688,2599,2688,car,person,82.883,85.686,0,,,0,15,34.716,231.9,2755.0,81.8,152.8,0.0,152.8,,no,pedestrian_not_in_crosswalk
2618-2688,2618,2688,truck,person,82.883,86.486,0,,,0,23,7.696,18.9,1007.1,156.4,156.7,108.5,152.8,-5.1,yes,pedestrian_not_in_crosswalk
2652-2688,2652,2688,car,person,82.883,85.686,0,,,0,15,34.796,301.3,2734.3,81.1,152.8,0.0,152.8,,no,pedestrian_not_in_crosswalk
2662-2688,2662,2688,car,person,82.883,85.986,0,,,0,18,44.945,59.9,3133.5,71.4,152.8,0.0,152.8,,no,pedestrian_not_in_crosswalk
2685-2688,2685,2688,car,person,82.883,86.787,0,,,0,26,11.367,8.2,1046.6,104.1,152.8,0.0,152.8,,no,pedestrian_not_in_crosswalk
25-2711,25,2711,truck,person,83.483,97.297,0,,,0,94,9.688,3.7,1777.7,189.9,243.5,34.3,243.5,-107.7,yes,pedestrian_stationary
500-2711,500,2711,car,person,83.483,90.691,0,,,0,73,7.704,264.0,1180.6,171.3,185.0,38.8,185.0,-73.4,yes,pedestrian_stationary
849-2711,849,2711,bus,person,83.483,86.887,0,,,0,35,22.791,564.7,2558.1,112.2,130.5,0.0,130.5,,no,pedestrian_stationary
855-2711,855,2711,car,person,83.483,97.297,0,,,0,94,10.955,11.7,1437.9,134.0,149.8,158.5,243.5,-68.0,yes,pedestrian_stationary
1452-2711,1452,2711,car,person,83.483,83.784,0,,,0,4,,767.7,767.7,0.0,90.2,0.0,90.2,,no,pedestrian_stationary
1469-2711,1469,2711,car,person,83.483,97.297,0,,,0,94,9.622,10.2,1851.7,192.5,243.5,0.0,243.5,-0.0,no,pedestrian_stationary
1585-2711,1585,2711,car,person,83.483,89.89,0,,,0,65,,167.8,167.8,0.0,261.6,184.9,185.0,-210.2,yes,pedestrian_stationary
1613-2711,1613,2711,bus,person,83.483,91.692,0,,,0,83,7.02,325.8,965.8,168.0,185.0,12.3,185.0,-20.5,no,pedestrian_stationary
1665-2711,1665,2711,truck,person,83.483,97.297,0,,,0,94,17.247,1034.4,1136.5,66.2,243.5,37.8,243.5,-60.0,yes,pedestrian_stationary
2009-2711,2009,2711,car,person,83.483,97.297,0,,,0,94,2.65,14.6,378.5,177.0,243.5,0.0,243.5,-0.0,no,pedestrian_stationary
2050-2711,2050,2711,car,person,83.483,84.084,0,,,0,7,31.07,1105.6,1229.2,39.6,90.2,0.0,90.2,,no,pedestrian_stationary
2135-2711,2135,2711,car,person,83.483,97.297,0,,,0,94,2.919,0.4,422.5,189.5,243.5,24.8,243.5,-76.6,yes,pedestrian_stationary
2168-2711,2168,2711,car,person,83.483,87.988,0,,,0,46,22.017,1109.7,1183.8,56.1,243.3,160.3,185.0,-34.6,yes,pedestrian_stationary
2199-2711,2199,2711,car,person,83.483,97.297,0,,,0,94,3.051,0.3,594.9,195.3,243.5,0.0,243.5,-0.0,no,pedestrian_stationary
2206-2711,2206,2711,car,person,83.483,97.297,0,,,0,94,0.844,11.4,162.3,196.9,243.5,31.0,243.5,-106.4,yes,pedestrian_stationary
2208-2711,2208,2711,car,person,83.483,84.284,0,,,0,9,34.762,852.6,2850.8,82.3,90.2,0.0,90.2,,no,pedestrian_stationary
2233-2711,2233,2711,car,person,83.483,97.297,0,,,0,94,4.349,5.8,842.3,193.8,243.5,0.0,243.5,-0.0,no,pedestrian_stationary
2237-2711,2237,2711,car,person,83.483,97.297,0,,,0,94,2.092,6.1,444.4,218.4,243.5,0.0,243.5,-0.0,no,pedestrian_stationary
2299-2711,2299,2711,bus,person,83.483,97.297,0,,,0,94,6.423,1.8,1163.3,189.0,243.5,135.4,243.5,-369.6,yes,pedestrian_stationary
2364-2711,2364,2711,car,person,83.483,83.483,0,,,0,1,,2513.1,2513.1,0.0,0.0,0.0,0.0,,no,pedestrian_stationary
2431-2711,2431,2711,car,person,83.483,84.785,0,,,0,14,37.804,952.6,3060.0,82.0,90.2,0.0,90.2,,no,pedestrian_stationary
2438-2711,2438,2711,car,person,83.483,97.297,0,,,0,94,7.244,6.9,1604.9,228.8,237.3,59.9,243.5,-92.4,yes,pedestrian_stationary
2457-2711,2457,2711,car,person,83.483,85.385,0,,,0,20,29.27,736.5,2316.8,82.0,90.2,0.0,90.2,,no,pedestrian_stationary
2463-2711,2463,2711,bus,person,83.483,97.297,0,,,0,94,3.954,6.1,802.7,211.4,211.5,121.9,243.5,-164.2,yes,pedestrian_stationary
2470-2711,2470,2711,car,person,83.483,97.297,0,,,0,94,1.011,3.0,170.0,186.8,243.5,18.4,243.5,-61.3,yes,pedestrian_stationary
2488-2711,2488,2711,car,person,83.483,97.297,0,,,0,94,6.477,4.1,1478.3,234.6,243.5,124.7,243.5,-65.6,yes,pedestrian_stationary
2500-2711,2500,2711,bus,person,83.483,95.696,0,,,0,94,3.72,30.7,864.8,243.3,243.5,0.0,243.5,0.0,no,pedestrian_stationary
2521-2711,2521,2711,car,person,83.483,94.695,0,,,0,94,6.752,8.3,1556.0,236.7,243.5,128.5,243.5,-93.3,yes,pedestrian_stationary
2526-2711,2526,2711,car,person,83.483,87.888,0,,,0,45,14.492,419.3,1882.4,134.5,235.6,235.6,185.0,-108.4,yes,pedestrian_stationary
2577-2711,2577,2711,car,person,83.483,83.483,0,,,0,1,,3131.3,3131.3,0.0,0.0,0.0,0.0,,no,pedestrian_stationary
2586-2711,2586,2711,car,person,83.483,97.297,0,,,0,94,2.651,5.5,234.2,181.4,243.5,59.3,243.5,-86.1,yes,pedestrian_stationary
2599-2711,2599,2711,car,person,83.483,85.686,0,,,0,23,30.131,858.0,2569.5,85.3,95.6,0.0,95.6,,no,pedestrian_stationary
2618-2711,2618,2711,truck,person,83.483,86.486,0,,,0,31,7.092,1.9,787.6,111.0,114.3,0.0,114.3,,no,pedestrian_stationary
2652-2711,2652,2711,car,person,83.483,85.686,0,,,0,23,29.464,784.5,2546.5,86.4,95.6,0.0,95.6,,no,pedestrian_stationary
2662-2711,2662,2711,car,person,83.483,85.986,0,,,0,26,28.554,62.8,2919.6,102.2,102.6,0.0,102.6,,no,pedestrian_stationary
2685-2711,2685,2711,car,person,83.483,86.787,0,,,0,34,7.445,32.5,822.2,110.4,114.3,0.0,114.3,,no,pedestrian_stationary
924-2727,2727,924,car,person,84.384,88.288,0,,,0,39,1.116,7.1,169.0,189.8,195.5,0.0,195.5,,no,vehicle_not_moving
924-2729,2729,924,car,person,84.384,99.6,0,,,0,106,10.926,5.4,1852.6,170.4,195.5,23.0,195.5,-52.5,yes,vehicle_not_moving
1546-2727,2727,1546,car,person,84.384,88.288,0,,,0,40,17.243,197.2,1389.7,92.3,94.4,0.0,94.4,,no,vehicle_not_moving
1546-2729,2729,1546,car,person,84.384,94.094,0,,,0,98,,1240.4,1240.4,0.0,112.0,23.0,94.4,-52.5,yes,vehicle_not_moving
1709-2727,2727,1709,car,person,84.384,88.288,0,,,0,40,0.252,5.1,43.5,237.7,240.3,0.0,240.3,,no,vehicle_not_moving
1709-2729,2729,1709,car,person,84.384,95.896,0,,,0,73,9.787,114.7,1859.8,209.3,240.3,23.0,240.3,-52.5,yes,vehicle_not_moving
2111-2727,2727,2111,car,person,84.384,84.384,0,,,0,1,,2225.2,2225.2,0.0,0.0,0.0,0.0,,no,pedestrian_stationary
2111-2729,2729,2111,car,person,84.384,84.384,0,,,0,1,,1235.3,1235.3,0.0,0.0,0.0,0.0,,no,pedestrian_stationary
2293-2727,2727,2293,car,person,84.384,84.885,0,,,0,6,,2248.6,2248.6,0.0,0.0,0.0,0.0,,no,pedestrian_stationary
2293-2729,2729,2293,car,person,84.384,84.885,0,,,0,6,,1274.5,1274.5,0.0,23.0,23.0,0.0,114.6,no,pedestrian_stationary
2534-2727,2727,2534,car,person,84.384,88.288,0,,,0,40,4.154,62.2,497.7,124.7,130.8,0.0,130.8,,no,vehicle_not_moving
2534-2729,2729,2534,car,person,84.384,101.401,0,,,0,125,8.783,24.9,1826.9,212.1,220.7,23.0,220.7,-52.5,yes,vehicle_not_moving
2547-2727,2727,2547,car,person,84.384,88.288,0,,,0,40,16.461,108.3,1273.3,83.8,89.7,0.0,89.7,,no,vehicle_not_moving
2547-2729,2729,2547,car,person,84.384,90.39,0,,,0,61,,1339.0,1339.0,0.0,101.9,23.0,89.7,-52.5,yes,vehicle_not_moving
2612-2727,2727,2612,car,person,84.384,84.484,0,,,0,2,,1853.9,1853.9,0.0,0.0,0.0,0.0,,no,pedestrian_stationary
2612-2729,2729,2612,car,person,84.384,84.484,0,,,0,2,,1133.9,1133.9,0.0,0.0,0.0,0.0,,no,pedestrian_stationary
2629-2727,2727,2629,car,person,84.384,85.085,0,,,0,8,,1769.7,1769.7,0.0,0.0,0.0,0.0,,no,pedestrian_stationary
2629-2729,2729,2629,car,person,84.384,85.085,0,,,0,8,,1155.2,1155.2,0.0,23.0,23.0,0.0,24.2,no,pedestrian_stationary
2655-2727,2727,2655,car,person,84.384,85.686,0,,,0,14,,1688.0,1688.0,0.0,0.0,0.0,0.0,,no,pedestrian_stationary
2655-2729,2729,2655,car,person,84.384,85.686,0,,,0,14,,1180.2,1180.2,0.0,23.0,23.0,0.0,-15.3,no,pedestrian_stationary
2664-2727,2727,2664,car,person,84.384,88.288,0,,,0,40,15.167,28.8,1388.6,93.1,117.5,0.0,117.5,,no,vehicle_not_moving
2664-2729,2729,2664,car,person,84.384,88.588,0,,,0,43,,1294.2,1294.2,0.0,138.9,23.0,117.5,-52.5,yes,vehicle_not_moving
2688-2727,2727,2688,car,person,84.384,88.288,0,,,0,40,4.659,1.3,464.5,111.5,141.9,0.0,141.9,,no,vehicle_not_moving
2688-2729,2729,2688,car,person,84.384,91.992,0,,,0,77,28.876,112.6,2884.8,102.5,141.9,23.0,141.9,-52.5,yes,vehicle_not_moving
2690-2727,2727,2690,car,person,84.384,88.288,0,,,0,12,10.636,25.7,1856.6,178.9,179.0,0.0,179.0,,no,pedestrian_not_in_crosswalk
2690-2729,2729,2690,car,person,84.384,96.997,0,,,0,99,18.596,893.6,961.7,51.7,186.0,23.0,179.0,-52.5,yes,pedestrian_not_in_crosswalk
2711-2727,2727,2711,car,person,84.384,88.288,0,,,0,40,0.712,10.0,99.7,182.6,185.0,0.0,185.0,,no,vehicle_not_moving
2711-2729,2729,2711,car,person,84.384,97.297,0,,,0,85,8.033,41.4,1826.1,232.2,243.5,23.0,243.5,-52.5,yes,vehicle_not_moving
924-2749,2749,924,truck,person,85.285,99.6,0,,,0,97,1.212,141.2,212.6,274.5,341.5,198.5,195.5,-183.1,yes,vehicle_not_moving
1546-2749,2749,1546,truck,person,85.285,94.094,0,,,0,89,18.299,1.4,1627.5,88.9,135.7,198.5,91.3,-183.1,yes,vehicle_not_moving
1709-2749,2749,1709,truck,person,85.285,95.896,0,,,0,64,1.065,102.1,193.9,275.3,402.5,198.5,240.3,-183.1,yes,vehicle_not_moving
2534-2749,2749,2534,truck,person,85.285,101.401,0,,,0,116,1.401,0.5,147.4,269.7,305.5,269.5,220.7,-183.1,yes,vehicle_not_moving
2547-2749,2749,2547,truck,person,85.285,90.39,0,,,0,52,25.668,222.9,1369.4,57.8,154.9,198.5,59.9,-183.1,yes,vehicle_not_moving
2655-2749,2749,2655,truck,person,85.285,85.686,0,,,0,5,,1730.8,1730.8,0.0,175.0,175.0,0.0,-183.1,yes,pedestrian_stationary
2664-2749,2749,2664,truck,person,85.285,88.588,0,,,0,34,,1433.3,1433.3,0.0,198.5,198.5,0.0,-183.1,yes,vehicle_not_moving
2688-2749,2749,2688,truck,person,85.285,91.992,0,,,0,68,1.878,9.9,188.4,217.2,267.3,198.5,113.9,-183.1,yes,vehicle_not_moving
2690-2749,2749,2690,truck,person,85.285,96.997,0,,,0,99,13.298,19.2,1674.6,157.4,198.5,198.5,179.0,-183.1,yes,pedestrian_not_in_crosswalk
2711-2749,2749,2711,truck,person,85.285,97.297,0,,,0,76,1.768,109.1,226.5,193.7,312.9,198.5,243.5,-183.1,yes,vehicle_not_moving
25-2758,25,2758,truck,person,85.385,103.303,0,,,0,107,10.103,0.8,1800.1,189.0,215.4,34.3,215.4,-107.7,yes,pedestrian_not_in_crosswalk
500-2758,500,2758,car,person,85.385,90.691,0,,,0,35,18.837,702.4,1873.4,105.4,113.1,38.8,113.1,-0.0,no,pedestrian_not_in_crosswalk
855-2758,855,2758,car,person,85.385,98.899,0,,,0,107,9.365,316.7,1725.0,184.2,199.5,158.5,199.1,-34.4,no,pedestrian_not_in_crosswalk
1469-2758,1469,2758,car,person,85.385,103.303,0,,,0,107,10.178,16.0,1875.0,188.3,215.4,0.0,215.4,-0.0,no,pedestrian_not_in_crosswalk
1585-2758,1585,2758,car,person,85.385,89.89,0,,,0,27,,131.1,131.1,0.0,168.8,136.4,113.1,-210.2,yes,pedestrian_not_in_crosswalk
1613-2758,1613,2758,bus,person,85.385,91.692,0,,,0,40,12.709,24.0,1601.0,126.0,144.0,12.3,144.0,-20.5,no,pedestrian_not_in_crosswalk
1665-2758,1665,2758,truck,person,85.385,103.303,0,,,0,107,8.358,728.0,1148.0,137.3,215.4,43.7,215.4,-109.3,yes,pedestrian_not_in_crosswalk
2009-2758,2009,2758,car,person,85.385,103.303,0,,,0,107,3.093,9.1,389.1,165.6,215.4,0.0,215.4,-0.0,no,pedestrian_not_in_crosswalk
2135-2758,2135,2758,car,person,85.385,103.303,0,,,0,107,2.856,1.6,437.9,192.9,215.4,24.8,215.4,-76.6,yes,pedestrian_not_in_crosswalk
2168-2758,2168,2758,car,person,85.385,87.988,0,,,0,8,32.639,355.7,1247.8,40.2,81.4,0.0,81.4,,no,pedestrian_not_in_crosswalk
2199-2758,2199,2758,car,person,85.385,103.303,0,,,0,107,3.319,14.4,618.1,186.4,215.4,0.0,215.4,-0.0,no,pedestrian_not_in_crosswalk
2206-2758,2206,2758,car,person,85.385,103.303,0,,,0,107,1.036,9.6,185.4,186.4,215.4,31.0,215.4,-106.4,yes,pedestrian_not_in_crosswalk
2233-2758,2233,2758,car,person,85.385,103.303,0,,,0,107,4.674,12.4,865.2,187.0,215.4,0.0,215.4,-0.0,no,pedestrian_not_in_crosswalk
2237-2758,2237,2758,car,person,85.385,103.303,0,,,0,107,2.402,0.0,466.7,194.5,215.4,0.0,215.4,-0.0,no,pedestrian_not_in_crosswalk
2299-2758,2299,2758,bus,person,85.385,103.303,0,,,0,107,3.224,12.1,1183.1,367.8,394.2,220.6,215.4,-681.5,yes,pedestrian_not_in_crosswalk
2438-2758,2438,2758,car,person,85.385,103.303,0,,,0,107,8.359,27.0,1720.6,206.3,215.4,35.2,215.4,-92.4,yes,pedestrian_not_in_crosswalk
2463-2758,2463,2758,bus,person,85.385,103.303,0,,,0,107,9.074,54.5,1377.3,180.2,181.4,156.8,215.4,-164.2,yes,pedestrian_not_in_crosswalk
2470-2758,2470,2758,car,person,85.385,103.303,0,,,0,107,1.273,1.6,175.2,171.2,230.0,25.2,215.4,-71.6,yes,pedestrian_not_in_crosswalk
2488-2758,2488,2758,car,person,85.385,103.303,0,,,0,107,8.757,21.6,1611.8,184.8,199.1,69.7,215.4,-66.5,yes,pedestrian_not_in_crosswalk
2500-2758,2500,2758,bus,person,85.385,95.696,0,,,0,76,10.388,51.8,1385.2,148.8,199.1,0.0,199.1,0.0,no,pedestrian_not_in_crosswalk
2521-2758,2521,2758,car,person,85.385,94.695,0,,,0,66,14.697,98.3,2252.5,156.0,199.1,121.9,199.1,-93.3,yes,pedestrian_not_in_crosswalk
2526-2758,2526,2758,car,person,85.385,87.888,0,,,0,7,36.521,1057.2,2476.4,67.8,75.0,0.0,75.0,,no,pedestrian_not_in_crosswalk
2586-2758,2586,2758,car,person,85.385,103.303,0,,,0,107,3.477,8.8,253.5,167.0,215.4,35.9,215.4,-86.1,yes,pedestrian_not_in_crosswalk
2727-2758,2727,2758,car,person,85.385,88.288,0,,,0,11,8.414,5.1,775.2,92.6,92.7,0.0,92.7,,no,pedestrian_not_in_crosswalk
2729-2758,2729,2758,car,person,85.385,103.303,0,,,0,107,9.139,31.7,1877.8,205.8,215.4,17.9,215.4,-52.5,yes,pedestrian_not_in_crosswalk
2749-2758,2749,2758,truck,person,85.385,103.303,0,,,0,107,1.926,41.6,154.6,255.2,274.1,274.1,215.4,-183.1,yes,pedestrian_not_in_crosswalk
25-2771,25,2771,truck,person,85.585,89.59,0,,,0,1,6765.776,1232.3,1232.3,0.2,16.2,16.2,0.0,-62.2,yes,pedestrian_stationary
500-2771,500,2771,car,person,85.585,89.59,0,,,0,1,,650.1,650.1,0.0,38.8,38.8,0.0,-0.0,no,pedestrian_stationary
849-2771,849,2771,bus,person,85.585,86.887,0,,,0,1,,1237.6,1237.6,0.0,0.0,0.0,0.0,,no,pedestrian_stationary
855-2771,855,2771,car,person,85.585,89.59,0,,,0,1,42.52,613.8,615.3,14.6,158.5,158.5,0.0,-34.4,no,pedestrian_stationary
1469-2771,1469,2771,car,person,85.585,89.59,0,,,0,1,,1324.2,1324.2,0.0,0.0,0.0,0.0,-0.0,no,pedestrian_stationary
1585-2771,1585,2771,car,person,85.585,89.59,0,,,0,1,,2351.2,2351.2,0.0,136.4,136.4,0.0,-131.3,yes,pedestrian_stationary
1613-2771,1613,2771,bus,person,85.585,89.59,0,,,0,1,226.476,676.3,697.9,3.1,12.3,12.3,0.0,-20.5,no,pedestrian_stationary
1665-2771,1665,2771,truck,person,85.585,89.59,0,,,0,1,,1980.0,1980.0,0.0,37.8,37.8,0.0,-25.5,no,pedestrian_stationary
2009-2771,2009,2771,car,person,85.585,89.59,0,,,0,1,,504.4,504.4,0.0,0.0,0.0,0.0,-0.0,no,pedestrian_stationary
2135-2771,2135,2771,car,person,85.585,89.59,0,,,0,1,23.476,94.4,174.0,7.6,8.9,8.9,0.0,-29.6,no,pedestrian_stationary
2168-2771,2168,2771,car,person,85.585,87.988,0,,,0,1,,2122.2,2122.2,0.0,0.0,0.0,0.0,,no,pedestrian_stationary
2199-2771,2199,2771,car,person,85.585,89.59,0,,,0,1,,163.0,163.0,0.0,0.0,0.0,0.0,-0.0,no,pedestrian_stationary
2206-2771,2206,2771,car,person,85.585,89.59,0,,,0,1,53.806,359.4,387.1,7.2,24.4,24.4,0.0,-87.7,yes,pedestrian_stationary
2233-2771,2233,2771,car,person,85.585,89.59,0,,,0,1,,341.0,341.0,0.0,0.0,0.0,0.0,-0.0,no,pedestrian_stationary
2237-2771,2237,2771,car,person,85.585,89.59,0,,,0,1,,253.2,253.2,0.0,0.0,0.0,0.0,-0.0,no,pedestrian_stationary
2299-2771,2299,2771,bus,person,85.585,89.59,0,,,0,1,,627.7,627.7,0.0,0.0,0.0,0.0,-0.0,no,pedestrian_stationary
2438-2771,2438,2771,car,person,85.585,89.59,0,,,0,1,,1104.7,1104.7,0.0,35.0,35.0,0.0,-13.4,no,pedestrian_stationary
2463-2771,2463,2771,bus,person,85.585,89.59,0,,,0,1,,681.8,681.8,0.0,0.0,0.0,0.0,-0.0,no,pedestrian_stationary
2470-2771,2470,2771,car,person,85.585,89.59,0,,,0,1,75.581,154.1,526.6,7.0,7.3,7.3,0.0,-18.3,no,pedestrian_stationary
2488-2771,2488,2771,car,person,85.585,89.59,0,,,0,1,,944.9,944.9,0.0,66.3,66.3,0.0,-27.4,no,pedestrian_stationary
2500-2771,2500,2771,bus,person,85.585,89.59,0,,,0,1,,733.9,733.9,0.0,0.0,0.0,0.0,0.0,no,pedestrian_stationary
2521-2771,2521,2771,car,person,85.585,89.59,0,,,0,1,,778.2,778.2,0.0,100.3,100.3,0.0,-11.3,no,pedestrian_stationary
2526-2771,2526,2771,car,person,85.585,87.888,0,,,0,1,,775.4,775.4,0.0,0.0,0.0,0.0,,no,pedestrian_stationary
2586-2771,2586,2771,car,person,85.585,89.59,0,,,0,1,,823.3,823.3,0.0,35.3,35.3,0.0,-86.1,yes,pedestrian_stationary
2599-2771,2599,2771,car,person,85.585,85.686,0,,,0,1,,1131.2,1131.2,0.0,0.0,0.0,0.0,,no,pedestrian_stationary
2618-2771,2618,2771,truck,person,85.585,86.486,0,,,0,1,,862.5,862.5,0.0,0.0,0.0,0.0,,no,pedestrian_stationary
2652-2771,2652,2771,car,person,85.585,85.686,0,,,0,1,,1075.1,1075.1,0.0,0.0,0.0,0.0,,no,pedestrian_stationary
2662-2771,2662,2771,car,person,85.585,85.986,0,,,0,1,,1233.1,1233.1,0.0,0.0,0.0,0.0,,no,pedestrian_stationary
2685-2771,2685,2771,car,person,85.585,86.787,0,,,0,1,,865.8,865.8,0.0,0.0,0.0,0.0,,no,pedestrian_stationary
2727-2771,2727,2771,car,person,85.585,88.288,0,,,0,1,,1281.2,1281.2,0.0,0.0,0.0,0.0,,no,pedestrian_stationary
2729-2771,2729,2771,car,person,85.585,89.59,0,,,0,1,,1367.5,1367.5,0.0,13.9,13.9,0.0,-52.5,yes,pedestrian_stationary
2749-2771,2749,2771,truck,person,85.585,89.59,0,,,0,1,173.534,1280.7,1377.2,9.7,198.5,198.5,0.0,-183.1,yes,pedestrian_stationary
25-2784,25,2784,truck,person,85.986,108.008,0,,,0,109,10.856,14.0,1451.4,154.4,225.6,34.3,225.6,-107.7,yes,pedestrian_not_in_crosswalk
500-2784,500,2784,car,person,85.986,90.691,0,,,0,22,15.519,745.6,1961.5,130.5,140.6,38.8,140.6,-0.0,no,pedestrian_not_in_crosswalk
855-2784,855,2784,car,person,85.986,98.899,0,,,0,90,14.899,21.1,1995.5,148.4,230.2,158.5,218.4,-34.4,no,pedestrian_not_in_crosswalk
1469-2784,1469,2784,car,person,85.986,108.008,0,,,0,109,10.884,21.5,1528.0,165.4,225.6,0.0,225.6,-0.0,no,pedestrian_not_in_crosswalk
1585-2784,1585,2784,car,person,85.986,89.89,0,,,0,14,,134.1,134.1,0.0,186.9,136.4,108.7,95.6,yes,pedestrian_not_in_crosswalk
1613-2784,1613,2784,bus,person,85.986,91.692,0,,,0,31,10.883,126.8,1649.9,151.6,154.8,12.3,154.8,-20.5,no,pedestrian_not_in_crosswalk
1665-2784,1665,2784,truck,person,85.986,108.008,0,,,0,109,7.564,763.2,1154.2,155.6,225.6,76.0,225.6,-109.3,yes,pedestrian_not_in_crosswalk
2009-2784,2009,2784,car,person,85.986,108.008,0,,,0,109,3.404,15.4,356.1,176.4,225.6,0.0,225.6,-0.0,no,pedestrian_not_in_crosswalk
2135-2784,2135,2784,car,person,85.986,108.008,0,,,0,109,2.275,1.4,209.8,164.9,225.6,24.8,225.6,-76.6,yes,pedestrian_not_in_crosswalk
2199-2784,2199,2784,car,person,85.986,108.008,0,,,0,109,1.863,7.1,275.7,174.4,225.6,0.0,225.6,-0.0,no,pedestrian_not_in_crosswalk
2206-2784,2206,2784,car,person,85.986,108.008,0,,,0,109,0.627,3.9,80.6,174.3,234.7,31.0,225.6,-106.4,yes,pedestrian_not_in_crosswalk
2233-2784,2233,2784,car,person,85.986,108.008,0,,,0,109,3.642,6.0,519.0,170.2,225.6,0.0,225.6,-0.0,no,pedestrian_not_in_crosswalk
2237-2784,2237,2784,car,person,85.986,108.008,0,,,0,109,0.968,6.5,161.9,196.1,225.6,0.0,225.6,-0.0,no,pedestrian_not_in_crosswalk
2299-2784,2299,2784,bus,person,85.986,108.008,0,,,0,109,4.783,0.9,837.7,312.1,312.6,220.6,225.6,-681.5,yes,pedestrian_not_in_crosswalk
2438-2784,2438,2784,car,person,85.986,103.403,0,,,0,109,8.506,14.1,1526.0,211.1,225.6,32.9,225.6,-92.4,yes,pedestrian_not_in_crosswalk
2463-2784,2463,2784,bus,person,85.986,108.008,0,,,0,109,7.6,58.2,1320.5,226.4,234.0,156.8,225.6,-164.2,yes,pedestrian_not_in_crosswalk
2470-2784,2470,2784,car,person,85.986,108.008,0,,,0,109,1.463,3.1,177.3,158.1,225.6,25.2,225.6,-73.2,yes,pedestrian_not_in_crosswalk
2488-2784,2488,2784,car,person,85.986,108.008,0,,,0,109,7.918,8.0,1330.2,211.9,225.6,55.9,225.6,-66.5,yes,pedestrian_not_in_crosswalk
2500-2784,2500,2784,bus,person,85.986,95.696,0,,,0,58,10.282,37.0,1499.8,179.9,218.4,0.0,218.4,0.0,no,pedestrian_not_in_crosswalk
2521-2784,2521,2784,car,person,85.986,94.695,0,,,0,48,14.767,43.9,2339.9,176.8,218.4,121.9,218.4,-93.3,yes,pedestrian_not_in_crosswalk
2586-2784,2586,2784,car,person,85.986,108.008,0,,,0,109,1.78,1.5,231.2,200.0,225.6,23.2,225.6,-86.1,yes,pedestrian_not_in_crosswalk
2729-2784,2729,2784,car,person,85.986,108.008,0,,,0,109,9.284,0.0,1593.1,210.4,225.6,14.0,225.6,-52.5,yes,pedestrian_not_in_crosswalk
2749-2784,2749,2784,truck,person,85.986,108.008,0,,,0,109,1.746,0.9,169.9,222.3,290.2,291.0,225.6,-103.6,yes,pedestrian_not_in_crosswalk
924-2785,2785,924,car,person,86.086,99.6,0,,,0,89,3.037,42.0,380.1,202.9,203.3,156.5,195.5,-227.1,yes,vehicle_not_moving
1546-2785,2785,1546,car,person,86.086,94.094,0,,,0,81,16.307,445.2,1082.4,74.4,86.1,54.2,91.3,-120.9,yes,vehicle_not_moving
1709-2785,2785,1709,car,person,86.086,95.896,0,,,0,56,1.862,99.2,331.0,255.1,260.7,108.4,240.3,-227.1,yes,vehicle_not_moving
2534-2785,2785,2534,car,person,86.086,101.401,0,,,0,108,3.649,252.8,345.4,139.1,204.3,156.5,220.7,-359.6,yes,vehicle_not_moving
2547-2785,2785,2547,car,person,86.086,90.39,0,,,0,44,38.896,591.7,1007.9,26.1,46.8,31.9,59.2,-15.1,no,vehicle_not_moving
2664-2785,2785,2664,car,person,86.086,88.588,0,,,0,26,,1098.5,1098.5,0.0,31.9,31.9,0.0,-15.1,no,vehicle_not_moving
2688-2785,2785,2688,car,person,86.086,91.992,0,,,0,60,7.229,174.6,828.3,125.8,139.9,31.9,113.9,-84.5,yes,vehicle_not_moving
2690-2785,2785,2690,car,person,86.086,96.997,0,,,0,99,10.1,1.3,1094.2,160.7,162.9,108.4,179.0,-227.1,yes,pedestrian_not_in_crosswalk
2711-2785,2785,2711,car,person,86.086,97.297,0,,,0,68,2.923,76.8,375.9,196.4,227.4,108.4,243.5,-227.1,yes,vehicle_not_moving
2758-2785,2785,2758,car,person,86.086,103.303,0,,,0,107,3.186,0.0,425.4,210.6,326.2,156.5,215.4,-359.6,yes,pedestrian_not_in_crosswalk
2784-2785,2785,2784,car,person,86.086,108.008,0,,,0,109,2.424,19.3,359.6,228.9,237.0,156.5,225.6,-359.6,yes,pedestrian_not_in_crosswalk
924-2795,2795,924,truck,person,86.286,90.891,0,,,0,46,1.55,182.8,205.3,144.5,306.1,164.6,195.5,7.6,no,vehicle_not_moving
1546-2795,2795,1546,truck,person,86.286,90.891,0,,,0,47,19.998,291.1,1597.2,85.8,121.2,164.6,91.3,7.6,no,vehicle_not_moving
1709-2795,2795,1709,truck,person,86.286,90.891,0,,,0,47,,219.8,219.8,0.0,388.7,164.6,240.3,7.6,no,vehicle_not_moving
2534-2795,2795,2534,truck,person,86.286,90.891,0,,,0,47,1.28,166.7,179.4,250.6,290.1,164.6,130.8,7.6,no,vehicle_not_moving
2547-2795,2795,2547,truck,person,86.286,90.39,0,,,0,42,34.81,850.6,1491.9,43.1,164.6,164.6,59.2,7.6,no,vehicle_not_moving
2664-2795,2795,2664,truck,person,86.286,88.588,0,,,0,24,,1594.2,1594.2,0.0,164.6,164.6,0.0,7.6,no,vehicle_not_moving
2688-2795,2795,2688,truck,person,86.286,90.891,0,,,0,47,1.584,149.6,281.0,204.6,278.5,164.6,113.9,7.6,no,vehicle_not_moving
2690-2795,2795,2690,truck,person,86.286,90.891,0,,,0,38,12.375,2.5,1822.3,179.0,179.0,164.6,179.0,7.6,no,pedestrian_not_in_crosswalk
2711-2795,2795,2711,truck,person,86.286,90.891,0,,,0,47,2.396,198.9,198.9,111.9,306.1,164.6,185.0,7.6,no,vehicle_not_moving
2758-2795,2795,2758,truck,person,86.286,90.891,0,,,0,37,2.756,101.4,283.8,213.0,223.6,164.6,113.1,7.6,no,pedestrian_not_in_crosswalk
2784-2795,2795,2784,truck,person,86.286,90.891,0,,,0,24,2.69,41.5,327.4,200.4,215.1,164.6,148.6,7.6,no,pedestrian_not_in_crosswalk
25-2847,25,2847,truck,person,87.187,93.493,0,,,0,51,16.655,4.9,3266.6,198.1,198.4,34.3,198.4,-107.7,yes,pedestrian_not_in_crosswalk
25-2848,25,2848,truck,person,87.187,92.993,0,,,0,46,233.502,1418.6,1424.5,6.8,175.0,34.3,168.5,-107.7,yes,pedestrian_not_in_crosswalk
500-2847,500,2847,car,person,87.187,90.691,0,,,0,23,11.028,481.1,2104.1,193.3,198.4,38.8,198.4,65.1,no,pedestrian_not_in_crosswalk
500-2848,500,2848,car,person,87.187,90.691,0,,,0,23,,574.6,574.6,0.0,168.5,38.8,168.5,65.1,no,pedestrian_not_in_crosswalk
855-2847,855,2847,car,person,87.187,93.493,0,,,0,51,42.596,1415.5,2379.5,57.6,136.0,158.5,198.4,-34.4,no,pedestrian_not_in_crosswalk
855-2848,855,2848,car,person,87.187,92.993,0,,,0,46,,531.0,531.0,0.0,317.8,158.5,168.5,-34.4,no,pedestrian_not_in_crosswalk
1469-2847,1469,2847,car,person,87.187,93.493,0,,,0,51,17.012,3.8,3345.2,198.4,198.4,0.0,198.4,-0.0,no,pedestrian_not_in_crosswalk
1469-2848,1469,2848,car,person,87.187,92.993,0,,,0,46,,1498.9,1498.9,0.0,168.5,0.0,168.5,-0.0,no,pedestrian_not_in_crosswalk
1585-2847,1585,2847,car,person,87.187,89.89,0,,,0,15,,82.6,82.6,0.0,198.4,0.0,198.4,,no,pedestrian_not_in_crosswalk
1585-2848,1585,2848,car,person,87.187,89.89,0,,,0,15,15.265,70.1,2036.6,134.4,168.5,0.0,168.5,,no,pedestrian_not_in_crosswalk
1613-2847,1613,2847,bus,person,87.187,91.692,0,,,0,33,10.283,503.7,1945.5,191.8,198.4,0.0,198.4,,no,pedestrian_not_in_crosswalk
1613-2848,1613,2848,bus,person,87.187,91.692,0,,,0,33,302.052,564.3,564.3,2.4,168.5,0.0,168.5,,no,pedestrian_not_in_crosswalk
1665-2847,1665,2847,truck,person,87.187,93.493,0,,,0,51,22.033,1100.7,1200.1,58.2,210.8,24.1,198.4,-60.0,yes,pedestrian_not_in_crosswalk
1665-2848,1665,2848,truck,person,87.187,92.993,0,,,0,46,11.232,44.9,1750.7,158.5,160.2,24.1,168.5,-60.0,yes,pedestrian_not_in_crosswalk
2009-2847,2009,2847,car,person,87.187,93.493,0,,,0,51,8.805,115.3,1652.8,191.1,198.4,0.0,198.4,-0.0,no,pedestrian_not_in_crosswalk
2009-2848,2009,2848,car,person,87.187,92.993,0,,,0,46,1.867,56.7,283.4,164.2,168.5,0.0,168.5,-0.0,no,pedestrian_not_in_crosswalk
2135-2847,2135,2847,car,person,87.187,93.493,0,,,0,51,9.806,1.3,1893.1,196.3,198.4,16.2,198.4,-62.9,yes,pedestrian_not_in_crosswalk
2135-2848,2135,2848,car,person,87.187,92.993,0,,,0,46,6.566,121.3,163.7,32.9,168.5,16.2,168.5,-62.9,yes,pedestrian_not_in_crosswalk
2199-2847,2199,2847,car,person,87.187,93.493,0,,,0,51,10.676,3.9,2086.7,198.4,198.4,0.0,198.4,-0.0,no,pedestrian_not_in_crosswalk
2199-2848,2199,2848,car,person,87.187,92.993,0,,,0,46,,243.0,243.0,0.0,168.5,0.0,168.5,-0.0,no,pedestrian_not_in_crosswalk
2206-2847,2206,2847,car,person,87.187,93.493,0,,,0,51,8.571,3.6,1656.4,197.1,198.5,24.4,198.4,-100.3,yes,pedestrian_not_in_crosswalk
2206-2848,2206,2848,car,person,87.187,92.993,0,,,0,46,1.741,10.7,115.4,97.0,183.3,24.4,168.5,-100.3,yes,pedestrian_not_in_crosswalk
2233-2847,2233,2847,car,person,87.187,93.493,0,,,0,51,11.923,0.9,2335.3,198.4,198.4,0.0,198.4,-0.0,no,pedestrian_not_in_crosswalk
2233-2848,2233,2848,car,person,87.187,92.993,0,,,0,46,,488.8,488.8,0.0,168.5,0.0,168.5,-0.0,no,pedestrian_not_in_crosswalk
2237-2847,2237,2847,car,person,87.187,93.493,0,,,0,51,9.859,50.2,1925.8,198.4,198.4,0.0,198.4,-0.0,no,pedestrian_not_in_crosswalk
2237-2848,2237,2848,car,person,87.187,92.993,0,,,0,46,,133.3,133.3,0.0,168.5,0.0,168.5,-0.0,no,pedestrian_not_in_crosswalk
2299-2847,2299,2847,bus,person,87.187,93.493,0,,,0,51,13.555,0.8,2655.3,198.2,198.4,0.0,198.4,-0.0,no,pedestrian_not_in_crosswalk
2299-2848,2299,2848,bus,person,87.187,92.993,0,,,0,46,,810.1,810.1,0.0,168.5,0.0,168.5,-0.0,no,pedestrian_not_in_crosswalk
2438-2847,2438,2847,car,person,87.187,93.493,0,,,0,51,16.988,604.7,2986.0,177.3,181.0,27.4,198.4,-56.1,yes,pedestrian_not_in_crosswalk
2438-2848,2438,2848,car,person,87.187,92.993,0,,,0,46,,1213.9,1213.9,0.0,188.7,27.4,168.5,-56.1,yes,pedestrian_not_in_crosswalk
2463-2847,2463,2847,bus,person,87.187,93.493,0,,,0,51,10.843,500.8,1995.8,192.6,198.4,111.3,198.4,-164.2,yes,pedestrian_not_in_crosswalk
2463-2848,2463,2848,bus,person,87.187,92.993,0,,,0,46,40.47,578.8,578.8,18.6,168.5,111.3,168.5,-164.2,yes,pedestrian_not_in_crosswalk
2470-2847,2470,2847,car,person,87.187,93.493,0,,,0,51,7.96,7.8,1504.2,195.6,198.4,18.4,198.4,-61.3,yes,pedestrian_not_in_crosswalk
2470-2848,2470,2848,car,person,87.187,92.993,0,,,0,46,1.343,6.1,184.7,161.7,168.5,18.4,168.5,-61.3,yes,pedestrian_not_in_crosswalk
2488-2847,2488,2847,car,person,87.187,93.493,0,,,0,51,16.661,663.7,2834.7,171.6,176.4,38.0,198.4,-65.6,yes,pedestrian_not_in_crosswalk
2488-2848,2488,2848,car,person,87.187,92.993,0,,,0,46,,1056.1,1056.1,0.0,193.8,38.0,168.5,-65.6,yes,pedestrian_not_in_crosswalk
2500-2847,2500,2847,bus,person,87.187,93.493,0,,,0,51,11.473,548.0,2177.7,192.2,198.4,0.0,198.4,0.0,no,pedestrian_not_in_crosswalk
2500-2848,2500,2848,bus,person,87.187,92.993,0,,,0,46,,660.8,660.8,0.0,168.5,0.0,168.5,0.0,no,pedestrian_not_in_crosswalk
2521-2847,2521,2847,car,person,87.187,93.493,0,,,0,51,28.004,1286.2,2815.8,101.5,121.9,121.9,198.4,-93.3,yes,pedestrian_not_in_crosswalk
2521-2848,2521,2848,car,person,87.187,92.993,0,,,0,46,,921.5,921.5,0.0,260.9,121.9,168.5,-93.3,yes,pedestrian_not_in_crosswalk
2586-2847,2586,2847,car,person,87.187,93.493,0,,,0,51,6.997,134.2,1292.3,189.0,198.4,0.0,198.4,-0.2,yes,pedestrian_not_in_crosswalk
2586-2848,2586,2848,car,person,87.187,92.993,0,,,0,46,3.204,6.0,494.2,164.9,168.5,0.0,168.5,-0.2,yes,pedestrian_not_in_crosswalk
2729-2847,2729,2847,car,person,87.187,93.493,0,,,0,51,16.691,663.3,3214.4,194.2,198.4,11.8,198.4,-52.5,yes,pedestrian_not_in_crosswalk
2729-2848,2729,2848,car,person,87.187,92.993,0,,,0,46,,1466.6,1466.6,0.0,168.5,11.8,168.5,-52.5,yes,pedestrian_not_in_crosswalk
2749-2847,2749,2847,truck,person,87.187,93.493,0,,,0,51,2.333,2.0,382.5,206.7,211.8,138.1,198.4,-103.6,yes,pedestrian_not_in_crosswalk
2749-2848,2749,2848,truck,person,87.187,92.993,0,,,0,46,9.57,63.7,1329.3,139.8,185.2,138.1,168.5,-103.6,yes,pedestrian_not_in_crosswalk
2785-2847,2785,2847,car,person,87.187,93.493,0,,,0,51,6.173,25.0,1065.8,184.7,214.3,50.7,198.4,-120.9,yes,pedestrian_not_in_crosswalk
2785-2848,2785,2848,car,person,87.187,92.993,0,,,0,46,5.028,29.9,740.0,153.9,160.1,50.7,168.5,-84.5,yes,pedestrian_not_in_crosswalk
2795-2847,2795,2847,truck,person,87.187,90.891,0,,,0,25,3.018,139.4,495.9,213.4,228.1,164.6,198.4,7.6,no,pedestrian_not_in_crosswalk
2795-2848,2795,2848,truck,person,87.187,90.891,0,,,0,25,8.672,56.1,1246.2,147.4,168.5,164.6,168.5,7.6,no,pedestrian_not_in_crosswalk
25-2855,25,2855,truck,person,87.588,107.007,0,,,0,124,11.815,7.6,1805.7,161.8,206.6,34.3,206.6,-107.7,yes,pedestrian_not_in_crosswalk
500-2855,500,2855,car,person,87.588,90.691,0,,,0,8,19.435,798.2,2093.9,107.8,118.4,0.0,118.4,,no,pedestrian_not_in_crosswalk
855-2855,855,2855,car,person,87.588,98.899,0,,,0,90,21.731,321.9,2184.5,113.2,144.7,158.5,126.8,-34.4,no,pedestrian_not_in_crosswalk
1469-2855,1469,2855,car,person,87.588,107.007,0,,,0,124,11.814,25.3,1882.5,168.2,206.6,0.0,206.6,-0.0,no,pedestrian_not_in_crosswalk
1613-2855,1613,2855,bus,person,87.588,91.692,0,,,0,18,18.21,791.3,1853.5,106.2,118.4,0.0,118.4,,no,pedestrian_not_in_crosswalk
1665-2855,1665,2855,truck,person,87.588,107.007,0,,,0,124,24.319,892.5,1153.8,51.8,206.6,43.7,206.6,-109.3,yes,pedestrian_not_in_crosswalk
2009-2855,2009,2855,car,person,87.588,107.007,0,,,0,124,3.396,1.0,408.5,138.9,206.6,0.0,206.6,-0.0,no,pedestrian_not_in_crosswalk
2135-2855,2135,2855,car,person,87.588,107.007,0,,,0,124,3.644,0.0,441.4,157.8,206.6,24.8,206.6,-76.6,yes,pedestrian_not_in_crosswalk
2199-2855,2199,2855,car,person,87.588,107.007,0,,,0,124,3.957,22.0,628.0,173.8,206.6,0.0,206.6,-0.0,no,pedestrian_not_in_crosswalk
2206-2855,2206,2855,car,person,87.588,107.007,0,,,0,124,1.258,6.8,193.8,175.7,206.6,31.0,206.6,-106.4,yes,pedestrian_not_in_crosswalk
2233-2855,2233,2855,car,person,87.588,107.007,0,,,0,124,5.527,9.0,872.9,171.4,206.6,0.0,206.6,-0.0,no,pedestrian_not_in_crosswalk
2237-2855,2237,2855,car,person,87.588,107.007,0,,,0,124,2.824,11.0,476.3,186.0,206.6,0.0,206.6,-0.0,no,pedestrian_not_in_crosswalk
2299-2855,2299,2855,bus,person,87.588,107.007,0,,,0,124,5.948,6.2,1192.2,290.2,294.8,220.6,206.6,-681.5,yes,pedestrian_not_in_crosswalk
2438-2855,2438,2855,car,person,87.588,103.403,0,,,0,124,8.999,100.3,1733.0,198.8,206.6,24.6,206.6,-92.4,yes,pedestrian_not_in_crosswalk
2463-2855,2463,2855,bus,person,87.588,107.007,0,,,0,124,9.088,82.5,1553.9,177.5,183.6,156.8,206.6,-164.2,yes,pedestrian_not_in_crosswalk
2488-2855,2488,2855,car,person,87.588,107.007,0,,,0,124,8.517,113.1,1640.0,199.4,206.6,33.2,206.6,-66.5,yes,pedestrian_not_in_crosswalk
2500-2855,2500,2855,bus,person,87.588,95.696,0,,,0,58,16.442,293.0,1683.9,109.0,118.9,0.0,118.9,0.0,no,pedestrian_not_in_crosswalk
2521-2855,2521,2855,car,person,87.588,94.695,0,,,0,48,24.621,298.5,2699.2,109.6,117.8,121.9,118.4,-93.3,yes,pedestrian_not_in_crosswalk
2586-2855,2586,2855,car,person,87.588,107.007,0,,,0,124,3.309,27.3,237.7,125.0,206.6,0.0,206.6,-0.0,yes,pedestrian_not_in_crosswalk
2729-2855,2729,2855,car,person,87.588,107.007,0,,,0,124,9.88,63.9,1904.6,198.3,206.6,14.0,206.6,-52.5,yes,pedestrian_not_in_crosswalk
2749-2855,2749,2855,truck,person,87.588,107.007,0,,,0,124,2.133,16.1,164.0,139.9,291.0,291.0,206.6,-103.6,yes,pedestrian_not_in_crosswalk
2785-2855,2785,2855,car,person,87.588,107.007,0,,,0,124,3.765,24.6,368.1,132.4,216.9,156.5,206.6,-359.6,yes,pedestrian_not_in_crosswalk
2795-2855,2795,2855,truck,person,87.588,90.891,0,,,0,10,4.578,1.8,481.7,112.2,118.4,0.0,118.4,,no,pedestrian_not_in_crosswalk
924-2860,2860,924,car,person,87.788,99.6,0,,,0,73,4.328,5.6,769.7,185.2,195.5,34.1,195.5,-115.0,yes,vehicle_not_moving
1546-2860,2860,1546,car,person,87.788,94.094,0,,,0,64,15.257,515.1,687.3,48.7,114.2,34.1,82.8,-115.0,yes,vehicle_not_moving
1709-2860,2860,1709,car,person,87.788,95.896,0,,,0,39,3.851,6.3,795.1,206.7,207.3,34.1,207.3,-115.0,yes,vehicle_not_moving
2534-2860,2860,2534,car,person,87.788,101.401,0,,,0,91,3.49,22.4,735.4,220.1,220.7,34.1,220.7,-115.0,yes,vehicle_not_moving
2547-2860,2860,2547,car,person,87.788,90.39,0,,,0,27,68.244,646.3,693.1,10.2,34.1,34.1,0.0,-115.0,yes,vehicle_not_moving
2664-2860,2860,2664,car,person,87.788,88.588,0,,,0,9,52.144,635.0,734.0,14.1,34.1,34.1,0.0,0.0,no,pedestrian_stationary
2688-2860,2860,2688,car,person,87.788,91.992,0,,,0,43,18.786,1.7,1766.4,94.3,94.3,34.1,94.3,-115.0,yes,vehicle_not_moving
2690-2860,2860,2690,car,person,87.788,96.997,0,,,0,93,7.105,645.2,690.9,140.8,205.9,34.1,179.0,-115.0,yes,vehicle_not_moving
2711-2860,2860,2711,car,person,87.788,97.297,0,,,0,51,3.276,24.8,755.9,243.3,243.5,34.1,243.5,-115.0,yes,vehicle_not_moving
2758-2860,2860,2758,car,person,87.788,103.303,0,,,0,102,3.686,23.5,775.6,215.3,215.4,34.1,215.4,-115.0,yes,vehicle_not_moving
2784-2860,2860,2784,car,person,87.788,108.008,0,,,0,109,3.743,15.4,584.0,225.2,225.6,34.1,225.6,-115.0,yes,pedestrian_not_in_crosswalk
2847-2860,2860,2847,car,person,87.788,93.493,0,,,0,51,10.972,340.9,2094.0,193.5,198.4,34.1,198.4,-115.0,yes,pedestrian_not_in_crosswalk
2848-2860,2860,2848,car,person,87.788,92.993,0,,,0,46,818.012,573.1,573.1,0.7,190.8,34.1,168.5,-115.0,yes,pedestrian_not_in_crosswalk
2855-2860,2860,2855,car,person,87.788,107.007,0,,,0,124,4.044,18.3,783.9,206.5,206.6,34.1,206.6,-115.0,yes,pedestrian_not_in_crosswalk
25-2864,25,2864,truck,person,87.988,92.292,0,,,0,44,237.511,1528.3,1528.3,6.6,123.1,34.3,123.8,-107.7,yes,pedestrian_stationary
500-2864,500,2864,car,person,87.988,90.691,0,,,0,28,,720.0,720.0,0.0,123.8,0.0,123.8,,no,pedestrian_stationary
855-2864,855,2864,car,person,87.988,92.292,0,,,0,44,,748.8,748.8,0.0,276.8,158.5,123.8,-34.4,no,pedestrian_stationary
1469-2864,1469,2864,car,person,87.988,92.292,0,,,0,44,,1613.4,1613.4,0.0,123.8,0.0,123.8,-0.0,no,pedestrian_stationary
1585-2864,1585,2864,car,person,87.988,89.89,0,,,0,20,16.634,24.8,2059.0,123.8,123.8,0.0,123.8,,no,pedestrian_stationary
1613-2864,1613,2864,bus,person,87.988,91.692,0,,,0,38,,687.1,687.1,0.0,123.8,0.0,123.8,,no,pedestrian_stationary
1665-2864,1665,2864,truck,person,87.988,92.292,0,,,0,44,22.013,421.3,1768.6,80.6,110.6,20.0,123.8,-54.8,yes,pedestrian_stationary
2009-2864,2009,2864,car,person,87.988,92.292,0,,,0,44,5.597,232.0,300.1,54.9,123.8,0.0,123.8,-0.0,no,pedestrian_stationary
2135-2864,2135,2864,car,person,87.988,92.292,0,,,0,44,18.405,128.5,176.9,11.4,123.8,16.2,123.8,-62.9,yes,pedestrian_stationary
2168-2864,2168,2864,car,person,87.988,87.988,0,,,0,1,,1888.0,1888.0,0.0,0.0,0.0,0.0,,no,pedestrian_stationary
2199-2864,2199,2864,car,person,87.988,92.292,0,,,0,44,,378.4,378.4,0.0,123.8,0.0,123.8,-0.0,no,pedestrian_stationary
2206-2864,2206,2864,car,person,87.988,92.292,0,,,0,44,2.982,29.3,111.2,41.0,121.7,24.4,123.8,-100.3,yes,pedestrian_stationary
2233-2864,2233,2864,car,person,87.988,92.292,0,,,0,44,,613.4,613.4,0.0,123.8,0.0,123.8,-0.0,no,pedestrian_stationary
2237-2864,2237,2864,car,person,87.988,92.292,0,,,0,44,,288.9,288.9,0.0,123.8,0.0,123.8,-0.0,no,pedestrian_stationary
2299-2864,2299,2864,bus,person,87.988,92.292,0,,,0,44,,918.3,918.3,0.0,123.8,0.0,123.8,-0.0,no,pedestrian_stationary
2438-2864,2438,2864,car,person,87.988,92.292,0,,,0,44,,1384.9,1384.9,0.0,140.4,24.6,123.8,-56.1,yes,pedestrian_stationary
2463-2864,2463,2864,bus,person,87.988,92.292,0,,,0,44,42.54,690.6,714.1,17.2,123.8,58.4,123.8,-146.7,yes,pedestrian_stationary
2470-2864,2470,2864,car,person,87.988,92.292,0,,,0,44,2.104,0.1,210.3,103.1,123.8,18.4,123.8,-23.7,no,pedestrian_stationary
2488-2864,2488,2864,car,person,87.988,92.292,0,,,0,44,,1232.9,1232.9,0.0,148.6,29.9,123.8,-14.1,no,pedestrian_stationary
2500-2864,2500,2864,bus,person,87.988,92.292,0,,,0,44,,808.4,808.4,0.0,123.8,0.0,123.8,0.0,no,pedestrian_stationary
2521-2864,2521,2864,car,person,87.988,92.292,0,,,0,44,,1150.4,1150.4,0.0,209.9,121.9,123.8,-93.3,yes,pedestrian_stationary
2586-2864,2586,2864,car,person,87.988,92.292,0,,,0,44,5.095,84.3,519.9,102.1,123.8,0.0,123.8,-0.0,no,pedestrian_stationary
2727-2864,2727,2864,car,person,87.988,88.288,0,,,0,4,9.975,73.2,960.6,96.3,96.6,0.0,96.6,,no,pedestrian_stationary
2729-2864,2729,2864,car,person,87.988,92.292,0,,,0,44,,1622.8,1622.8,0.0,123.8,0.0,123.8,-13.1,yes,pedestrian_stationary
2749-2864,2749,2864,truck,person,87.988,92.292,0,,,0,44,11.439,50.5,1353.1,119.3,119.4,86.3,123.8,-94.5,yes,pedestrian_stationary
2785-2864,2785,2864,car,person,87.988,92.292,0,,,0,44,8.158,110.6,756.5,93.5,113.0,27.8,123.8,-84.5,yes,pedestrian_stationary
2795-2864,2795,2864,truck,person,87.988,90.891,0,,,0,30,10.482,26.1,1270.6,121.2,123.8,0.0,123.8,,no,pedestrian_stationary
2860-2864,2860,2864,car,person,87.988,92.292,0,,,0,44,,699.7,699.7,0.0,135.9,34.1,123.8,-115.0,yes,pedestrian_stationary
25-2906,25,2906,truck,person,89.189,100.4,0,,,0,55,9.526,10.7,1808.8,196.2,280.4,34.3,280.4,-107.7,yes,pedestrian_not_in_crosswalk
500-2906,500,2906,car,person,89.189,90.691,0,,,0,1,8.771,594.9,1457.8,182.1,196.2,0.0,196.2,,no,pedestrian_not_in_crosswalk
855-2906,855,2906,car,person,89.189,98.899,0,,,0,55,6.114,36.1,1638.8,268.0,280.4,147.3,280.4,-34.4,no,pedestrian_not_in_crosswalk
1469-2906,1469,2906,car,person,89.189,100.4,0,,,0,55,9.179,76.7,1884.3,205.4,280.4,0.0,280.4,-0.0,no,pedestrian_not_in_crosswalk
1613-2906,1613,2906,bus,person,89.189,91.692,0,,,0,11,8.104,604.4,1235.0,178.2,196.2,0.0,196.2,,no,pedestrian_not_in_crosswalk
1665-2906,1665,2906,truck,person,89.189,100.4,0,,,0,55,328.936,1219.6,1219.6,5.2,280.4,20.0,280.4,-60.0,yes,pedestrian_not_in_crosswalk
2009-2906,2009,2906,car,person,89.189,100.4,0,,,0,55,2.55,11.0,371.0,185.9,280.4,0.0,280.4,-0.0,no,pedestrian_not_in_crosswalk
2135-2906,2135,2906,car,person,89.189,100.4,0,,,0,55,2.714,3.8,438.3,194.6,280.4,24.8,280.4,-76.6,yes,pedestrian_not_in_crosswalk
2199-2906,2199,2906,car,person,89.189,100.4,0,,,0,55,2.933,10.0,628.2,214.4,280.4,0.0,280.4,-0.0,no,pedestrian_not_in_crosswalk
2206-2906,2206,2906,car,person,89.189,100.4,0,,,0,55,0.952,8.5,195.7,216.5,297.0,31.0,280.4,-106.4,yes,pedestrian_not_in_crosswalk
2233-2906,2233,2906,car,person,89.189,100.4,0,,,0,55,4.178,42.2,875.0,209.6,280.4,0.0,280.4,-0.0,no,pedestrian_not_in_crosswalk
2237-2906,2237,2906,car,person,89.189,100.4,0,,,0,55,1.97,1.1,478.9,243.9,280.4,0.0,280.4,-0.0,no,pedestrian_not_in_crosswalk
2299-2906,2299,2906,bus,person,89.189,100.4,0,,,0,55,4.915,28.3,1193.4,259.2,292.6,220.6,280.4,-681.5,yes,pedestrian_not_in_crosswalk
2438-2906,2438,2906,car,person,89.189,100.4,0,,,0,55,6.41,116.4,1687.5,263.6,280.4,23.8,280.4,-92.4,yes,pedestrian_not_in_crosswalk
2463-2906,2463,2906,bus,person,89.189,100.4,0,,,0,55,5.755,46.2,1045.0,184.9,201.2,156.8,280.4,-164.2,yes,pedestrian_not_in_crosswalk
2470-2906,2470,2906,car,person,89.189,100.4,0,,,0,55,1.025,4.6,164.2,187.3,291.9,25.2,280.4,-71.6,yes,pedestrian_not_in_crosswalk
2488-2906,2488,2906,car,person,89.189,100.4,0,,,0,55,6.415,99.4,1561.9,244.2,262.3,26.7,280.4,-65.6,yes,pedestrian_not_in_crosswalk
2500-2906,2500,2906,bus,person,89.189,95.696,0,,,0,51,8.189,444.4,1082.6,180.0,196.2,0.0,196.2,0.0,no,pedestrian_not_in_crosswalk
2521-2906,2521,2906,car,person,89.189,94.695,0,,,0,41,14.041,413.9,1924.4,138.7,149.0,121.9,196.2,-93.3,yes,pedestrian_not_in_crosswalk
2586-2906,2586,2906,car,person,89.189,100.4,0,,,0,55,2.394,64.3,244.6,177.3,280.4,0.0,280.4,-0.0,no,pedestrian_not_in_crosswalk
2729-2906,2729,2906,car,person,89.189,100.4,0,,,0,55,7.174,156.8,1881.3,262.4,280.4,12.4,280.4,-52.3,yes,pedestrian_not_in_crosswalk
2749-2906,2749,2906,truck,person,89.189,100.4,0,,,0,55,3.9,99.9,244.9,216.9,280.4,227.6,280.4,-39.9,yes,pedestrian_not_in_crosswalk
2785-2906,2785,2906,car,person,89.189,100.4,0,,,0,55,3.351,252.1,356.6,143.8,280.4,156.5,280.4,-359.6,yes,pedestrian_not_in_crosswalk
2795-2906,2795,2906,truck,person,89.189,90.891,0,,,0,3,,265.3,265.3,0.0,196.2,0.0,196.2,,no,pedestrian_not_in_crosswalk
2860-2906,2860,2906,car,person,89.189,100.4,0,,,0,55,2.822,2.6,790.6,280.4,280.4,0.0,280.4,-14.4,yes,pedestrian_not_in_crosswalk
924-2908,2908,924,truck,person,89.289,95.095,0,,,0,58,,450.5,450.5,0.0,137.3,16.3,137.3,-49.6,yes,vehicle_not_moving
924-2910,2910,924,car,person,89.289,93.493,0,,,0,43,16.226,35.8,2073.9,133.7,134.3,37.0,132.8,278.3,no,vehicle_not_moving
1546-2908,2908,1546,truck,person,89.289,94.094,0,,,0,49,19.68,23.9,1682.9,86.7,86.7,16.3,79.5,-49.6,yes,vehicle_not_moving
1546-2910,2910,1546,car,person,89.289,93.493,0,,,0,43,,1190.6,1190.6,0.0,82.5,37.0,79.5,278.3,no,vehicle_not_moving
1709-2908,2908,1709,truck,person,89.289,95.095,0,,,0,24,,724.5,724.5,0.0,207.3,16.3,207.3,-49.6,yes,vehicle_not_moving
1709-2910,2910,1709,car,person,89.289,93.493,0,,,0,24,12.081,10.5,1810.1,163.9,207.3,37.0,207.3,278.3,no,vehicle_not_moving
2534-2908,2908,2534,truck,person,89.289,95.095,0,,,0,59,,171.0,171.0,0.0,152.6,16.3,152.6,-49.6,yes,vehicle_not_moving
2534-2910,2910,2534,car,person,89.289,93.493,0,,,0,43,20.479,105.9,2337.1,131.8,133.5,37.0,130.1,278.3,no,vehicle_not_moving
2547-2908,2908,2547,truck,person,89.289,90.39,0,,,0,12,187.547,1184.0,1678.4,9.0,16.3,16.3,0.0,-49.6,yes,pedestrian_stationary
2547-2910,2910,2547,car,person,89.289,90.39,0,,,0,12,85.451,1143.8,1244.1,14.6,37.0,37.0,0.0,278.3,no,pedestrian_stationary
2688-2908,2908,2688,truck,person,89.289,91.992,0,,,0,28,15.68,49.2,190.1,12.5,16.3,16.3,0.0,-49.6,yes,vehicle_not_moving
2688-2910,2910,2688,car,person,89.289,91.992,0,,,0,28,265.733,2810.8,2946.0,11.1,37.0,37.0,0.0,278.3,no,vehicle_not_moving
2690-2908,2908,2690,truck,person,89.289,95.095,0,,,0,59,13.92,54.2,1676.9,150.3,152.1,16.3,152.1,-49.6,yes,vehicle_not_moving
2690-2910,2910,2690,car,person,89.289,93.493,0,,,0,43,,834.6,834.6,0.0,152.1,37.0,152.1,278.3,no,vehicle_not_moving
2711-2908,2908,2711,truck,person,89.289,95.095,0,,,0,36,,513.1,513.1,0.0,243.5,16.3,243.5,-49.6,yes,vehicle_not_moving
2711-2910,2910,2711,car,person,89.289,93.493,0,,,0,36,9.968,27.7,1774.4,189.8,243.5,37.0,243.5,278.3,no,vehicle_not_moving
2758-2908,2908,2758,truck,person,89.289,95.095,0,,,0,50,2.543,119.0,154.6,97.1,199.1,16.3,199.1,-49.6,yes,vehicle_not_moving
2758-2910,2910,2758,car,person,89.289,93.493,0,,,0,34,18.469,28.4,2699.5,146.2,199.1,37.0,199.1,278.3,no,vehicle_not_moving
2784-2908,2908,2784,truck,person,89.289,95.095,0,,,0,45,1.741,1.5,167.8,128.0,218.4,16.3,218.4,-49.6,yes,vehicle_not_moving
2784-2910,2910,2784,car,person,89.289,93.493,0,,,0,29,19.742,26.6,2743.9,153.8,218.4,37.0,218.4,278.3,no,vehicle_not_moving
2847-2908,2908,2847,truck,person,89.289,93.493,0,,,0,43,2.305,131.7,383.8,178.2,198.4,16.3,198.4,-49.6,yes,vehicle_not_moving
2847-2910,2910,2847,car,person,89.289,93.493,0,,,0,43,16.649,94.1,3267.9,198.1,198.4,37.0,198.4,278.3,no,vehicle_not_moving
2848-2908,2908,2848,truck,person,89.289,92.993,0,,,0,38,10.064,140.0,1329.5,132.8,133.5,16.3,133.5,-49.6,yes,vehicle_not_moving
2848-2910,2910,2848,car,person,89.289,92.993,0,,,0,38,119.492,1483.9,1590.2,13.3,133.5,37.0,133.5,278.3,no,vehicle_not_moving
2855-2908,2908,2855,truck,person,89.289,95.095,0,,,0,52,2.12,27.5,166.5,117.5,118.9,16.3,118.4,-49.6,yes,pedestrian_not_in_crosswalk
2855-2910,2910,2855,car,person,89.289,93.493,0,,,0,36,26.672,19.6,3000.6,117.2,118.4,37.0,118.4,278.3,no,pedestrian_not_in_crosswalk
2864-2908,2908,2864,truck,person,89.289,92.292,0,,,0,31,143.812,921.0,1353.4,9.4,16.3,16.3,0.0,-49.6,yes,vehicle_not_moving
2864-2910,2910,2864,car,person,89.289,92.292,0,,,0,31,119.64,1465.2,1566.4,13.1,37.0,37.0,0.0,278.3,no,vehicle_not_moving
2906-2908,2908,2906,truck,person,89.289,95.095,0,,,0,45,,257.3,257.3,0.0,196.2,16.3,196.2,-49.6,yes,pedestrian_not_in_crosswalk
2906-2910,2910,2906,car,person,89.289,93.493,0,,,0,29,14.006,33.7,2316.5,196.2,196.2,37.0,196.2,278.3,no,pedestrian_not_in_crosswalk
25-2931,25,2931,truck,person,89.89,95.696,0,,,0,54,36.441,78.2,3147.0,87.8,91.9,34.3,91.9,-107.7,yes,pedestrian_not_in_crosswalk
500-2931,500,2931,car,person,89.89,90.691,0,,,0,4,28.927,1034.3,2055.7,72.3,87.1,0.0,87.1,,no,pedestrian_not_in_crosswalk
855-2931,855,2931,car,person,89.89,95.696,0,,,0,54,,2478.2,2478.2,0.0,129.6,129.6,91.9,-30.2,no,pedestrian_not_in_crosswalk
924-2933,2933,924,car,person,89.89,95.996,0,,,0,52,10.251,14.9,1722.3,171.3,185.9,12.8,185.9,0.0,no,vehicle_not_moving
1469-2931,1469,2931,car,person,89.89,95.696,0,,,0,54,38.015,918.3,3222.6,85.6,91.9,0.0,91.9,-0.0,no,pedestrian_not_in_crosswalk
1546-2933,2933,1546,car,person,89.89,94.094,0,,,0,43,,1320.0,1320.0,0.0,73.2,12.8,73.2,0.0,no,vehicle_not_moving
1613-2931,1613,2931,bus,person,89.89,91.692,0,,,0,14,25.051,1000.1,1834.0,74.0,91.9,0.0,91.9,,no,pedestrian_not_in_crosswalk
1665-2931,1665,2931,truck,person,89.89,95.696,0,,,0,54,24.725,1005.9,1181.0,50.4,104.3,20.0,91.9,-60.0,yes,pedestrian_not_in_crosswalk
1709-2933,2933,1709,car,person,89.89,95.896,0,,,0,18,9.16,89.6,1750.0,191.1,207.3,12.8,207.3,0.0,no,vehicle_not_moving
2009-2931,2009,2931,car,person,89.89,95.696,0,,,0,54,17.116,2.1,1534.1,91.6,91.9,0.0,91.9,-0.0,no,pedestrian_not_in_crosswalk
2135-2931,2135,2931,car,person,89.89,95.696,0,,,0,54,20.16,138.1,1743.0,89.5,91.9,24.8,91.9,-76.6,yes,pedestrian_not_in_crosswalk
2199-2931,2199,2931,car,person,89.89,95.696,0,,,0,54,23.281,554.5,1964.1,85.7,91.9,0.0,91.9,-0.0,no,pedestrian_not_in_crosswalk
2206-2931,2206,2931,car,person,89.89,95.696,0,,,0,54,18.115,393.2,1533.8,86.5,91.9,27.6,91.9,-100.3,yes,pedestrian_not_in_crosswalk
2233-2931,2233,2931,car,person,89.89,95.696,0,,,0,54,26.164,623.0,2212.7,85.7,91.9,0.0,91.9,-0.0,no,pedestrian_not_in_crosswalk
2237-2931,2237,2931,car,person,89.89,95.696,0,,,0,54,21.722,581.2,1803.5,84.4,91.9,0.0,91.9,-0.0,no,pedestrian_not_in_crosswalk
2299-2931,2299,2931,bus,person,89.89,95.696,0,,,0,54,28.055,31.2,2532.7,91.1,135.4,135.4,91.9,-369.6,yes,pedestrian_not_in_crosswalk
2438-2931,2438,2931,car,person,89.89,95.696,0,,,0,54,37.949,1410.1,2887.6,76.8,91.9,23.8,91.9,-92.4,yes,pedestrian_not_in_crosswalk
2463-2931,2463,2931,bus,person,89.89,95.696,0,,,0,54,18.488,1015.0,1878.7,104.2,123.5,111.3,91.9,-164.2,yes,pedestrian_not_in_crosswalk
2470-2931,2470,2931,car,person,89.89,95.696,0,,,0,54,13.938,3.1,1382.9,102.6,102.9,18.4,91.9,-61.3,yes,pedestrian_not_in_crosswalk
2488-2931,2488,2931,car,person,89.89,95.696,0,,,0,54,47.23,1678.4,2760.4,58.9,78.3,26.7,91.9,-65.6,yes,pedestrian_not_in_crosswalk
2500-2931,2500,2931,bus,person,89.89,95.696,0,,,0,54,28.035,1110.6,2066.7,74.4,91.9,0.0,91.9,0.0,no,pedestrian_not_in_crosswalk
2521-2931,2521,2931,car,person,89.89,94.695,0,,,0,44,37.661,1474.5,2830.2,75.9,95.8,121.9,91.9,-93.3,yes,pedestrian_not_in_crosswalk
2534-2933,2933,2534,car,person,89.89,95.996,0,,,0,62,13.906,54.4,1955.5,144.0,157.2,12.8,157.2,0.0,no,vehicle_not_moving
2547-2933,2933,2547,car,person,89.89,90.39,0,,,0,6,,1331.9,1331.9,0.0,0.0,0.0,0.0,0.0,no,pedestrian_stationary
2586-2931,2586,2931,car,person,89.89,95.696,0,,,0,54,13.147,9.7,1174.8,91.8,91.9,0.0,91.9,-0.0,no,pedestrian_not_in_crosswalk
2688-2933,2933,2688,car,person,89.89,91.992,0,,,0,22,,2783.6,2783.6,0.0,12.8,12.8,0.0,0.0,no,vehicle_not_moving
2690-2933,2933,2690,car,person,89.89,95.996,0,,,0,62,,1167.8,1167.8,0.0,137.3,12.8,137.3,0.0,no,vehicle_not_moving
2711-2933,2933,2711,car,person,89.89,95.996,0,,,0,30,7.515,18.1,1708.9,233.1,243.5,12.8,243.5,0.0,no,vehicle_not_moving
2729-2931,2729,2931,car,person,89.89,95.696,0,,,0,54,40.758,1530.3,3112.9,76.8,91.9,0.0,91.9,-0.0,no,pedestrian_not_in_crosswalk
2749-2931,2749,2931,truck,person,89.89,95.696,0,,,0,54,3.511,51.7,277.0,89.0,91.9,13.1,91.9,-39.9,yes,pedestrian_not_in_crosswalk
2758-2933,2933,2758,car,person,89.89,95.996,0,,,0,53,15.522,42.1,2252.3,158.3,199.1,12.8,199.1,0.0,no,vehicle_not_moving
2784-2933,2933,2784,car,person,89.89,95.996,0,,,0,48,15.919,4.6,2376.5,174.7,218.4,12.8,218.4,0.0,no,vehicle_not_moving
2785-2931,2785,2931,car,person,89.89,95.696,0,,,0,54,10.928,66.4,955.9,98.4,108.4,108.4,91.9,-227.1,yes,pedestrian_not_in_crosswalk
2795-2931,2795,2931,truck,person,89.89,90.891,0,,,0,6,6.049,111.6,458.4,85.0,87.1,0.0,87.1,,no,pedestrian_not_in_crosswalk
2847-2933,2933,2847,car,person,89.89,93.493,0,,,0,37,19.545,756.7,3102.7,158.7,163.9,12.8,163.9,0.0,no,vehicle_not_moving
2848-2933,2933,2848,car,person,89.89,92.993,0,,,0,32,,1588.1,1588.1,0.0,12.8,12.8,0.0,0.0,no,vehicle_not_moving
2855-2933,2933,2855,car,person,89.89,95.996,0,,,0,61,22.482,251.7,2578.2,114.7,126.8,12.8,126.8,0.0,no,pedestrian_not_in_crosswalk
2860-2931,2860,2931,car,person,89.89,95.696,0,,,0,54,26.401,1013.5,1975.8,75.9,91.9,0.0,91.9,-0.1,yes,pedestrian_not_in_crosswalk
2864-2933,2933,2864,car,person,89.89,92.292,0,,,0,25,,1562.7,1562.7,0.0,12.8,12.8,0.0,0.0,no,vehicle_not_moving
2906-2933,2933,2906,car,person,89.89,95.996,0,,,0,54,11.905,359.0,1878.8,164.0,188.1,12.8,188.1,0.0,no,pedestrian_not_in_crosswalk
2908-2931,2908,2931,truck,person,89.89,95.095,0,,,0,48,3.486,19.3,278.5,89.0,91.9,12.5,91.9,-49.6,yes,pedestrian_not_in_crosswalk
2910-2931,2910,2931,car,person,89.89,93.493,0,,,0,32,34.752,301.8,3145.2,94.0,94.4,37.0,91.9,278.3,no,pedestrian_not_in_crosswalk
2931-2933,2933,2931,car,person,89.89,95.696,0,,,0,54,39.374,1480.3,3001.8,76.8,91.9,12.8,91.9,0.0,no,pedestrian_not_in_crosswalk
924-2936,2936,924,car,person,90.09,94.194,0,,,0,42,15.158,34.4,1985.8,131.0,137.7,73.4,136.4,,no,vehicle_not_moving
1546-2936,2936,1546,car,person,90.09,94.094,0,,,0,41,,1234.0,1234.0,0.0,74.3,73.4,54.5,,no,vehicle_not_moving
1709-2936,2936,1709,car,person,90.09,94.194,0,,,0,16,12.1,12.1,1812.8,157.3,207.3,73.4,207.3,,no,vehicle_not_moving
2534-2936,2936,2534,car,person,90.09,94.194,0,,,0,42,20.496,104.6,2321.2,121.5,146.5,73.4,130.1,,no,vehicle_not_moving
2547-2936,2936,2547,car,person,90.09,90.39,0,,,0,4,,1244.0,1244.0,0.0,73.4,73.4,0.0,,no,pedestrian_stationary
2688-2936,2936,2688,car,person,90.09,91.992,0,,,0,20,,2947.7,2947.7,0.0,73.4,73.4,0.0,,no,pedestrian_stationary
2690-2936,2936,2690,car,person,90.09,94.194,0,,,0,42,,930.2,930.2,0.0,140.6,73.4,131.6,,no,vehicle_not_moving
2711-2936,2936,2711,car,person,90.09,94.194,0,,,0,28,9.637,26.2,1777.1,189.8,243.5,73.4,243.5,,no,vehicle_not_moving
2758-2936,2936,2758,car,person,90.09,94.194,0,,,0,33,16.048,27.1,2592.5,164.6,199.1,73.4,199.1,,no,vehicle_not_moving
2784-2936,2936,2784,car,person,90.09,94.194,0,,,0,28,19.759,28.0,2661.6,153.9,218.4,73.4,218.4,,no,vehicle_not_moving
2847-2936,2936,2847,car,person,90.09,93.493,0,,,0,35,,3269.4,3269.4,0.0,73.4,73.4,0.0,,no,vehicle_not_moving
2848-2936,2936,2848,car,person,90.09,92.993,0,,,0,30,,1590.8,1590.8,0.0,73.4,73.4,0.0,,no,vehicle_not_moving
2855-2936,2936,2855,car,person,90.09,94.194,0,,,0,42,26.693,21.1,3003.3,115.6,147.2,73.4,118.4,,no,vehicle_not_moving
2864-2936,2936,2864,car,person,90.09,92.292,0,,,0,23,,1567.1,1567.1,0.0,73.4,73.4,0.0,,no,vehicle_not_moving
2906-2936,2936,2906,car,person,90.09,94.194,0,,,0,36,17.611,72.7,2217.2,139.8,151.8,73.4,148.7,,no,pedestrian_not_in_crosswalk
2931-2936,2936,2931,car,person,90.09,94.194,0,,,0,39,36.514,751.1,3148.0,87.0,119.6,73.4,91.9,,no,pedestrian_not_in_crosswalk
25-2952,25,2952,truck,person,90.591,107.407,0,,,0,122,1738.565,1863.2,1863.2,2.0,232.1,34.3,232.1,-106.3,yes,pedestrian_stationary
25-2954,25,2954,truck,person,90.591,98.098,0,,,0,72,174.471,1809.1,1809.1,13.0,205.0,21.1,205.0,-81.5,yes,pedestrian_not_in_crosswalk
500-2952,500,2952,car,person,90.591,90.691,0,,,0,2,,890.9,890.9,0.0,0.0,0.0,0.0,,no,pedestrian_stationary
855-2952,855,2952,car,person,90.591,98.899,0,,,0,84,,1278.9,1278.9,0.0,333.4,110.4,232.1,-30.2,no,pedestrian_stationary
855-2954,855,2954,car,person,90.591,98.098,0,,,0,72,,1202.0,1202.0,0.0,303.2,110.4,205.0,-30.2,no,pedestrian_not_in_crosswalk
924-2955,2955,924,car,person,90.591,94.695,0,,,0,42,14.239,20.1,1921.3,136.7,137.3,0.0,137.3,,no,vehicle_not_moving
1469-2952,1469,2952,car,person,90.591,107.407,0,,,0,122,,1947.7,1947.7,0.0,232.1,0.0,232.1,-0.0,no,pedestrian_stationary
1469-2954,1469,2954,car,person,90.591,98.098,0,,,0,72,206.737,1888.8,1888.8,11.4,205.0,0.0,205.0,-0.0,no,pedestrian_not_in_crosswalk
1546-2955,2955,1546,car,person,90.591,94.094,0,,,0,36,,1237.5,1237.5,0.0,39.1,0.0,39.1,,no,vehicle_not_moving
1613-2952,1613,2952,bus,person,90.591,91.692,0,,,0,12,,794.6,794.6,0.0,232.1,0.0,232.1,,no,pedestrian_stationary
1613-2954,1613,2954,bus,person,90.591,91.692,0,,,0,8,,716.8,716.8,0.0,205.0,0.0,205.0,,no,pedestrian_not_in_crosswalk
1665-2952,1665,2952,truck,person,90.591,107.407,0,,,0,122,7.044,93.0,1121.2,218.9,219.4,47.8,232.1,-109.3,yes,pedestrian_stationary
1665-2954,1665,2954,truck,person,90.591,98.098,0,,,0,72,7.855,1.5,1306.3,197.0,197.0,20.0,205.0,-60.0,yes,pedestrian_not_in_crosswalk
1709-2955,2955,1709,car,person,90.591,94.695,0,,,0,11,12.103,1.3,1811.2,163.9,207.3,0.0,207.3,,no,vehicle_not_moving
2009-2952,2009,2952,car,person,90.591,107.407,0,,,0,122,41.087,364.2,364.5,8.9,232.1,0.0,232.1,-0.0,no,pedestrian_stationary
2009-2954,2009,2954,car,person,90.591,98.098,0,,,0,72,7.909,358.2,359.5,48.9,205.0,0.0,205.0,-0.0,no,pedestrian_not_in_crosswalk
2135-2952,2135,2952,car,person,90.591,107.407,0,,,0,122,153.557,27.0,498.9,9.0,223.4,24.8,232.1,-76.6,yes,pedestrian_stationary
2135-2954,2135,2954,car,person,90.591,98.098,0,,,0,72,22.868,220.7,466.1,37.7,205.0,24.8,205.0,-76.6,yes,pedestrian_not_in_crosswalk
2199-2952,2199,2952,car,person,90.591,107.407,0,,,0,122,,695.8,695.8,0.0,232.1,0.0,232.1,-0.0,no,pedestrian_stationary
2199-2954,2199,2954,car,person,90.591,98.098,0,,,0,72,111.293,633.1,633.1,9.9,205.0,0.0,205.0,-0.0,no,pedestrian_not_in_crosswalk
2206-2952,2206,2952,car,person,90.591,107.407,0,,,0,122,916.569,268.9,268.9,1.5,232.1,31.0,232.1,-106.4,yes,pedestrian_stationary
2206-2954,2206,2954,car,person,90.591,98.098,0,,,0,72,99.296,203.6,203.6,6.7,205.0,31.0,205.0,-106.4,yes,pedestrian_not_in_crosswalk
2233-2952,2233,2952,car,person,90.591,107.407,0,,,0,122,,940.6,940.6,0.0,232.1,0.0,232.1,-0.0,no,pedestrian_stationary
2233-2954,2233,2954,car,person,90.591,98.098,0,,,0,72,128.721,879.6,879.6,10.5,205.0,0.0,205.0,-0.0,no,pedestrian_not_in_crosswalk
2237-2952,2237,2952,car,person,90.591,107.407,0,,,0,122,,555.5,555.5,0.0,232.1,0.0,232.1,-0.0,no,pedestrian_stationary
2237-2954,2237,2954,car,person,90.591,98.098,0,,,0,72,129.048,485.0,485.0,7.4,205.0,0.0,205.0,-0.0,no,pedestrian_not_in_crosswalk
2299-2952,2299,2952,bus,person,90.591,107.407,0,,,0,122,19.088,49.9,1253.1,113.8,345.1,220.6,232.1,-681.5,yes,pedestrian_stationary
2299-2954,2299,2954,bus,person,90.591,98.098,0,,,0,72,13.391,2.8,1197.1,123.9,224.4,135.4,205.0,-369.6,yes,pedestrian_not_in_crosswalk
2438-2952,2438,2952,car,person,90.591,103.403,0,,,0,122,,1701.3,1701.3,0.0,232.1,23.8,232.1,-92.4,yes,pedestrian_stationary
2438-2954,2438,2954,car,person,90.591,98.098,0,,,0,72,617.551,1626.6,1626.6,3.4,211.8,23.8,205.0,-92.4,yes,pedestrian_not_in_crosswalk
2463-2952,2463,2952,bus,person,90.591,107.407,0,,,0,122,,869.4,869.4,0.0,280.7,156.8,232.1,-164.2,yes,pedestrian_stationary
2463-2954,2463,2954,bus,person,90.591,98.098,0,,,0,72,,790.5,790.5,0.0,254.8,129.0,205.0,-164.2,yes,pedestrian_not_in_crosswalk
2470-2952,2470,2952,car,person,90.591,107.407,0,,,0,122,163.695,167.3,167.3,6.2,232.1,25.2,232.1,-73.2,yes,pedestrian_stationary
2470-2954,2470,2954,car,person,90.591,98.098,0,,,0,72,3.422,11.3,165.5,53.3,205.0,18.4,205.0,-61.3,yes,pedestrian_not_in_crosswalk
2488-2952,2488,2952,car,person,90.591,107.407,0,,,0,122,,1564.3,1564.3,0.0,251.3,25.2,232.1,-66.5,yes,pedestrian_stationary
2488-2954,2488,2954,car,person,90.591,98.098,0,,,0,72,,1489.1,1489.1,0.0,223.8,25.2,205.0,-65.6,yes,pedestrian_not_in_crosswalk
2500-2952,2500,2952,bus,person,90.591,95.696,0,,,0,52,,980.6,980.6,0.0,232.1,0.0,232.1,0.0,no,pedestrian_stationary
2500-2954,2500,2954,bus,person,90.591,95.696,0,,,0,48,,901.7,901.7,0.0,205.0,0.0,205.0,0.0,no,pedestrian_not_in_crosswalk
2521-2952,2521,2952,car,person,90.591,94.695,0,,,0,42,,1649.6,1649.6,0.0,324.3,121.9,232.1,-35.6,yes,pedestrian_stationary
2521-2954,2521,2954,car,person,90.591,94.695,0,,,0,38,849.498,1573.6,1573.6,2.4,319.0,121.9,205.0,-35.6,yes,pedestrian_not_in_crosswalk
2534-2955,2955,2534,car,person,90.591,94.695,0,,,0,42,15.118,90.3,2190.7,146.7,150.4,0.0,150.4,,no,vehicle_not_moving
2586-2952,2586,2952,car,person,90.591,107.407,0,,,0,122,1.242,81.0,248.9,210.3,232.1,0.0,232.1,-0.0,no,pedestrian_stationary
2586-2954,2586,2954,car,person,90.591,98.098,0,,,0,72,1.338,68.7,227.6,195.7,205.0,0.0,205.0,-0.0,no,pedestrian_not_in_crosswalk
2688-2955,2955,2688,car,person,90.591,91.992,0,,,0,15,,2947.1,2947.1,0.0,0.0,0.0,0.0,,no,pedestrian_stationary
2690-2955,2955,2690,car,person,90.591,94.695,0,,,0,42,,983.3,983.3,0.0,122.4,0.0,122.4,,no,vehicle_not_moving
2711-2955,2955,2711,car,person,90.591,94.695,0,,,0,23,9.674,12.0,1775.7,189.9,243.5,0.0,243.5,,no,vehicle_not_moving
2729-2952,2729,2952,car,person,90.591,107.407,0,,,0,122,323.957,1567.3,1923.9,9.4,232.1,14.0,232.1,-52.3,yes,pedestrian_stationary
2729-2954,2729,2954,car,person,90.591,98.098,0,,,0,72,640.627,1849.6,1849.6,3.6,205.0,12.4,205.0,-52.3,yes,pedestrian_not_in_crosswalk
2749-2952,2749,2952,truck,person,90.591,107.407,0,,,0,122,1.372,4.5,143.6,190.0,390.1,291.0,232.1,-67.8,yes,pedestrian_stationary
2749-2954,2749,2954,truck,person,90.591,98.098,0,,,0,72,5.079,0.3,648.7,164.2,205.0,0.0,205.0,-25.9,yes,pedestrian_not_in_crosswalk
2758-2955,2955,2758,car,person,90.591,94.695,0,,,0,33,14.844,2.6,2513.0,172.0,199.1,0.0,199.1,,no,vehicle_not_moving
2784-2955,2955,2784,car,person,90.591,94.695,0,,,0,28,19.743,42.2,2608.4,153.9,218.4,0.0,218.4,,no,vehicle_not_moving
2785-2952,2785,2952,car,person,90.591,107.407,0,,,0,122,2.618,2.6,352.5,203.4,301.7,156.5,232.1,-359.6,yes,pedestrian_stationary
2785-2954,2785,2954,car,person,90.591,98.098,0,,,0,72,2.569,20.0,346.6,198.8,198.9,108.4,205.0,-227.1,yes,pedestrian_not_in_crosswalk
2795-2952,2795,2952,truck,person,90.591,90.891,0,,,0,4,4.697,477.1,928.2,199.9,232.1,0.0,232.1,,no,pedestrian_stationary
2847-2955,2955,2847,car,person,90.591,93.493,0,,,0,30,,3268.8,3268.8,0.0,0.0,0.0,0.0,,no,vehicle_not_moving
2848-2955,2955,2848,car,person,90.591,92.993,0,,,0,25,,1590.3,1590.3,0.0,0.0,0.0,0.0,,no,vehicle_not_moving
2855-2955,2955,2855,car,person,90.591,94.695,0,,,0,42,26.654,35.3,3001.5,117.3,118.4,0.0,118.4,,no,vehicle_not_moving
2860-2952,2860,2952,car,person,90.591,107.407,0,,,0,122,,878.2,878.2,0.0,232.1,0.0,232.1,-0.0,no,pedestrian_stationary
2860-2954,2860,2954,car,person,90.591,98.098,0,,,0,72,,799.3,799.3,0.0,205.0,0.0,205.0,-0.0,no,pedestrian_not_in_crosswalk
2864-2955,2955,2864,car,person,90.591,92.292,0,,,0,18,,1566.6,1566.6,0.0,0.0,0.0,0.0,,no,pedestrian_stationary
2906-2955,2955,2906,car,person,90.591,94.695,0,,,0,41,14.379,11.1,2140.7,148.9,149.0,0.0,149.0,,no,pedestrian_not_in_crosswalk
2908-2952,2908,2952,truck,person,90.591,95.095,0,,,0,46,2.366,5.8,394.7,189.9,232.1,12.5,232.1,-49.2,yes,pedestrian_stationary
2908-2954,2908,2954,truck,person,90.591,95.095,0,,,0,42,5.081,0.1,650.4,164.2,205.0,12.5,205.0,-49.2,yes,pedestrian_not_in_crosswalk
2910-2952,2910,2952,car,person,90.591,93.493,0,,,0,30,,1863.4,1863.4,0.0,232.1,0.0,232.1,,no,pedestrian_stationary
2910-2954,2910,2954,car,person,90.591,93.493,0,,,0,26,,1808.9,1808.9,0.0,205.0,0.0,205.0,,no,pedestrian_not_in_crosswalk
2931-2955,2955,2931,car,person,90.591,94.695,0,,,0,42,36.44,736.9,3146.2,87.2,91.9,0.0,91.9,,no,vehicle_not_moving
2933-2952,2933,2952,car,person,90.591,95.996,0,,,0,55,,1812.6,1812.6,0.0,232.1,12.8,232.1,0.0,no,pedestrian_stationary
2933-2954,2933,2954,car,person,90.591,95.996,0,,,0,51,636.219,1738.0,1738.0,3.5,216.6,12.8,205.0,0.0,no,pedestrian_not_in_crosswalk
2936-2952,2936,2952,car,person,90.591,94.194,0,,,0,37,,1866.1,1866.1,0.0,286.4,73.4,232.1,,no,pedestrian_stationary
2936-2954,2936,2954,car,person,90.591,94.194,0,,,0,33,,1811.6,1811.6,0.0,219.8,73.4,205.0,,no,pedestrian_not_in_crosswalk
2952-2955,2955,2952,car,person,90.591,94.695,0,,,0,42,,1865.0,1865.0,0.0,232.1,0.0,232.1,,no,pedestrian_stationary
2954-2955,2955,2954,car,person,90.591,94.695,0,,,0,38,174.352,1810.9,1810.9,13.0,205.0,0.0,205.0,,no,pedestrian_not_in_crosswalk
25-2962,25,2962,truck,person,90.791,104.504,0,,,0,82,10.41,2.5,1784.1,181.2,225.0,21.1,225.0,-81.5,yes,pedestrian_stationary
855-2962,855,2962,car,person,90.791,98.899,0,,,0,72,12.654,510.7,1922.8,152.0,199.4,107.7,202.6,-26.6,no,pedestrian_stationary
1469-2962,1469,2962,car,person,90.791,104.504,0,,,0,82,10.245,16.3,1858.5,191.8,225.0,0.0,225.0,-0.0,no,pedestrian_stationary
1613-2962,1613,2962,bus,person,90.791,91.692,0,,,0,10,17.701,743.6,1726.7,97.5,111.7,0.0,111.7,,no,pedestrian_stationary
1665-2962,1665,2962,truck,person,90.791,104.504,0,,,0,82,8.56,860.8,1146.8,134.2,225.0,43.7,225.0,-109.3,yes,pedestrian_stationary
2009-2962,2009,2962,car,person,90.791,104.504,0,,,0,82,3.062,13.7,389.5,164.8,225.0,0.0,225.0,-0.0,no,pedestrian_stationary
2135-2962,2135,2962,car,person,90.791,104.504,0,,,0,82,2.996,2.1,427.3,173.9,225.0,24.8,225.0,-76.6,yes,pedestrian_stationary
2199-2962,2199,2962,car,person,90.791,104.504,0,,,0,82,3.345,10.7,601.9,199.3,225.0,0.0,225.0,-0.0,no,pedestrian_stationary
2206-2962,2206,2962,car,person,90.791,104.504,0,,,0,82,0.984,0.5,169.2,200.6,225.0,31.0,225.0,-106.4,yes,pedestrian_stationary
2233-2962,2233,2962,car,person,90.791,104.504,0,,,0,82,4.751,8.6,848.5,195.9,225.0,0.0,225.0,-0.0,no,pedestrian_stationary
2237-2962,2237,2962,car,person,90.791,104.504,0,,,0,82,2.368,10.4,450.5,213.2,225.0,0.0,225.0,-0.0,no,pedestrian_stationary
2299-2962,2299,2962,bus,person,90.791,104.504,0,,,0,82,3.705,10.1,1166.9,378.3,378.3,220.6,225.0,-681.5,yes,pedestrian_stationary
2438-2962,2438,2962,car,person,90.791,103.403,0,,,0,82,8.093,13.8,1707.2,221.1,225.0,23.8,225.0,-92.4,yes,pedestrian_stationary
2463-2962,2463,2962,bus,person,90.791,104.504,0,,,0,82,9.036,7.5,1450.1,161.3,192.2,156.8,225.0,-164.2,yes,pedestrian_stationary
2470-2962,2470,2962,car,person,90.791,104.504,0,,,0,82,1.316,2.8,168.8,174.8,236.4,25.2,225.0,-71.6,yes,pedestrian_stationary
2488-2962,2488,2962,car,person,90.791,104.504,0,,,0,82,8.174,30.2,1611.6,203.1,208.6,25.2,225.0,-66.5,yes,pedestrian_stationary
2500-2962,2500,2962,bus,person,90.791,95.696,0,,,0,40,13.327,205.5,1566.9,138.4,202.6,0.0,202.6,0.0,no,pedestrian_stationary
2521-2962,2521,2962,car,person,90.791,94.695,0,,,0,30,19.169,197.5,2419.3,135.9,202.6,121.9,202.6,7.3,yes,pedestrian_stationary
2586-2962,2586,2962,car,person,90.791,104.504,0,,,0,82,2.738,11.2,237.6,173.3,225.0,0.0,225.0,-0.0,no,pedestrian_stationary
2729-2962,2729,2962,car,person,90.791,104.504,0,,,0,82,8.831,0.4,1861.5,220.7,225.0,14.0,225.0,-52.3,yes,pedestrian_stationary
2749-2962,2749,2962,truck,person,90.791,104.504,0,,,0,82,1.868,0.6,161.9,246.0,291.0,291.0,225.0,-67.8,yes,pedestrian_stationary
2785-2962,2785,2962,car,person,90.791,104.504,0,,,0,82,3.533,8.7,367.8,183.7,234.5,156.5,225.0,-359.6,yes,pedestrian_stationary
2795-2962,2795,2962,truck,person,90.791,90.891,0,,,0,2,,370.2,370.2,0.0,0.0,0.0,0.0,,no,pedestrian_stationary
2860-2962,2860,2962,car,person,90.791,104.504,0,,,0,82,3.62,62.9,761.4,223.5,225.0,0.0,225.0,-0.0,no,pedestrian_stationary
2908-2962,2908,2962,truck,person,90.791,95.095,0,,,0,34,2.277,66.6,162.8,84.8,202.6,0.0,202.6,-49.2,yes,pedestrian_stationary
2910-2962,2910,2962,car,person,90.791,93.493,0,,,0,18,24.236,32.4,2833.4,116.9,159.8,0.0,159.8,,no,pedestrian_stationary
2933-2962,2933,2962,car,person,90.791,95.996,0,,,0,43,20.499,147.6,2433.4,134.3,202.6,12.8,202.6,0.0,no,pedestrian_stationary
2936-2962,2936,2962,car,person,90.791,94.194,0,,,0,25,22.237,33.8,2756.5,126.5,202.6,73.4,202.6,,no,pedestrian_stationary
2955-2962,2955,2962,car,person,90.791,94.695,0,,,0,30,20.545,48.0,2689.2,130.9,202.6,0.0,202.6,,no,pedestrian_stationary
924-2975,2975,924,car,person,91.391,95.696,0,,,0,37,13.527,19.6,1789.1,136.7,185.9,0.0,185.9,0.0,no,vehicle_not_moving
1546-2975,2975,1546,car,person,91.391,94.094,0,,,0,28,,1239.3,1239.3,0.0,0.0,0.0,0.0,0.0,no,vehicle_not_moving
1709-2975,2975,1709,car,person,91.391,95.696,0,,,0,3,12.12,361.8,1813.4,155.4,207.3,0.0,207.3,0.0,no,vehicle_not_moving
2534-2975,2975,2534,car,person,91.391,95.696,0,,,0,44,12.984,23.2,2040.9,157.2,157.2,0.0,157.2,0.0,no,vehicle_not_moving
2688-2975,2975,2688,car,person,91.391,91.992,0,,,0,7,,2949.2,2949.2,0.0,0.0,0.0,0.0,0.0,no,pedestrian_stationary
2690-2975,2975,2690,car,person,91.391,95.696,0,,,0,44,,1077.2,1077.2,0.0,122.4,0.0,122.4,0.0,no,vehicle_not_moving
2711-2975,2975,2711,car,person,91.391,95.696,0,,,0,15,9.687,11.5,1777.9,189.9,243.5,0.0,243.5,0.0,no,vehicle_not_moving
2758-2975,2975,2758,car,person,91.391,95.696,0,,,0,36,14.857,2.1,2370.2,172.0,199.1,0.0,199.1,0.0,no,pedestrian_not_in_crosswalk
2784-2975,2975,2784,car,person,91.391,95.696,0,,,0,30,20.871,20.9,2501.0,138.7,218.4,0.0,218.4,0.0,no,vehicle_not_moving
2847-2975,2975,2847,car,person,91.391,93.493,0,,,0,22,,3270.8,3270.8,0.0,0.0,0.0,0.0,0.0,no,vehicle_not_moving
2848-2975,2975,2848,car,person,91.391,92.993,0,,,0,17,,1592.2,1592.2,0.0,0.0,0.0,0.0,0.0,no,pedestrian_stationary
2855-2975,2975,2855,car,person,91.391,95.696,0,,,0,44,23.073,35.8,2725.3,118.1,118.9,0.0,118.9,0.0,no,vehicle_not_moving
2864-2975,2975,2864,car,person,91.391,92.292,0,,,0,10,,1568.6,1568.6,0.0,0.0,0.0,0.0,0.0,no,pedestrian_stationary
2906-2975,2975,2906,car,person,91.391,95.696,0,,,0,44,10.638,10.6,1962.1,187.7,188.1,0.0,188.1,0.0,no,vehicle_not_moving
2931-2975,2975,2931,car,person,91.391,95.696,0,,,0,44,36.453,900.6,3148.5,87.2,91.9,0.0,91.9,0.0,no,vehicle_not_moving
2952-2975,2975,2952,car,person,91.391,95.696,0,,,0,44,,1990.1,1990.1,0.0,218.5,0.0,218.5,0.0,no,vehicle_not_moving
2954-2975,2975,2954,car,person,91.391,95.696,0,,,0,44,174.447,1928.5,1928.5,13.0,198.9,0.0,198.9,0.0,no,vehicle_not_moving
2962-2975,2975,2962,car,person,91.391,95.696,0,,,0,34,19.812,40.2,2563.4,135.0,202.6,0.0,202.6,0.0,no,vehicle_not_moving
25-2979,25,2979,truck,person,91.491,98.699,0,,,0,71,20.081,195.6,2325.5,117.3,182.6,0.0,182.6,-10.2,yes,pedestrian_not_in_crosswalk
855-2979,855,2979,car,person,91.491,98.699,0,,,0,71,28.714,1319.7,1978.5,70.2,231.3,107.7,182.6,-16.7,no,pedestrian_not_in_crosswalk
1469-2979,1469,2979,car,person,91.491,98.699,0,,,0,71,21.392,39.5,2406.8,113.9,182.6,0.0,182.6,-0.0,no,pedestrian_not_in_crosswalk
1613-2979,1613,2979,bus,person,91.491,91.692,0,,,0,1,,1296.0,1296.0,0.0,0.0,0.0,0.0,,no,pedestrian_not_in_crosswalk
1665-2979,1665,2979,truck,person,91.491,98.699,0,,,0,71,9.43,455.8,1217.3,129.4,182.6,20.0,182.6,-60.0,yes,pedestrian_not_in_crosswalk
2009-2979,2009,2979,car,person,91.491,98.699,0,,,0,71,5.727,15.6,721.3,130.6,182.6,0.0,182.6,-0.0,no,pedestrian_not_in_crosswalk
2135-2979,2135,2979,car,person,91.491,98.699,0,,,0,71,6.943,13.7,926.0,139.2,182.6,24.8,182.6,-76.6,yes,pedestrian_not_in_crosswalk
2199-2979,2199,2979,car,person,91.491,98.699,0,,,0,71,10.609,25.8,1153.1,111.5,182.6,0.0,182.6,-0.0,no,pedestrian_not_in_crosswalk
2206-2979,2206,2979,car,person,91.491,98.699,0,,,0,71,6.782,7.3,721.8,112.6,182.6,31.0,182.6,-106.4,yes,pedestrian_not_in_crosswalk
2233-2979,2233,2979,car,person,91.491,98.699,0,,,0,71,12.705,9.1,1398.7,112.3,182.6,0.0,182.6,-0.0,no,pedestrian_not_in_crosswalk
2237-2979,2237,2979,car,person,91.491,98.699,0,,,0,71,9.481,30.3,1003.0,112.3,182.6,0.0,182.6,-0.0,no,pedestrian_not_in_crosswalk
2299-2979,2299,2979,bus,person,91.491,98.699,0,,,0,71,14.28,0.5,1760.7,123.9,182.6,155.4,182.6,-369.6,yes,pedestrian_not_in_crosswalk
2438-2979,2438,2979,car,person,91.491,98.699,0,,,0,71,22.901,137.7,2153.6,96.3,182.6,23.8,182.6,-92.4,yes,pedestrian_not_in_crosswalk
2463-2979,2463,2979,bus,person,91.491,98.699,0,,,0,71,18.327,132.1,1334.1,73.2,214.9,140.6,182.6,-164.2,yes,pedestrian_not_in_crosswalk
2470-2979,2470,2979,car,person,91.491,98.699,0,,,0,71,4.739,1.8,558.9,124.1,185.8,18.4,182.6,-61.3,yes,pedestrian_not_in_crosswalk
2488-2979,2488,2979,car,person,91.491,98.699,0,,,0,71,18.16,34.9,2027.4,114.2,182.0,25.2,182.6,-65.6,yes,pedestrian_not_in_crosswalk
2500-2979,2500,2979,bus,person,91.491,95.696,0,,,0,41,12.424,216.1,1358.5,112.8,182.6,0.0,182.6,,no,pedestrian_not_in_crosswalk
2521-2979,2521,2979,car,person,91.491,94.695,0,,,0,31,18.791,100.5,2092.9,114.1,182.6,0.0,182.6,,no,pedestrian_not_in_crosswalk
2586-2979,2586,2979,car,person,91.491,98.699,0,,,0,71,3.13,32.3,389.0,144.2,182.6,0.0,182.6,-0.0,no,pedestrian_not_in_crosswalk
2729-2979,2729,2979,car,person,91.491,98.699,0,,,0,71,21.234,17.4,2372.0,114.2,182.6,12.4,182.6,-52.3,yes,pedestrian_not_in_crosswalk
2749-2979,2749,2979,truck,person,91.491,98.699,0,,,0,71,4.09,15.5,378.8,133.2,182.6,31.2,182.6,-0.1,yes,pedestrian_not_in_crosswalk
2785-2979,2785,2979,car,person,91.491,98.699,0,,,0,71,2.783,4.5,350.1,180.3,182.6,108.4,182.6,-227.1,yes,pedestrian_not_in_crosswalk
2860-2979,2860,2979,car,person,91.491,98.699,0,,,0,71,11.475,167.9,1254.7,113.3,182.6,0.0,182.6,-0.0,no,pedestrian_not_in_crosswalk
2908-2979,2908,2979,truck,person,91.491,95.095,0,,,0,35,4.25,13.6,379.5,128.4,182.6,0.0,182.6,-3.1,yes,pedestrian_not_in_crosswalk
2910-2979,2910,2979,car,person,91.491,93.493,0,,,0,19,22.378,212.1,2400.6,107.3,182.6,0.0,182.6,,no,pedestrian_not_in_crosswalk
2933-2979,2933,2979,car,person,91.491,95.996,0,,,0,44,20.196,26.7,2252.7,114.2,182.6,0.0,182.6,11.8,no,pedestrian_not_in_crosswalk
2936-2979,2936,2979,car,person,91.491,94.194,0,,,0,26,20.129,187.2,2333.3,117.0,182.6,0.0,182.6,,no,pedestrian_not_in_crosswalk
2955-2979,2955,2979,car,person,91.491,94.695,0,,,0,31,20.063,196.5,2323.1,117.2,182.6,0.0,182.6,,no,pedestrian_not_in_crosswalk
2975-2979,2975,2979,car,person,91.491,95.696,0,,,0,41,20.08,196.2,2325.3,117.3,182.6,0.0,182.6,0.0,no,pedestrian_not_in_crosswalk
924-2990,2990,924,car,person,91.992,99.6,0,,,0,31,55.898,577.1,606.0,10.9,1155.9,1155.9,185.9,-895.0,yes,vehicle_not_moving
1546-2990,2990,1546,car,person,91.992,94.094,0,,,0,22,13.504,767.9,1099.7,88.3,120.5,120.5,0.0,-35.3,yes,vehicle_not_moving
2534-2990,2990,2534,car,person,91.992,101.401,0,,,0,49,13.931,118.1,608.2,43.7,1155.9,1155.9,220.7,-895.0,yes,vehicle_not_moving
2688-2990,2990,2688,car,person,91.992,91.992,0,,,0,1,,930.5,930.5,0.0,0.0,0.0,0.0,,no,pedestrian_stationary
2690-2990,2990,2690,car,person,91.992,96.997,0,,,0,51,6.574,746.1,1011.0,184.7,238.1,223.8,118.8,-38.7,yes,vehicle_not_moving
2711-2990,2990,2711,car,person,91.992,97.297,0,,,0,9,,633.2,633.2,0.0,317.1,317.1,243.5,-38.7,yes,vehicle_not_moving
2758-2990,2990,2758,car,person,91.992,103.303,0,,,0,67,8.859,231.3,853.0,97.1,994.2,1155.9,215.4,-895.0,yes,pedestrian_not_in_crosswalk
2784-2990,2990,2784,car,person,91.992,103.303,0,,,0,78,7.759,7.3,901.7,153.0,1044.3,1155.9,225.6,-895.0,yes,pedestrian_not_in_crosswalk
2847-2990,2990,2847,car,person,91.992,93.493,0,,,0,16,,1151.6,1151.6,0.0,120.5,120.5,0.0,-20.4,no,pedestrian_stationary
2848-2990,2990,2848,car,person,91.992,92.993,0,,,0,11,12.867,715.3,874.3,70.9,120.5,120.5,0.0,-4.4,no,pedestrian_stationary
2855-2990,2990,2855,car,person,91.992,103.303,0,,,0,104,10.664,455.0,1037.7,147.8,1063.8,1155.9,206.6,-895.0,yes,vehicle_not_moving
2864-2990,2990,2864,car,person,91.992,92.292,0,,,0,4,13.1,730.9,936.7,71.5,117.0,117.0,0.0,57.1,no,pedestrian_stationary
2906-2990,2990,2906,car,person,91.992,100.4,0,,,0,42,17.053,489.5,663.1,38.9,1155.9,1155.9,280.4,-895.0,yes,vehicle_not_moving
2931-2990,2990,2931,car,person,91.992,95.696,0,,,0,38,16.921,315.4,1054.9,62.3,120.5,120.5,65.3,-38.7,yes,vehicle_not_moving
2952-2990,2990,2952,car,person,91.992,103.303,0,,,0,108,11.051,579.2,605.5,56.2,1280.1,1155.9,218.5,-895.0,yes,vehicle_not_moving
2954-2990,2990,2954,car,person,91.992,98.098,0,,,0,62,6.876,531.7,605.5,92.1,659.5,659.5,155.3,-38.7,yes,vehicle_not_moving
2962-2990,2990,2962,car,person,91.992,103.303,0,,,0,70,9.227,91.9,941.2,116.4,987.6,1155.9,225.0,-895.0,yes,vehicle_not_moving
2979-2990,2990,2979,car,person,91.992,98.699,0,,,0,68,3.891,84.1,653.6,168.0,997.1,997.1,169.4,-38.7,yes,vehicle_not_moving
924-2994,2994,924,car,person,92.092,95.996,0,,,0,30,11.855,19.1,1789.1,150.9,185.9,0.0,185.9,,no,vehicle_not_moving
1546-2994,2994,1546,car,person,92.092,94.094,0,,,0,21,,1239.8,1239.8,0.0,0.0,0.0,0.0,,no,vehicle_not_moving
2534-2994,2994,2534,car,person,92.092,95.996,0,,,0,40,12.984,10.5,1989.6,157.2,157.2,0.0,157.2,,no,vehicle_not_moving
2690-2994,2994,2690,car,person,92.092,95.996,0,,,0,40,,1141.5,1141.5,0.0,118.8,0.0,118.8,,no,vehicle_not_moving
2711-2994,2994,2711,car,person,92.092,95.996,0,,,0,8,9.689,11.0,1778.0,189.9,243.5,0.0,243.5,,no,vehicle_not_moving
2758-2994,2994,2758,car,person,92.092,95.996,0,,,0,39,14.857,1.6,2333.9,172.0,199.1,0.0,199.1,,no,pedestrian_not_in_crosswalk
2784-2994,2994,2784,car,person,92.092,95.996,0,,,0,30,20.87,21.4,2469.3,138.6,218.4,0.0,218.4,,no,pedestrian_not_in_crosswalk
2847-2994,2994,2847,car,person,92.092,93.493,0,,,0,15,,3271.1,3271.1,0.0,0.0,0.0,0.0,,no,pedestrian_stationary
2848-2994,2994,2848,car,person,92.092,92.993,0,,,0,10,,1592.6,1592.6,0.0,0.0,0.0,0.0,,no,pedestrian_stationary
2855-2994,2994,2855,car,person,92.092,95.996,0,,,0,40,21.403,36.3,2696.6,126.0,126.8,0.0,126.8,,no,vehicle_not_moving
2864-2994,2994,2864,car,person,92.092,92.292,0,,,0,3,,1568.9,1568.9,0.0,0.0,0.0,0.0,,no,pedestrian_stationary
2906-2994,2994,2906,car,person,92.092,95.996,0,,,0,40,10.638,10.0,1908.4,187.7,188.1,0.0,188.1,,no,vehicle_not_moving
2931-2994,2994,2931,car,person,92.092,95.696,0,,,0,37,,3148.5,3148.5,0.0,0.0,0.0,0.0,,no,vehicle_not_moving
2952-2994,2994,2952,car,person,92.092,95.996,0,,,0,40,,2080.0,2080.0,0.0,218.5,0.0,218.5,,no,vehicle_not_moving
2954-2994,2994,2954,car,person,92.092,95.996,0,,,0,40,174.381,1966.2,2014.4,13.0,155.3,0.0,155.3,,no,vehicle_not_moving
2962-2994,2994,2962,car,person,92.092,95.996,0,,,0,30,18.693,40.7,2525.4,135.1,202.6,0.0,202.6,,no,vehicle_not_moving
2979-2994,2994,2979,car,person,92.092,95.996,0,,,0,40,20.079,195.7,2325.3,117.3,152.4,0.0,152.4,,no,vehicle_not_moving
924-3005,3005,924,car,person,92.392,96.296,0,,,0,27,11.227,19.5,1789.2,159.4,185.9,0.0,185.9,,no,vehicle_not_moving
1546-3005,3005,1546,car,person,92.392,94.094,0,,,0,18,,1239.9,1239.9,0.0,0.0,0.0,0.0,,no,pedestrian_stationary
2534-3005,3005,2534,car,person,92.392,96.296,0,,,0,40,12.985,10.1,1953.9,157.2,157.2,0.0,157.2,,no,vehicle_not_moving
2690-3005,3005,2690,car,person,92.392,96.296,0,,,0,40,,1180.8,1180.8,0.0,118.8,0.0,118.8,,no,vehicle_not_moving
2711-3005,3005,2711,car,person,92.392,96.296,0,,,0,5,9.689,11.3,1778.0,189.9,243.5,0.0,243.5,,no,vehicle_not_moving
2758-3005,3005,2758,car,person,92.392,96.296,0,,,0,40,14.857,1.9,2287.9,172.0,199.1,0.0,199.1,,no,vehicle_not_moving
2784-3005,3005,2784,car,person,92.392,96.296,0,,,0,33,20.872,21.0,2435.4,125.7,218.4,0.0,218.4,,no,pedestrian_not_in_crosswalk
2847-3005,3005,2847,car,person,92.392,93.493,0,,,0,12,,3271.2,3271.2,0.0,0.0,0.0,0.0,,no,pedestrian_stationary
2848-3005,3005,2848,car,person,92.392,92.993,0,,,0,7,,1592.7,1592.7,0.0,0.0,0.0,0.0,,no,pedestrian_stationary
2855-3005,3005,2855,car,person,92.392,96.296,0,,,0,40,21.404,36.0,2696.7,126.0,126.8,0.0,126.8,,no,vehicle_not_moving
2906-3005,3005,2906,car,person,92.392,96.296,0,,,0,38,9.65,10.4,1845.2,191.2,224.6,0.0,224.6,,no,vehicle_not_moving
2931-3005,3005,2931,car,person,92.392,95.696,0,,,0,34,,3148.6,3148.6,0.0,0.0,0.0,0.0,,no,vehicle_not_moving
2952-3005,3005,2952,car,person,92.392,96.296,0,,,0,40,,2130.3,2130.3,0.0,218.5,0.0,218.5,,no,vehicle_not_moving
2954-3005,3005,2954,car,person,92.392,96.296,0,,,0,40,174.436,1966.4,2059.0,13.0,155.3,0.0,155.3,,no,vehicle_not_moving
2962-3005,3005,2962,car,person,92.392,96.296,0,,,0,31,18.604,35.3,2488.8,135.1,202.6,0.0,202.6,,no,pedestrian_not_in_crosswalk
2979-3005,3005,2979,car,person,92.392,96.296,0,,,0,40,20.081,196.1,2325.4,117.3,137.8,0.0,137.8,,no,vehicle_not_moving
924-3008,3008,924,car,person,92.492,99.499,0,,,0,26,20.194,564.0,1416.6,70.1,169.7,81.4,185.9,-68.7,yes,vehicle_not_moving
924-3010,3010,924,car,person,92.492,96.897,0,,,0,26,,725.0,725.0,0.0,185.9,0.0,185.9,0.0,no,vehicle_not_moving
1546-3008,3008,1546,car,person,92.492,94.094,0,,,0,17,30.97,632.5,2341.3,77.4,81.4,81.4,0.0,-68.7,yes,pedestrian_stationary
1546-3010,3010,1546,car,person,92.492,94.094,0,,,0,17,,1684.0,1684.0,0.0,0.0,0.0,0.0,0.0,no,pedestrian_stationary
2534-3008,3008,2534,car,person,92.492,99.499,0,,,0,44,,1204.9,1204.9,0.0,220.7,81.4,220.7,-68.7,yes,vehicle_not_moving
2534-3010,3010,2534,car,person,92.492,96.897,0,,,0,44,,480.2,480.2,0.0,189.6,0.0,189.6,0.0,no,vehicle_not_moving
2690-3008,3008,2690,car,person,92.492,96.997,0,,,0,46,12.746,28.6,2325.3,190.8,190.8,81.4,118.8,-68.7,yes,vehicle_not_moving
2690-3010,3010,2690,car,person,92.492,96.897,0,,,0,45,14.767,54.4,1676.4,116.9,118.8,0.0,118.8,0.0,no,vehicle_not_moving
2711-3008,3008,2711,car,person,92.492,97.297,0,,,0,4,57.708,516.0,1710.0,31.4,188.5,81.4,243.5,-68.7,yes,vehicle_not_moving
2711-3010,3010,2711,car,person,92.492,96.897,0,,,0,4,,982.3,982.3,0.0,243.5,0.0,243.5,0.0,no,vehicle_not_moving
2758-3008,3008,2758,car,person,92.492,99.499,0,,,0,64,,823.6,823.6,0.0,215.4,81.4,215.4,-68.7,yes,vehicle_not_moving
2758-3010,3010,2758,car,person,92.492,96.897,0,,,0,45,2.753,150.4,155.1,57.4,199.1,0.0,199.1,0.0,no,vehicle_not_moving
2784-3008,3008,2784,car,person,92.492,99.499,0,,,0,65,9.401,76.5,748.5,81.0,229.5,81.4,218.4,-68.7,yes,pedestrian_not_in_crosswalk
2784-3010,3010,2784,car,person,92.492,96.897,0,,,0,39,6.871,212.7,214.3,31.5,218.4,0.0,218.4,0.0,no,pedestrian_not_in_crosswalk
2847-3008,3008,2847,car,person,92.492,93.493,0,,,0,11,4.812,13.1,353.4,81.4,81.4,81.4,0.0,-55.0,yes,pedestrian_stationary
2847-3010,3010,2847,car,person,92.492,93.493,0,,,0,11,,384.0,384.0,0.0,0.0,0.0,0.0,0.0,no,pedestrian_stationary
2848-3008,3008,2848,car,person,92.492,92.993,0,,,0,6,26.295,509.0,2024.8,77.7,81.4,81.4,0.0,-6.5,no,pedestrian_stationary
2848-3010,3010,2848,car,person,92.492,92.993,0,,,0,6,,1330.6,1330.6,0.0,0.0,0.0,0.0,0.0,no,pedestrian_stationary
2855-3008,3008,2855,car,person,92.492,99.499,0,,,0,71,16.768,99.5,573.4,35.5,137.8,81.4,126.8,-68.7,yes,vehicle_not_moving
2855-3010,3010,2855,car,person,92.492,96.897,0,,,0,45,2.142,113.7,166.9,98.2,126.8,0.0,126.8,0.0,no,vehicle_not_moving
2906-3008,3008,2906,car,person,92.492,99.499,0,,,0,37,,1245.0,1245.0,0.0,280.4,81.4,280.4,-68.7,yes,vehicle_not_moving
2906-3010,3010,2906,car,person,92.492,96.897,0,,,0,37,,526.4,526.4,0.0,280.4,0.0,280.4,0.0,no,vehicle_not_moving
2931-3008,3008,2931,car,person,92.492,95.696,0,,,0,33,6.23,24.7,431.6,81.3,81.4,81.4,0.0,-68.7,yes,vehicle_not_moving
2931-3010,3010,2931,car,person,92.492,95.696,0,,,0,33,,278.1,278.1,0.0,0.0,0.0,0.0,0.0,no,vehicle_not_moving
2952-3008,3008,2952,car,person,92.492,99.499,0,,,0,71,3.817,0.2,437.4,227.1,229.6,81.4,218.5,-68.7,yes,vehicle_not_moving
2952-3010,3010,2952,car,person,92.492,96.897,0,,,0,45,1.45,5.5,162.3,180.4,218.5,0.0,218.5,0.0,no,vehicle_not_moving
2954-3008,3008,2954,car,person,92.492,98.098,0,,,0,57,6.578,34.8,1301.0,232.7,232.8,81.4,155.3,-68.7,yes,vehicle_not_moving
2954-3010,3010,2954,car,person,92.492,96.897,0,,,0,45,5.077,0.2,649.9,154.4,155.3,0.0,155.3,0.0,no,vehicle_not_moving
2962-3008,3008,2962,car,person,92.492,99.499,0,,,0,63,,735.8,735.8,0.0,199.0,81.4,202.6,-68.7,yes,pedestrian_not_in_crosswalk
2962-3010,3010,2962,car,person,92.492,96.897,0,,,0,37,4.893,160.7,162.6,33.8,202.6,0.0,202.6,0.0,no,pedestrian_not_in_crosswalk
2979-3008,3008,2979,car,person,92.492,98.699,0,,,0,63,8.783,251.5,1150.3,135.6,144.8,81.4,137.8,-68.7,yes,vehicle_not_moving
2979-3010,3010,2979,car,person,92.492,96.897,0,,,0,45,4.101,13.4,430.8,133.0,137.8,0.0,137.8,0.0,no,vehicle_not_moving
924-3021,3021,924,car,person,92.793,99.6,0,,,0,23,11.231,19.4,1789.2,159.3,185.9,0.0,185.9,0.0,no,vehicle_not_moving
924-3022,3022,924,bus,person,92.793,99.199,0,,,0,23,8.957,12.3,1588.8,198.7,283.4,376.0,185.9,-180.6,yes,vehicle_not_moving
1546-3021,3021,1546,car,person,92.793,94.094,0,,,0,14,,1239.4,1239.4,0.0,0.0,0.0,0.0,0.0,no,pedestrian_stationary
1546-3022,3022,1546,bus,person,92.793,94.094,0,,,0,14,19.334,95.8,1073.0,55.5,55.7,55.7,0.0,-79.0,yes,pedestrian_stationary
2534-3021,3021,2534,car,person,92.793,99.9,0,,,0,41,10.481,12.1,1754.0,167.4,220.7,0.0,220.7,0.0,no,vehicle_not_moving
2534-3022,3022,2534,bus,person,92.793,99.199,0,,,0,41,8.148,27.0,1551.0,194.8,402.6,376.0,220.7,-180.6,yes,vehicle_not_moving
2690-3021,3021,2690,car,person,92.793,96.997,0,,,0,43,,1221.5,1221.5,0.0,115.7,0.0,115.7,0.0,no,vehicle_not_moving
2690-3022,3022,2690,bus,person,92.793,96.997,0,,,0,43,17.021,63.9,1067.6,63.6,376.0,376.0,115.7,-180.6,yes,vehicle_not_moving
2711-3021,3021,2711,car,person,92.793,97.297,0,,,0,1,9.692,714.5,1777.9,183.5,243.5,0.0,243.5,0.0,no,vehicle_not_moving
2711-3022,3022,2711,bus,person,92.793,97.297,0,,,0,1,6.701,242.0,1549.8,237.2,376.0,376.0,243.5,-180.6,yes,vehicle_not_moving
2758-3021,3021,2758,car,person,92.793,99.9,0,,,0,61,10.104,0.6,1800.5,189.0,215.4,0.0,215.4,0.0,no,vehicle_not_moving
2758-3022,3022,2758,bus,person,92.793,99.199,0,,,0,61,8.701,30.5,1637.6,219.7,413.1,376.0,211.6,-180.6,yes,vehicle_not_moving
2784-3021,3021,2784,car,person,92.793,99.9,0,,,0,69,16.809,22.2,2070.9,125.8,218.4,0.0,218.4,0.0,no,pedestrian_not_in_crosswalk
2784-3022,3022,2784,bus,person,92.793,99.199,0,,,0,62,13.62,60.8,1946.6,179.5,423.1,376.0,218.4,-180.6,yes,pedestrian_not_in_crosswalk
2847-3021,3021,2847,car,person,92.793,93.493,0,,,0,8,,3270.9,3270.9,0.0,0.0,0.0,0.0,0.0,no,pedestrian_stationary
2847-3022,3022,2847,bus,person,92.793,93.493,0,,,0,8,84.05,1927.9,3073.4,36.6,47.8,47.8,0.0,-79.0,yes,pedestrian_stationary
2848-3021,3021,2848,car,person,92.793,92.993,0,,,0,3,,1592.7,1592.7,0.0,0.0,0.0,0.0,,no,pedestrian_stationary
2848-3022,3022,2848,bus,person,92.793,92.993,0,,,0,3,,1446.7,1446.7,0.0,43.0,43.0,0.0,,no,pedestrian_stationary
2855-3021,3021,2855,car,person,92.793,99.9,0,,,0,72,21.402,8.4,2296.1,126.0,126.8,0.0,126.8,0.0,no,vehicle_not_moving
2855-3022,3022,2855,bus,person,92.793,99.199,0,,,0,65,19.269,85.9,2165.3,145.8,376.0,376.0,126.8,-180.6,yes,vehicle_not_moving
2906-3021,3021,2906,car,person,92.793,99.9,0,,,0,34,9.529,9.3,1809.2,191.7,280.4,0.0,280.4,0.0,no,vehicle_not_moving
2906-3022,3022,2906,bus,person,92.793,99.199,0,,,0,34,6.802,17.8,1611.0,236.8,441.2,376.0,280.4,-180.6,yes,vehicle_not_moving
2931-3021,3021,2931,car,person,92.793,95.696,0,,,0,30,,3148.3,3148.3,0.0,0.0,0.0,0.0,0.0,no,vehicle_not_moving
2931-3022,3022,2931,bus,person,92.793,95.696,0,,,0,30,47.069,651.0,2915.2,62.1,376.0,376.0,0.0,-180.6,yes,vehicle_not_moving
2952-3021,3021,2952,car,person,92.793,99.9,0,,,0,72,,2183.3,2183.3,0.0,218.5,0.0,218.5,0.0,no,vehicle_not_moving
2952-3022,3022,2952,bus,person,92.793,99.199,0,,,0,65,,2029.8,2029.8,0.0,401.2,376.0,218.5,-180.6,yes,vehicle_not_moving
2954-3021,3021,2954,car,person,92.793,98.098,0,,,0,54,174.251,1965.7,2121.2,13.0,151.3,0.0,151.3,0.0,no,vehicle_not_moving
2954-3022,3022,2954,bus,person,92.793,98.098,0,,,0,54,104.596,819.2,1971.3,19.7,376.0,376.0,151.3,-180.6,yes,vehicle_not_moving
2962-3021,3021,2962,car,person,92.793,99.9,0,,,0,67,10.521,2.8,1903.3,180.9,202.6,0.0,202.6,0.0,no,pedestrian_not_in_crosswalk
2962-3022,3022,2962,bus,person,92.793,99.199,0,,,0,60,10.739,37.7,1845.2,171.8,422.9,376.0,202.6,-180.6,yes,pedestrian_not_in_crosswalk
2979-3021,3021,2979,car,person,92.793,98.699,0,,,0,60,20.078,194.5,2325.4,117.3,137.8,0.0,137.8,0.0,no,vehicle_not_moving
2979-3022,3022,2979,bus,person,92.793,98.699,0,,,0,60,13.585,104.2,2117.6,156.3,376.0,376.0,137.8,-180.6,yes,vehicle_not_moving
25-3034,25,3034,truck,person,93.093,97.898,0,,,0,49,9.69,4.7,1524.1,157.3,167.3,0.0,167.3,-0.0,no,pedestrian_stationary
855-3034,855,3034,car,person,93.093,97.898,0,,,0,49,13.975,341.4,1284.4,95.1,192.3,107.7,167.3,-16.7,no,pedestrian_stationary
1469-3034,1469,3034,car,person,93.093,97.898,0,,,0,49,9.914,50.1,1609.6,162.4,167.3,0.0,167.3,-0.0,no,pedestrian_stationary
1665-3034,1665,3034,truck,person,93.093,97.898,0,,,0,49,23.641,1019.9,1796.3,76.0,167.3,16.5,167.3,-56.6,yes,pedestrian_stationary
2009-3034,2009,3034,car,person,93.093,97.898,0,,,0,49,18.148,272.0,291.2,16.0,167.3,0.0,167.3,-0.0,no,pedestrian_stationary
2135-3034,2135,3034,car,person,93.093,97.898,0,,,0,49,1.589,107.9,158.7,103.3,192.0,24.8,167.3,-76.6,yes,pedestrian_stationary
2199-3034,2199,3034,car,person,93.093,97.898,0,,,0,49,2.248,23.4,375.2,167.0,167.3,0.0,167.3,-0.0,no,pedestrian_stationary
2206-3034,2206,3034,car,person,93.093,97.898,0,,,0,49,5.237,71.4,118.9,23.8,170.9,31.0,167.3,-106.4,yes,pedestrian_stationary
2233-3034,2233,3034,car,person,93.093,97.898,0,,,0,49,3.667,53.3,610.0,166.5,167.3,0.0,167.3,-0.0,no,pedestrian_stationary
2237-3034,2237,3034,car,person,93.093,97.898,0,,,0,49,2.012,149.3,287.8,143.1,167.3,0.0,167.3,-0.0,no,pedestrian_stationary
2299-3034,2299,3034,bus,person,93.093,97.898,0,,,0,49,7.392,13.5,914.8,123.8,130.2,135.4,167.3,-369.6,yes,pedestrian_stationary
2438-3034,2438,3034,car,person,93.093,97.898,0,,,0,49,8.91,345.9,1447.8,162.5,167.3,23.8,167.3,-92.4,yes,pedestrian_stationary
2463-3034,2463,3034,bus,person,93.093,97.898,0,,,0,49,10.059,521.0,765.2,79.5,132.8,125.7,167.3,-0.3,yes,pedestrian_stationary
2470-3034,2470,3034,car,person,93.093,97.898,0,,,0,49,2.928,7.9,220.2,76.0,157.1,15.1,167.3,-57.2,yes,pedestrian_stationary
2488-3034,2488,3034,car,person,93.093,97.898,0,,,0,49,8.956,362.2,1325.8,148.7,156.1,25.2,167.3,-36.2,yes,pedestrian_stationary
2500-3034,2500,3034,bus,person,93.093,95.696,0,,,0,27,6.637,554.3,808.0,121.7,167.3,0.0,167.3,,no,pedestrian_stationary
2521-3034,2521,3034,car,person,93.093,94.695,0,,,0,17,8.817,423.8,1407.0,159.6,167.3,0.0,167.3,,no,pedestrian_stationary
2586-3034,2586,3034,car,person,93.093,97.898,0,,,0,49,6.79,224.4,506.2,74.8,167.3,0.0,167.3,-0.0,no,pedestrian_stationary
2729-3034,2729,3034,car,person,93.093,97.898,0,,,0,49,10.149,336.5,1657.8,163.9,167.3,12.4,167.3,-33.2,no,pedestrian_stationary
2749-3034,2749,3034,truck,person,93.093,97.898,0,,,0,49,14.548,10.5,1341.8,92.3,167.3,0.0,167.3,-0.0,no,pedestrian_stationary
2785-3034,2785,3034,car,person,93.093,97.898,0,,,0,49,10.176,399.6,792.7,78.1,229.0,108.4,167.3,-227.1,yes,pedestrian_stationary
2860-3034,2860,3034,car,person,93.093,97.898,0,,,0,49,6.074,507.8,705.2,116.1,167.3,0.0,167.3,-0.0,no,pedestrian_stationary
2908-3034,2908,3034,truck,person,93.093,95.095,0,,,0,21,14.547,9.5,1342.3,92.3,167.3,0.0,167.3,,no,pedestrian_stationary
2910-3034,2910,3034,car,person,93.093,93.493,0,,,0,5,,1543.8,1543.8,0.0,93.9,0.0,93.9,,no,pedestrian_stationary
2933-3034,2933,3034,car,person,93.093,95.996,0,,,0,30,9.471,346.7,1544.4,163.1,167.3,0.0,167.3,,no,pedestrian_stationary
2936-3034,2936,3034,car,person,93.093,94.194,0,,,0,12,12.688,9.9,1524.7,120.2,120.2,0.0,120.2,,no,pedestrian_stationary
2955-3034,2955,3034,car,person,93.093,94.695,0,,,0,17,9.674,4.3,1522.3,157.4,167.3,0.0,167.3,,no,pedestrian_stationary
2975-3034,2975,3034,car,person,93.093,95.696,0,,,0,27,9.689,4.9,1524.5,157.3,167.3,0.0,167.3,,no,pedestrian_stationary
2990-3034,2990,3034,car,person,93.093,97.898,0,,,0,49,9.65,778.4,865.4,90.0,558.7,558.7,167.3,-38.7,yes,pedestrian_stationary
2994-3034,2994,3034,car,person,93.093,95.996,0,,,0,30,9.69,5.4,1524.6,157.3,167.3,0.0,167.3,,no,pedestrian_stationary
3005-3034,3005,3034,car,person,93.093,96.296,0,,,0,33,9.69,5.1,1524.7,157.3,167.3,0.0,167.3,,no,pedestrian_stationary
3008-3034,3008,3034,car,person,93.093,97.898,0,,,0,49,14.461,218.5,2011.3,139.3,146.5,76.5,167.3,-68.7,yes,pedestrian_stationary
3010-3034,3010,3034,car,person,93.093,96.897,0,,,0,39,14.542,9.7,1341.8,92.3,167.3,0.0,167.3,0.0,no,pedestrian_stationary
3021-3034,3021,3034,car,person,93.093,97.898,0,,,0,49,9.692,5.5,1524.5,157.3,167.3,0.0,167.3,0.0,no,pedestrian_stationary
3022-3034,3022,3034,bus,person,93.093,97.898,0,,,0,49,7.394,89.8,1322.0,180.4,376.0,376.0,167.3,-180.6,yes,pedestrian_stationary
924-3050,3050,924,bus,person,93.393,99.6,0,,,0,17,4.603,49.2,1041.5,320.3,329.9,161.1,185.9,-265.3,yes,vehicle_not_moving
1546-3050,3050,1546,bus,person,93.393,94.094,0,,,0,8,11.634,86.1,1321.5,116.5,124.7,124.7,0.0,-265.3,yes,pedestrian_stationary
2534-3050,3050,2534,bus,person,93.393,101.401,0,,,0,35,3.645,19.4,897.3,331.6,340.3,161.1,220.7,-265.3,yes,vehicle_not_moving
2690-3050,3050,2690,bus,person,93.393,96.997,0,,,0,37,6.192,10.3,931.6,158.1,161.1,161.1,104.5,-265.3,yes,vehicle_not_moving
2758-3050,3050,2758,bus,person,93.393,103.303,0,,,0,55,3.576,6.0,923.4,323.3,323.4,161.1,215.4,-265.3,yes,vehicle_not_moving
2784-3050,3050,2784,bus,person,93.393,108.008,0,,,0,75,3.151,1.7,562.4,273.2,324.4,161.1,225.6,-265.3,yes,vehicle_not_moving
2847-3050,3050,2847,bus,person,93.393,93.493,0,,,0,2,,3250.1,3250.1,0.0,0.0,0.0,0.0,,no,pedestrian_stationary
2855-3050,3050,2855,bus,person,93.393,107.007,0,,,0,90,5.393,2.2,908.2,265.0,265.0,161.1,206.6,-265.3,yes,vehicle_not_moving
2906-3050,3050,2906,bus,person,93.393,100.4,0,,,0,28,3.55,25.4,984.1,400.3,429.3,161.1,280.4,-265.3,yes,vehicle_not_moving
2931-3050,3050,2931,bus,person,93.393,95.696,0,,,0,24,18.504,45.5,2876.5,158.5,161.1,161.1,0.0,-265.3,yes,vehicle_not_moving
2952-3050,3050,2952,bus,person,93.393,107.407,0,,,0,94,15.583,35.3,2156.5,143.3,229.8,161.1,218.5,-265.3,yes,vehicle_not_moving
2954-3050,3050,2954,bus,person,93.393,98.098,0,,,0,48,11.78,46.0,1701.1,160.8,161.1,161.1,142.7,-265.3,yes,vehicle_not_moving
2962-3050,3050,2962,bus,person,93.393,104.504,0,,,0,66,3.265,2.2,882.8,307.0,326.8,161.1,225.0,-265.3,yes,vehicle_not_moving
2979-3050,3050,2979,bus,person,93.393,98.699,0,,,0,54,10.178,2.9,1732.9,233.6,235.8,161.1,137.8,-265.3,yes,vehicle_not_moving
3034-3050,3050,3034,bus,person,93.393,97.898,0,,,0,46,5.755,1.6,1031.6,263.9,264.2,161.1,167.3,-265.3,yes,pedestrian_stationary
924-3084,3084,924,truck,person,94.194,98.198,0,,,0,9,,939.1,939.1,0.0,185.9,0.0,185.9,,no,vehicle_not_moving
2534-3084,3084,2534,truck,person,94.194,98.198,0,,,0,27,,602.9,602.9,0.0,220.7,0.0,220.7,,no,vehicle_not_moving
2690-3084,3084,2690,truck,person,94.194,96.997,0,,,0,29,,1675.9,1675.9,0.0,0.0,0.0,0.0,,no,vehicle_not_moving
2758-3084,3084,2758,truck,person,94.194,98.198,0,,,0,41,,343.6,343.6,0.0,172.4,0.0,172.4,,no,vehicle_not_moving
2784-3084,3084,2784,truck,person,94.194,98.198,0,,,0,41,,283.0,283.0,0.0,200.5,0.0,200.5,,no,vehicle_not_moving
2855-3084,3084,2855,truck,person,94.194,98.198,0,,,0,41,,166.0,166.0,0.0,126.8,0.0,126.8,,no,vehicle_not_moving
2906-3084,3084,2906,truck,person,94.194,98.198,0,,,0,20,,709.1,709.1,0.0,280.4,0.0,280.4,,no,vehicle_not_moving
2931-3084,3084,2931,truck,person,94.194,95.696,0,,,0,16,,278.4,278.4,0.0,0.0,0.0,0.0,,no,pedestrian_stationary
2952-3084,3084,2952,truck,person,94.194,98.198,0,,,0,41,1.385,6.6,161.7,180.5,218.5,0.0,218.5,,no,vehicle_not_moving
2954-3084,3084,2954,truck,person,94.194,98.098,0,,,0,40,7.371,21.4,653.8,88.7,89.0,0.0,89.0,,no,vehicle_not_moving
2962-3084,3084,2962,truck,person,94.194,98.198,0,,,0,41,,196.5,196.5,0.0,169.4,0.0,169.4,,no,vehicle_not_moving
2979-3084,3084,2979,truck,person,94.194,98.198,0,,,0,41,4.098,14.4,545.2,133.0,137.8,0.0,137.8,,no,vehicle_not_moving
3034-3084,3084,3034,truck,person,94.194,97.898,0,,,0,38,,1398.4,1398.4,0.0,167.3,0.0,167.3,,no,vehicle_not_moving
924-3090,3090,924,car,person,94.394,99.6,0,,,0,7,22.982,104.0,1612.6,71.3,164.1,141.1,185.9,-116.7,yes,vehicle_not_moving
2534-3090,3090,2534,car,person,94.394,101.401,0,,,0,25,7.77,88.9,1406.7,191.8,193.8,193.8,220.7,-116.7,yes,vehicle_not_moving
2690-3090,3090,2690,car,person,94.394,96.997,0,,,0,27,17.759,193.6,2206.9,132.5,141.1,141.1,0.0,-95.2,yes,vehicle_not_moving
2758-3090,3090,2758,car,person,94.394,103.303,0,,,0,45,3.175,81.0,919.5,289.6,305.5,305.5,215.4,-116.7,yes,vehicle_not_moving
2784-3090,3090,2784,car,person,94.394,108.008,0,,,0,65,2.093,55.5,397.9,310.9,373.9,373.9,225.6,-116.7,yes,vehicle_not_moving
2855-3090,3090,2855,car,person,94.394,107.007,0,,,0,80,1.595,23.0,298.3,300.6,373.9,373.9,206.6,-116.7,yes,vehicle_not_moving
2906-3090,3090,2906,car,person,94.394,100.4,0,,,0,18,22.715,94.6,1456.2,71.2,217.9,141.1,280.4,-116.7,yes,vehicle_not_moving
2931-3090,3090,2931,car,person,94.394,95.696,0,,,0,14,3.575,28.9,425.1,140.9,141.1,141.1,0.0,-95.2,yes,pedestrian_stationary
2952-3090,3090,2952,car,person,94.394,107.407,0,,,0,84,1.966,2.4,167.6,316.7,435.1,373.9,218.5,-116.7,yes,vehicle_not_moving
2954-3090,3090,2954,car,person,94.394,98.098,0,,,0,38,6.931,27.0,1144.6,194.2,213.3,141.1,80.3,-116.7,yes,vehicle_not_moving
2962-3090,3090,2962,car,person,94.394,104.504,0,,,0,56,1.968,171.4,567.8,303.3,346.6,346.6,225.0,-116.7,yes,vehicle_not_moving
2979-3090,3090,2979,car,person,94.394,98.699,0,,,0,44,4.744,3.4,1030.9,248.9,248.9,141.1,137.8,-116.7,yes,vehicle_not_moving
3034-3090,3090,3034,car,person,94.394,97.898,0,,,0,36,15.532,218.7,1890.0,133.7,167.3,141.1,167.3,-116.7,yes,vehicle_not_moving
25-3111,25,3111,truck,person,94.695,102.302,0,,,0,33,11.633,81.2,1800.7,154.8,221.1,0.0,221.1,-0.0,no,pedestrian_stationary
855-3111,855,3111,car,person,94.695,98.899,0,,,0,33,7.675,119.8,1624.8,211.7,221.1,105.8,221.1,-6.9,no,pedestrian_stationary
1469-3111,1469,3111,car,person,94.695,102.302,0,,,0,33,11.351,84.6,1875.2,165.2,221.1,0.0,221.1,-0.0,no,pedestrian_stationary
1665-3111,1665,3111,truck,person,94.695,102.302,0,,,0,33,67.73,1097.8,1328.9,25.1,221.1,43.7,221.1,-109.3,yes,pedestrian_stationary
2009-3111,2009,3111,car,person,94.695,102.302,0,,,0,33,3.31,63.5,376.8,120.4,221.1,0.0,221.1,-0.0,no,pedestrian_stationary
2135-3111,2135,3111,car,person,94.695,102.302,0,,,0,33,3.427,0.8,439.0,155.6,221.1,24.1,221.1,-76.6,yes,pedestrian_stationary
2199-3111,2199,3111,car,person,94.695,102.302,0,,,0,33,3.667,5.7,618.3,168.6,221.1,0.0,221.1,-0.0,no,pedestrian_stationary
2206-3111,2206,3111,car,person,94.695,102.302,0,,,0,33,1.149,2.9,185.9,169.0,221.1,31.0,221.1,-106.4,yes,pedestrian_stationary
2233-3111,2233,3111,car,person,94.695,102.302,0,,,0,33,5.186,51.4,865.4,166.9,221.1,0.0,221.1,-0.0,no,pedestrian_stationary
2237-3111,2237,3111,car,person,94.695,102.302,0,,,0,33,2.451,26.9,466.9,191.0,221.1,0.0,221.1,-0.0,no,pedestrian_stationary
2299-3111,2299,3111,bus,person,94.695,102.302,0,,,0,33,4.995,1.1,1183.7,271.5,272.9,220.6,221.1,-681.5,yes,pedestrian_stationary
2438-3111,2438,3111,car,person,94.695,102.302,0,,,0,33,9.172,85.2,1707.6,186.9,200.0,23.8,221.1,-92.4,yes,pedestrian_stationary
2463-3111,2463,3111,bus,person,94.695,102.302,0,,,0,33,14.753,152.3,1248.9,86.3,156.8,156.8,221.1,-118.2,yes,pedestrian_stationary
2470-3111,2470,3111,car,person,94.695,102.302,0,,,0,33,1.36,1.0,165.8,140.2,221.1,25.2,221.1,-71.6,yes,pedestrian_stationary
2488-3111,2488,3111,car,person,94.695,102.302,0,,,0,33,8.565,69.8,1590.1,186.1,200.5,25.2,221.1,-66.5,yes,pedestrian_stationary
2500-3111,2500,3111,bus,person,94.695,95.696,0,,,0,11,14.551,802.0,1237.4,85.0,111.7,0.0,111.7,,no,pedestrian_stationary
2521-3111,2521,3111,car,person,94.695,94.695,0,,,0,1,,2044.6,2044.6,0.0,0.0,0.0,0.0,,no,pedestrian_stationary
2586-3111,2586,3111,car,person,94.695,102.302,0,,,0,33,4.348,158.9,236.4,72.3,221.1,0.0,221.1,-0.0,no,pedestrian_stationary
2729-3111,2729,3111,car,person,94.695,102.302,0,,,0,33,8.689,77.1,1873.7,215.8,226.7,12.4,221.1,-52.3,yes,pedestrian_stationary
2749-3111,2749,3111,truck,person,94.695,102.302,0,,,0,33,2.323,228.4,487.8,255.4,269.5,269.5,221.1,-67.8,yes,pedestrian_stationary
2785-3111,2785,3111,car,person,94.695,102.302,0,,,0,33,21.988,418.7,434.0,19.7,191.3,156.5,221.1,-359.6,yes,pedestrian_stationary
2860-3111,2860,3111,car,person,94.695,102.302,0,,,0,33,3.51,0.1,775.1,221.1,221.1,0.0,221.1,-0.0,no,pedestrian_stationary
2908-3111,2908,3111,truck,person,94.695,95.095,0,,,0,5,,647.9,647.9,0.0,83.9,0.0,83.9,,no,pedestrian_stationary
2933-3111,2933,3111,car,person,94.695,95.996,0,,,0,14,21.577,1011.6,2089.7,98.1,111.7,0.0,111.7,,no,pedestrian_stationary
2955-3111,2955,3111,car,person,94.695,94.695,0,,,0,1,,2277.3,2277.3,0.0,0.0,0.0,0.0,,no,pedestrian_stationary
2975-3111,2975,3111,car,person,94.695,95.696,0,,,0,11,19.59,200.2,2178.3,111.2,111.7,0.0,111.7,,no,pedestrian_stationary
2990-3111,2990,3111,car,person,94.695,102.302,0,,,0,33,,758.1,758.1,0.0,1155.9,1155.9,221.1,-895.0,yes,pedestrian_stationary
2994-3111,2994,3111,car,person,94.695,95.996,0,,,0,14,19.59,199.7,2146.3,111.2,111.7,0.0,111.7,,no,pedestrian_stationary
3005-3111,3005,3111,car,person,94.695,96.296,0,,,0,17,16.679,162.3,2102.0,126.0,126.4,0.0,126.4,,no,pedestrian_stationary
3008-3111,3008,3111,car,person,94.695,99.499,0,,,0,33,86.433,660.1,1292.5,15.0,221.1,74.3,221.1,-65.6,yes,pedestrian_stationary
3010-3111,3010,3111,car,person,94.695,96.897,0,,,0,23,,647.4,647.4,0.0,128.3,0.0,128.3,,no,pedestrian_stationary
3021-3111,3021,3111,car,person,94.695,99.9,0,,,0,33,11.636,82.1,1801.1,154.8,221.1,0.0,221.1,0.0,no,pedestrian_stationary
3022-3111,3022,3111,bus,person,94.695,99.199,0,,,0,33,8.547,85.6,1599.4,187.1,403.6,376.0,221.1,-180.6,yes,pedestrian_stationary
3050-3111,3050,3111,bus,person,94.695,102.302,0,,,0,33,3.526,5.2,927.2,327.4,376.2,161.1,221.1,-133.0,yes,pedestrian_stationary
3084-3111,3084,3111,truck,person,94.695,98.198,0,,,0,33,,647.2,647.2,0.0,202.6,0.0,202.6,,no,pedestrian_stationary
3090-3111,3090,3111,car,person,94.695,102.302,0,,,0,33,4.673,82.2,1205.8,263.1,267.2,267.2,221.1,-116.7,yes,pedestrian_stationary
25-3112,25,3112,truck,person,94.795,99.099,0,,,0,4,20.734,1408.1,1519.7,73.3,194.6,0.0,194.6,-0.0,no,pedestrian_stationary
855-3112,855,3112,car,person,94.795,98.899,0,,,0,4,14.25,1051.7,1411.9,99.1,149.3,105.8,194.6,-6.9,no,pedestrian_stationary
1469-3112,1469,3112,car,person,94.795,99.099,0,,,0,4,17.378,1410.0,1598.8,92.1,194.6,0.0,194.6,-0.0,no,pedestrian_stationary
1665-3112,1665,3112,truck,person,94.795,99.099,0,,,0,4,328.429,1235.9,1827.2,5.8,194.6,10.3,194.6,-27.0,yes,pedestrian_stationary
2009-3112,2009,3112,car,person,94.795,99.099,0,,,0,4,,302.1,302.1,0.0,194.6,0.0,194.6,-0.0,no,pedestrian_stationary
2135-3112,2135,3112,car,person,94.795,99.099,0,,,0,4,15.549,152.4,164.9,11.3,207.3,22.6,194.6,-76.6,yes,pedestrian_stationary
2199-3112,2199,3112,car,person,94.795,99.099,0,,,0,4,2.846,271.4,349.8,123.3,194.6,0.0,194.6,-0.0,no,pedestrian_stationary
2206-3112,2206,3112,car,person,94.795,99.099,0,,,0,4,7.005,82.8,99.5,14.5,194.6,31.0,194.6,-106.4,yes,pedestrian_stationary
2233-3112,2233,3112,car,person,94.795,99.099,0,,,0,4,5.577,496.8,592.5,106.4,194.6,0.0,194.6,-0.0,no,pedestrian_stationary
2237-3112,2237,3112,car,person,94.795,99.099,0,,,0,4,1.333,90.6,239.6,180.2,194.6,0.0,194.6,-0.0,no,pedestrian_stationary
2299-3112,2299,3112,bus,person,94.795,99.099,0,,,0,4,6.69,2.4,905.5,143.5,227.9,220.6,194.6,-681.5,yes,pedestrian_stationary
2438-3112,2438,3112,car,person,94.795,99.099,0,,,0,4,9.884,875.5,1431.5,145.3,183.3,23.8,194.6,-92.4,yes,pedestrian_stationary
2463-3112,2463,3112,bus,person,94.795,99.099,0,,,0,4,5.419,398.8,777.9,143.6,168.5,156.7,194.6,-4.4,no,pedestrian_stationary
2470-3112,2470,3112,car,person,94.795,99.099,0,,,0,4,34.155,12.1,248.0,8.9,194.6,25.2,194.6,-57.2,yes,pedestrian_stationary
2488-3112,2488,3112,car,person,94.795,99.099,0,,,0,4,8.457,757.2,1300.9,153.8,189.2,25.2,194.6,-9.5,yes,pedestrian_stationary
2500-3112,2500,3112,bus,person,94.795,95.696,0,,,0,4,3.877,53.0,752.5,194.1,194.6,0.0,194.6,,no,pedestrian_stationary
2586-3112,2586,3112,car,person,94.795,99.099,0,,,0,4,,532.3,532.3,0.0,194.6,0.0,194.6,-0.0,no,pedestrian_stationary
2729-3112,2729,3112,car,person,94.795,99.099,0,,,0,4,10.303,950.2,1627.8,158.0,194.6,12.4,194.6,-52.3,yes,pedestrian_stationary
2749-3112,2749,3112,truck,person,94.795,99.099,0,,,0,4,31.802,708.0,1370.9,43.2,194.6,51.1,194.6,-0.0,no,pedestrian_stationary
2785-3112,2785,3112,car,person,94.795,99.099,0,,,0,4,29.67,767.5,858.0,30.5,194.6,74.4,194.6,-227.1,yes,pedestrian_stationary
2860-3112,2860,3112,car,person,94.795,99.099,0,,,0,4,3.34,13.7,649.8,194.5,194.6,0.0,194.6,-0.0,no,pedestrian_stationary
2908-3112,2908,3112,truck,person,94.795,95.095,0,,,0,4,,1371.4,1371.4,0.0,0.0,0.0,0.0,,no,pedestrian_stationary
2933-3112,2933,3112,car,person,94.795,95.996,0,,,0,4,9.406,854.5,1508.0,160.3,194.6,0.0,194.6,,no,pedestrian_stationary
2975-3112,2975,3112,car,person,94.795,95.696,0,,,0,4,20.719,1407.8,1520.0,73.4,194.6,0.0,194.6,,no,pedestrian_stationary
2990-3112,2990,3112,car,person,94.795,99.099,0,,,0,4,145.391,880.8,881.5,6.1,1155.9,1155.9,194.6,-38.7,yes,pedestrian_stationary
2994-3112,2994,3112,car,person,94.795,95.996,0,,,0,4,20.737,1408.1,1520.0,73.3,194.6,0.0,194.6,,no,pedestrian_stationary
3005-3112,3005,3112,car,person,94.795,96.296,0,,,0,4,20.726,1408.0,1520.1,73.3,194.6,0.0,194.6,,no,pedestrian_stationary
3008-3112,3008,3112,car,person,94.795,99.099,0,,,0,4,164.086,1466.1,2018.7,12.3,136.0,74.3,194.6,-65.6,yes,pedestrian_stationary
3010-3112,3010,3112,car,person,94.795,96.897,0,,,0,4,,1370.9,1370.9,0.0,194.6,0.0,194.6,,no,pedestrian_stationary
3021-3112,3021,3112,car,person,94.795,99.099,0,,,0,4,20.769,1408.5,1520.1,73.2,194.6,0.0,194.6,0.0,no,pedestrian_stationary
3022-3112,3022,3112,bus,person,94.795,99.099,0,,,0,4,21.314,1074.2,1334.5,62.6,376.0,376.0,194.6,-180.6,yes,pedestrian_stationary
3050-3112,3050,3112,bus,person,94.795,99.099,0,,,0,4,4.55,2.4,847.6,301.8,326.7,161.1,194.6,-100.4,yes,pedestrian_stationary
3084-3112,3084,3112,truck,person,94.795,98.198,0,,,0,4,,1370.8,1370.8,0.0,194.6,0.0,194.6,,no,pedestrian_stationary
3090-3112,3090,3112,car,person,94.795,99.099,0,,,0,4,15.793,298.4,1890.0,129.0,199.4,135.6,194.6,-116.7,yes,pedestrian_stationary
25-3114,25,3114,truck,person,94.895,102.803,0,,,0,80,17.437,10.3,2324.4,142.0,142.2,0.0,142.2,-0.0,no,pedestrian_stationary
855-3114,855,3114,car,person,94.895,98.899,0,,,0,41,16.202,114.4,2142.3,135.5,142.1,105.8,142.2,-6.9,no,pedestrian_stationary
1469-3114,1469,3114,car,person,94.895,102.803,0,,,0,80,18.107,157.7,2406.5,141.4,142.2,0.0,142.2,-0.0,no,pedestrian_stationary
1665-3114,1665,3114,truck,person,94.895,102.803,0,,,0,80,68.297,1025.8,1139.8,18.7,142.2,43.7,142.2,-109.3,yes,pedestrian_stationary
2009-3114,2009,3114,car,person,94.895,102.803,0,,,0,80,5.502,32.2,719.6,137.9,142.2,0.0,142.2,-0.0,no,pedestrian_stationary
2135-3114,2135,3114,car,person,94.895,102.803,0,,,0,80,7.092,6.3,903.8,150.4,151.4,21.9,142.2,-76.6,yes,pedestrian_stationary
2199-3114,2199,3114,car,person,94.895,102.803,0,,,0,80,8.905,47.6,1152.4,141.0,142.2,0.0,142.2,-0.0,no,pedestrian_stationary
2206-3114,2206,3114,car,person,94.895,102.803,0,,,0,80,5.663,8.4,719.1,144.4,144.4,31.0,142.2,-106.4,yes,pedestrian_stationary
2233-3114,2233,3114,car,person,94.895,102.803,0,,,0,80,10.735,75.4,1398.6,141.2,142.2,0.0,142.2,-0.0,no,pedestrian_stationary
2237-3114,2237,3114,car,person,94.895,102.803,0,,,0,80,7.745,37.3,1002.2,139.7,142.2,0.0,142.2,-0.0,no,pedestrian_stationary
2299-3114,2299,3114,bus,person,94.895,102.803,0,,,0,80,5.722,6.9,1710.8,299.5,299.7,220.6,142.2,-681.5,yes,pedestrian_stationary
2438-3114,2438,3114,car,person,94.895,102.803,0,,,0,80,18.873,114.3,2238.7,129.4,140.8,23.8,142.2,-92.4,yes,pedestrian_stationary
2463-3114,2463,3114,bus,person,94.895,102.803,0,,,0,80,34.777,143.3,1740.2,50.7,126.6,156.8,142.2,-118.2,yes,pedestrian_stationary
2470-3114,2470,3114,car,person,94.895,102.803,0,,,0,80,4.494,6.2,509.2,141.5,146.4,25.2,142.2,-71.6,yes,pedestrian_stationary
2488-3114,2488,3114,car,person,94.895,102.803,0,,,0,80,18.919,249.0,2122.8,117.8,128.5,25.2,142.2,-66.5,yes,pedestrian_stationary
2500-3114,2500,3114,bus,person,94.895,95.696,0,,,0,9,13.385,767.5,1670.7,126.8,142.2,0.0,142.2,,no,pedestrian_stationary
2586-3114,2586,3114,car,person,94.895,102.803,0,,,0,80,2.955,21.8,382.8,137.3,142.2,0.0,142.2,-0.0,no,pedestrian_stationary
2729-3114,2729,3114,car,person,94.895,102.803,0,,,0,80,18.018,210.3,2399.8,136.3,148.1,13.0,142.2,-52.3,yes,pedestrian_stationary
2749-3114,2749,3114,truck,person,94.895,102.803,0,,,0,80,1.232,163.6,163.6,203.1,269.5,269.5,142.2,-67.8,yes,pedestrian_stationary
2785-3114,2785,3114,car,person,94.895,102.803,0,,,0,80,2.434,6.6,335.6,138.7,172.3,156.5,142.2,-359.6,yes,pedestrian_stationary
2860-3114,2860,3114,car,person,94.895,102.803,0,,,0,80,9.818,43.2,1257.8,132.5,142.2,0.0,142.2,-0.0,no,pedestrian_stationary
2908-3114,2908,3114,truck,person,94.895,95.095,0,,,0,3,,165.2,165.2,0.0,116.5,0.0,116.5,,no,pedestrian_stationary
2933-3114,2933,3114,car,person,94.895,95.996,0,,,0,12,19.731,947.4,2586.5,132.5,142.2,0.0,142.2,,no,pedestrian_stationary
2975-3114,2975,3114,car,person,94.895,95.696,0,,,0,9,19.177,126.5,2692.4,142.0,142.2,0.0,142.2,,no,pedestrian_stationary
2990-3114,2990,3114,car,person,94.895,102.803,0,,,0,80,,1058.5,1058.5,0.0,1057.4,1155.9,142.2,-895.0,yes,pedestrian_stationary
2994-3114,2994,3114,car,person,94.895,95.996,0,,,0,12,19.177,125.9,2692.5,142.0,142.2,0.0,142.2,,no,pedestrian_stationary
3005-3114,3005,3114,car,person,94.895,96.296,0,,,0,15,18.568,96.9,2607.8,142.0,142.2,0.0,142.2,,no,pedestrian_stationary
3008-3114,3008,3114,car,person,94.895,99.499,0,,,0,47,71.893,700.4,780.2,10.9,166.3,74.3,142.2,-65.6,yes,pedestrian_stationary
3010-3114,3010,3114,car,person,94.895,96.897,0,,,0,21,,164.9,164.9,0.0,142.2,0.0,142.2,,no,pedestrian_stationary
3021-3114,3021,3114,car,person,94.895,99.9,0,,,0,51,17.436,10.6,2324.9,142.0,142.2,0.0,142.2,0.0,no,pedestrian_stationary
3022-3114,3022,3114,bus,person,94.895,99.199,0,,,0,44,15.97,55.1,2135.1,137.8,408.8,376.0,142.2,18.5,yes,pedestrian_stationary
3050-3114,3050,3114,bus,person,94.895,102.803,0,,,0,80,6.501,3.7,1463.2,295.3,295.9,161.1,142.2,-133.0,yes,pedestrian_stationary
3084-3114,3084,3114,truck,person,94.895,98.198,0,,,0,34,,164.2,164.2,0.0,142.2,0.0,142.2,,no,pedestrian_stationary
3090-3114,3090,3114,car,person,94.895,102.803,0,,,0,80,2.166,1.9,548.0,257.8,281.6,281.6,142.2,-116.7,yes,pedestrian_stationary
924-3122,3122,924,truck,person,94.995,99.099,0,,,0,1,,1041.0,1041.0,0.0,185.9,0.0,185.9,,no,vehicle_not_moving
2534-3122,3122,2534,truck,person,94.995,99.099,0,,,0,19,,781.7,781.7,0.0,220.7,0.0,220.7,,no,vehicle_not_moving
2690-3122,3122,2690,truck,person,94.995,96.997,0,,,0,21,,1676.3,1676.3,0.0,0.0,0.0,0.0,,no,vehicle_not_moving
2758-3122,3122,2758,truck,person,94.995,99.099,0,,,0,39,,465.6,465.6,0.0,203.7,0.0,203.7,,no,vehicle_not_moving
2784-3122,3122,2784,truck,person,94.995,99.099,0,,,0,42,,357.7,357.7,0.0,200.5,0.0,200.5,,no,vehicle_not_moving
2855-3122,3122,2855,truck,person,94.995,99.099,0,,,0,42,,163.7,163.7,0.0,126.8,0.0,126.8,,no,vehicle_not_moving
2906-3122,3122,2906,truck,person,94.995,99.099,0,,,0,12,,834.6,834.6,0.0,280.4,0.0,280.4,,no,vehicle_not_moving
2931-3122,3122,2931,truck,person,94.995,95.696,0,,,0,8,,276.7,276.7,0.0,0.0,0.0,0.0,,no,pedestrian_stationary
2952-3122,3122,2952,truck,person,94.995,99.099,0,,,0,42,1.381,28.4,143.5,171.6,176.3,0.0,176.3,,no,vehicle_not_moving
2954-3122,3122,2954,truck,person,94.995,98.098,0,,,0,32,,653.9,653.9,0.0,0.0,0.0,0.0,,no,vehicle_not_moving
2962-3122,3122,2962,truck,person,94.995,99.099,0,,,0,42,,281.0,281.0,0.0,169.8,0.0,169.8,,no,vehicle_not_moving
2979-3122,3122,2979,truck,person,94.995,98.699,0,,,0,38,4.098,117.4,544.9,133.1,137.8,0.0,137.8,,no,vehicle_not_moving
3034-3122,3122,3034,truck,person,94.995,97.898,0,,,0,30,,1398.6,1398.6,0.0,0.0,0.0,0.0,,no,vehicle_not_moving
3111-3122,3122,3111,truck,person,94.995,99.099,0,,,0,30,,666.6,666.6,0.0,221.1,0.0,221.1,,no,vehicle_not_moving
3112-3122,3122,3112,truck,person,94.995,99.099,0,,,0,2,,1383.4,1383.4,0.0,194.6,0.0,194.6,,no,pedestrian_stationary
3114-3122,3122,3114,truck,person,94.995,99.099,0,,,0,42,,168.7,168.7,0.0,142.2,0.0,142.2,,no,pedestrian_stationary
25-3128,25,3128,truck,person,95.295,101.401,0,,,0,62,,2494.9,2494.9,0.0,188.3,0.0,188.3,-0.0,no,pedestrian_stationary
855-3128,855,3128,car,person,95.295,98.899,0,,,0,37,,2295.4,2295.4,0.0,188.3,99.5,188.3,-6.9,no,pedestrian_stationary
1469-3128,1469,3128,car,person,95.295,101.401,0,,,0,62,,2577.2,2577.2,0.0,188.3,0.0,188.3,-0.0,no,pedestrian_stationary
1665-3128,1665,3128,truck,person,95.295,101.401,0,,,0,62,16.513,1069.9,1121.4,70.0,191.3,20.3,188.3,-27.0,yes,pedestrian_stationary
2009-3128,2009,3128,car,person,95.295,101.401,0,,,0,62,,880.7,880.7,0.0,188.3,0.0,188.3,-0.0,no,pedestrian_stationary
2135-3128,2135,3128,car,person,95.295,101.401,0,,,0,62,112.156,713.6,1083.7,9.7,188.3,16.4,188.3,-76.6,yes,pedestrian_stationary
2199-3128,2199,3128,car,person,95.295,101.401,0,,,0,62,,1320.6,1320.6,0.0,188.3,0.0,188.3,-0.0,no,pedestrian_stationary
2206-3128,2206,3128,car,person,95.295,101.401,0,,,0,62,635.46,888.4,888.4,2.0,186.8,31.0,188.3,-106.4,yes,pedestrian_stationary
2233-3128,2233,3128,car,person,95.295,101.401,0,,,0,62,,1567.3,1567.3,0.0,188.3,0.0,188.3,-0.0,no,pedestrian_stationary
2237-3128,2237,3128,car,person,95.295,101.401,0,,,0,62,,1168.2,1168.2,0.0,188.3,0.0,188.3,-0.0,no,pedestrian_stationary
2299-3128,2299,3128,bus,person,95.295,101.401,0,,,0,62,10.947,3.9,1915.0,204.7,298.4,220.6,188.3,-681.5,yes,pedestrian_stationary
2438-3128,2438,3128,car,person,95.295,101.401,0,,,0,62,,2335.2,2335.2,0.0,201.5,22.4,188.3,-92.4,yes,pedestrian_stationary
2463-3128,2463,3128,bus,person,95.295,101.401,0,,,0,62,,1562.6,1562.6,0.0,301.8,156.8,188.3,-118.2,yes,pedestrian_stationary
2470-3128,2470,3128,car,person,95.295,101.401,0,,,0,62,46.673,48.0,723.3,22.9,194.7,25.2,188.3,-71.6,yes,pedestrian_stationary
2488-3128,2488,3128,car,person,95.295,101.401,0,,,0,62,,2197.7,2197.7,0.0,210.3,25.2,188.3,-66.5,yes,pedestrian_stationary
2500-3128,2500,3128,bus,person,95.295,95.696,0,,,0,5,,1506.1,1506.1,0.0,126.2,0.0,126.2,,no,pedestrian_stationary
2586-3128,2586,3128,car,person,95.295,101.401,0,,,0,62,,534.0,534.0,0.0,188.3,0.0,188.3,-0.0,no,pedestrian_stationary
2729-3128,2729,3128,car,person,95.295,101.401,0,,,0,62,311.795,1524.4,2533.4,9.2,188.3,12.4,188.3,-52.3,yes,pedestrian_stationary
2749-3128,2749,3128,truck,person,95.295,101.401,0,,,0,62,1.016,7.2,50.3,182.0,269.5,269.5,188.3,-36.7,yes,pedestrian_stationary
2785-3128,2785,3128,car,person,95.295,101.401,0,,,0,62,19.973,465.9,465.9,33.0,188.3,156.5,188.3,-359.6,yes,pedestrian_stationary
2860-3128,2860,3128,car,person,95.295,101.401,0,,,0,62,,1403.3,1403.3,0.0,188.3,0.0,188.3,-0.0,no,pedestrian_stationary
2933-3128,2933,3128,car,person,95.295,95.996,0,,,0,8,,2409.6,2409.6,0.0,169.5,0.0,169.5,,no,pedestrian_stationary
2975-3128,2975,3128,car,person,95.295,95.696,0,,,0,5,,2494.7,2494.7,0.0,126.2,0.0,126.2,,no,pedestrian_stationary
2990-3128,2990,3128,car,person,95.295,101.401,0,,,0,62,,890.8,890.8,0.0,1155.9,1155.9,188.3,-895.0,yes,pedestrian_stationary
2994-3128,2994,3128,car,person,95.295,95.996,0,,,0,8,,2494.8,2494.8,0.0,169.5,0.0,169.5,,no,pedestrian_stationary
3005-3128,3005,3128,car,person,95.295,96.296,0,,,0,11,,2494.9,2494.9,0.0,188.3,0.0,188.3,,no,pedestrian_stationary
3008-3128,3008,3128,car,person,95.295,99.499,0,,,0,43,4.135,1.9,720.3,188.3,188.3,74.3,188.3,-65.6,yes,pedestrian_stationary
3010-3128,3010,3128,car,person,95.295,96.897,0,,,0,17,1.144,59.4,172.5,181.7,188.3,0.0,188.3,,no,pedestrian_stationary
3021-3128,3021,3128,car,person,95.295,99.9,0,,,0,47,,2494.9,2494.9,0.0,188.3,0.0,188.3,0.0,no,pedestrian_stationary
3022-3128,3022,3128,bus,person,95.295,99.199,0,,,0,40,,2299.7,2299.7,0.0,381.0,376.0,188.3,432.2,yes,pedestrian_stationary
3050-3128,3050,3128,bus,person,95.295,101.401,0,,,0,62,14.434,203.7,1997.3,160.4,179.8,161.1,188.3,-133.0,yes,pedestrian_stationary
3084-3128,3084,3128,truck,person,95.295,98.198,0,,,0,30,1.034,58.3,121.3,181.9,188.3,0.0,188.3,,no,pedestrian_stationary
3090-3128,3090,3128,car,person,95.295,101.401,0,,,0,62,2.006,0.7,388.1,242.8,246.8,193.8,188.3,-116.7,yes,pedestrian_stationary
3122-3128,3122,3128,truck,person,95.295,99.099,0,,,0,39,1.029,57.6,121.1,182.0,188.3,0.0,188.3,,no,pedestrian_stationary
25-3143,25,3143,truck,person,95.596,99.9,0,,,0,44,,1572.0,1572.0,0.0,124.6,0.0,124.6,-0.0,no,pedestrian_stationary
855-3143,855,3143,car,person,95.596,98.899,0,,,0,34,,1488.7,1488.7,0.0,124.6,0.0,124.6,,no,pedestrian_stationary
1469-3143,1469,3143,car,person,95.596,99.9,0,,,0,44,,1659.1,1659.1,0.0,124.6,0.0,124.6,-0.0,no,pedestrian_stationary
1665-3143,1665,3143,truck,person,95.596,99.9,0,,,0,44,19.223,926.3,1783.8,93.1,124.6,10.3,124.6,-27.0,yes,pedestrian_stationary
2009-3143,2009,3143,car,person,95.596,99.9,0,,,0,44,10.069,276.7,292.0,29.3,124.6,0.0,124.6,-0.0,no,pedestrian_stationary
2135-3143,2135,3143,car,person,95.596,99.9,0,,,0,44,89.043,196.7,196.7,2.6,124.6,16.4,124.6,-68.1,yes,pedestrian_stationary
2199-3143,2199,3143,car,person,95.596,99.9,0,,,0,44,,419.0,419.0,0.0,124.6,0.0,124.6,-0.0,no,pedestrian_stationary
2206-3143,2206,3143,car,person,95.596,99.9,0,,,0,44,2.271,1.2,98.2,44.2,132.1,31.0,124.6,-106.4,yes,pedestrian_stationary
2233-3143,2233,3143,car,person,95.596,99.9,0,,,0,44,,656.5,656.5,0.0,124.6,0.0,124.6,-0.0,no,pedestrian_stationary
2237-3143,2237,3143,car,person,95.596,99.9,0,,,0,44,,318.9,318.9,0.0,124.6,0.0,124.6,-0.0,no,pedestrian_stationary
2299-3143,2299,3143,bus,person,95.596,99.9,0,,,0,44,4.907,4.3,965.7,204.4,220.6,220.6,124.6,-681.5,yes,pedestrian_stationary
2438-3143,2438,3143,car,person,95.596,99.9,0,,,0,44,,1514.1,1514.1,0.0,139.3,22.4,124.6,-92.4,yes,pedestrian_stationary
2463-3143,2463,3143,bus,person,95.596,99.9,0,,,0,44,,877.1,877.1,0.0,217.3,156.8,124.6,-118.2,yes,pedestrian_stationary
2470-3143,2470,3143,car,person,95.596,99.9,0,,,0,44,1.999,85.1,190.9,97.6,124.6,25.2,124.6,-71.6,yes,pedestrian_stationary
2488-3143,2488,3143,car,person,95.596,99.9,0,,,0,44,,1385.0,1385.0,0.0,143.7,25.2,124.6,-9.5,yes,pedestrian_stationary
2500-3143,2500,3143,bus,person,95.596,95.696,0,,,0,2,,829.1,829.1,0.0,0.0,0.0,0.0,,no,pedestrian_stationary
2534-3142,3142,2534,car,person,95.596,101.401,0,,,0,13,3.386,138.5,1174.6,346.9,350.4,350.4,220.7,-92.3,yes,vehicle_not_moving
2534-3145,3145,2534,bus,person,95.596,101.401,0,,,0,13,8.408,35.2,1512.5,183.1,220.7,0.0,220.7,,no,vehicle_not_moving
2586-3143,2586,3143,car,person,95.596,99.9,0,,,0,44,4.826,204.2,483.8,100.4,124.6,0.0,124.6,-0.0,no,pedestrian_stationary
2690-3142,3142,2690,car,person,95.596,96.997,0,,,0,15,18.091,47.5,2282.2,130.8,135.2,135.2,0.0,-92.3,yes,pedestrian_stationary
2690-3145,3145,2690,bus,person,95.596,96.997,0,,,0,15,,1060.1,1060.1,0.0,0.0,0.0,0.0,,no,pedestrian_stationary
2729-3143,2729,3143,car,person,95.596,99.9,0,,,0,44,233.582,1254.1,1710.4,7.5,132.1,12.4,124.6,-52.3,yes,pedestrian_stationary
2749-3143,2749,3143,truck,person,95.596,99.9,0,,,0,44,7.727,7.5,1154.0,149.3,163.2,163.2,124.6,-0.0,no,pedestrian_stationary
2758-3142,3142,2758,car,person,95.596,103.303,0,,,0,33,0.554,132.2,224.0,484.3,539.3,539.3,215.4,-92.3,yes,vehicle_not_moving
2758-3145,3145,2758,bus,person,95.596,103.303,0,,,0,33,8.278,95.7,1560.5,188.5,215.4,0.0,215.4,,no,vehicle_not_moving
2784-3142,3142,2784,car,person,95.596,108.008,0,,,0,53,0.765,52.0,259.2,472.3,541.7,541.7,225.6,-115.4,yes,vehicle_not_moving
2784-3145,3145,2784,bus,person,95.596,104.304,0,,,0,53,8.294,13.5,1219.4,177.6,225.6,0.0,225.6,,no,vehicle_not_moving
2785-3143,2785,3143,car,person,95.596,99.9,0,,,0,44,8.172,348.4,781.7,100.2,156.5,156.5,124.6,-313.1,yes,pedestrian_stationary
2855-3142,3142,2855,car,person,95.596,107.007,0,,,0,68,0.791,15.1,156.9,333.9,533.2,541.7,206.6,-115.4,yes,pedestrian_stationary
2855-3145,3145,2855,bus,person,95.596,104.304,0,,,0,68,9.361,17.2,1570.8,175.1,206.6,0.0,206.6,,no,pedestrian_stationary
2860-3143,2860,3143,car,person,95.596,99.9,0,,,0,44,,725.6,725.6,0.0,124.6,0.0,124.6,-0.0,no,pedestrian_stationary
2906-3142,3142,2906,car,person,95.596,100.4,0,,,0,6,7.177,20.5,1439.3,200.5,220.7,202.0,280.4,-92.3,yes,vehicle_not_moving
2906-3145,3145,2906,bus,person,95.596,100.4,0,,,0,6,7.158,194.7,1571.3,220.3,280.4,0.0,280.4,,no,vehicle_not_moving
2931-3142,3142,2931,car,person,95.596,95.696,0,,,0,2,,584.0,584.0,0.0,0.0,0.0,0.0,,no,pedestrian_stationary
2931-3145,3145,2931,bus,person,95.596,95.696,0,,,0,2,,2911.9,2911.9,0.0,0.0,0.0,0.0,,no,pedestrian_stationary
2933-3143,2933,3143,car,person,95.596,95.996,0,,,0,5,,1583.6,1583.6,0.0,108.3,0.0,108.3,,no,pedestrian_stationary
2952-3142,3142,2952,car,person,95.596,107.407,0,,,0,72,1.444,77.1,209.0,291.0,645.4,541.7,161.7,-115.4,yes,vehicle_not_moving
2952-3145,3145,2952,bus,person,95.596,104.304,0,,,0,72,,2389.9,2389.9,0.0,161.7,0.0,161.7,,no,vehicle_not_moving
2954-3142,3142,2954,car,person,95.596,98.098,0,,,0,26,10.154,30.9,1226.7,133.1,135.2,135.2,0.0,-92.3,yes,vehicle_not_moving
2954-3145,3145,2954,bus,person,95.596,98.098,0,,,0,26,,2048.4,2048.4,0.0,0.0,0.0,0.0,,no,vehicle_not_moving
2962-3142,3142,2962,car,person,95.596,104.504,0,,,0,44,0.55,42.8,156.3,485.2,541.7,541.7,225.0,-92.3,yes,vehicle_not_moving
2962-3145,3145,2962,bus,person,95.596,104.304,0,,,0,44,8.229,71.2,1545.7,200.8,225.0,0.0,225.0,,no,vehicle_not_moving
2975-3143,2975,3143,car,person,95.596,95.696,0,,,0,2,,1571.9,1571.9,0.0,0.0,0.0,0.0,,no,pedestrian_stationary
2979-3142,3142,2979,car,person,95.596,98.699,0,,,0,32,9.31,2.2,1102.2,133.7,135.2,135.2,0.0,-92.3,yes,vehicle_not_moving
2979-3145,3145,2979,bus,person,95.596,98.699,0,,,0,32,,2155.8,2155.8,0.0,0.0,0.0,0.0,,no,vehicle_not_moving
2990-3143,2990,3143,car,person,95.596,99.9,0,,,0,44,32.957,869.6,878.4,26.7,1155.9,1155.9,124.6,-895.0,yes,pedestrian_stationary
2994-3143,2994,3143,car,person,95.596,95.996,0,,,0,5,,1571.9,1571.9,0.0,108.3,0.0,108.3,,no,pedestrian_stationary
3005-3143,3005,3143,car,person,95.596,96.296,0,,,0,8,,1572.0,1572.0,0.0,108.3,0.0,108.3,,no,pedestrian_stationary
3008-3143,3008,3143,car,person,95.596,99.499,0,,,0,40,15.881,22.2,1960.7,123.5,124.6,56.0,124.6,-65.6,yes,pedestrian_stationary
3010-3143,3010,3143,car,person,95.596,96.897,0,,,0,14,10.727,4.8,1310.4,122.2,124.6,0.0,124.6,,no,pedestrian_stationary
3021-3143,3021,3143,car,person,95.596,99.9,0,,,0,44,,1572.0,1572.0,0.0,124.6,0.0,124.6,0.0,no,pedestrian_stationary
3022-3143,3022,3143,bus,person,95.596,99.199,0,,,0,37,,1410.3,1410.3,0.0,376.0,376.0,124.6,432.2,yes,pedestrian_stationary
3034-3142,3142,3034,car,person,95.596,97.898,0,,,0,24,15.876,29.7,1972.8,131.8,135.2,135.2,0.0,-92.3,yes,vehicle_not_moving
3034-3145,3145,3034,bus,person,95.596,97.898,0,,,0,24,,1314.9,1314.9,0.0,0.0,0.0,0.0,,no,vehicle_not_moving
3050-3143,3050,3143,bus,person,95.596,99.9,0,,,0,44,6.853,3.1,875.8,159.4,159.6,159.6,124.6,-100.4,yes,pedestrian_stationary
3084-3143,3084,3143,truck,person,95.596,98.198,0,,,0,27,10.724,5.8,1310.2,122.2,124.6,0.0,124.6,,no,pedestrian_stationary
3090-3143,3090,3143,car,person,95.596,99.9,0,,,0,44,11.077,2.9,1774.4,168.6,175.9,85.9,124.6,-116.7,yes,pedestrian_stationary
3111-3142,3142,3111,car,person,95.596,102.302,0,,,0,24,1.542,131.8,717.9,465.4,473.5,473.5,221.1,-92.3,yes,vehicle_not_moving
3111-3145,3145,3111,bus,person,95.596,102.302,0,,,0,24,9.001,43.0,1560.8,174.0,221.1,0.0,221.1,,no,vehicle_not_moving
3114-3142,3142,3114,car,person,95.596,102.803,0,,,0,73,0.459,109.2,112.7,413.8,508.7,508.7,142.1,-92.3,yes,vehicle_not_moving
3114-3145,3145,3114,bus,person,95.596,102.803,0,,,0,73,15.816,20.9,2095.9,139.8,142.1,0.0,142.1,,no,vehicle_not_moving
3122-3143,3122,3143,truck,person,95.596,99.099,0,,,0,36,10.726,6.5,1310.6,122.2,124.6,0.0,124.6,,no,pedestrian_stationary
3128-3142,3142,3128,car,person,95.596,101.401,0,,,0,59,0.351,11.1,100.4,305.0,350.4,350.4,188.3,-92.3,yes,vehicle_not_moving
3128-3145,3145,3128,bus,person,95.596,101.401,0,,,0,59,,2309.0,2309.0,0.0,188.3,0.0,188.3,,no,vehicle_not_moving
3142-3143,3142,3143,car,person,95.596,99.9,0,,,0,44,8.441,16.9,1728.0,237.3,238.5,148.8,124.6,-92.3,yes,pedestrian_stationary
3143-3145,3145,3143,bus,person,95.596,99.9,0,,,0,44,,1363.5,1363.5,0.0,124.6,0.0,124.6,,no,pedestrian_stationary
25-3147,25,3147,truck,person,95.696,124.324,0,,,0,202,7.212,343.4,727.3,122.5,129.1,34.3,129.1,-106.3,yes,pedestrian_stationary
855-3147,855,3147,car,person,95.696,98.899,0,,,0,33,21.176,1111.4,1187.8,59.2,129.1,0.0,129.1,,no,pedestrian_stationary
1469-3147,1469,3147,car,person,95.696,124.324,0,,,0,202,9.213,524.8,880.0,116.7,129.1,6.3,129.1,-30.4,no,pedestrian_stationary
1665-3147,1665,3147,truck,person,95.696,115.115,0,,,0,170,38.212,61.9,2038.8,64.7,139.5,125.5,129.1,-109.3,yes,pedestrian_stationary
2009-3147,2009,3147,car,person,95.696,124.324,0,,,0,202,19.03,82.5,454.5,47.8,379.5,379.5,129.1,-193.4,yes,pedestrian_stationary
2135-3147,2135,3147,car,person,95.696,124.324,0,,,0,202,22.9,158.0,158.0,33.3,389.3,389.3,129.1,-68.1,yes,pedestrian_stationary
2199-3147,2199,3147,car,person,95.696,124.324,0,,,0,202,42.269,226.5,226.5,26.1,312.5,312.5,129.1,-76.0,yes,pedestrian_stationary
2206-3147,2206,3147,car,person,95.696,124.324,0,,,0,202,36.121,19.9,371.5,29.4,395.0,395.0,129.1,-106.4,yes,pedestrian_stationary
2233-3147,2233,3147,car,person,95.696,121.722,0,,,0,202,4.987,285.9,303.7,67.7,129.1,112.9,129.1,-0.0,no,pedestrian_stationary
2237-3147,2237,3147,car,person,95.696,124.324,0,,,0,202,50.913,253.3,288.2,24.6,169.9,169.9,129.1,-14.5,no,pedestrian_stationary
2299-3147,2299,3147,bus,person,95.696,124.324,0,,,0,202,1.902,86.8,335.9,212.7,406.0,406.0,129.1,-681.5,yes,pedestrian_stationary
2438-3147,2438,3147,car,person,95.696,103.403,0,,,0,53,20.907,1079.7,1188.9,60.7,129.1,22.4,129.1,-67.8,yes,pedestrian_stationary
2463-3147,2463,3147,bus,person,95.696,108.108,0,,,0,100,,806.6,806.6,0.0,151.9,156.8,129.1,-118.2,yes,pedestrian_stationary
2470-3147,2470,3147,car,person,95.696,124.324,0,,,0,202,26.134,506.4,506.4,43.2,510.8,510.8,129.1,-533.2,yes,pedestrian_stationary
2488-3147,2488,3147,car,person,95.696,124.324,0,,,0,202,26.936,1072.4,1123.3,43.2,137.9,46.3,129.1,-76.3,yes,pedestrian_stationary
2500-3147,2500,3147,bus,person,95.696,95.696,0,,,0,1,,785.2,785.2,0.0,0.0,0.0,0.0,,no,pedestrian_stationary
2586-3147,2586,3147,car,person,95.696,124.324,0,,,0,202,25.151,89.7,776.8,50.9,334.3,334.3,129.1,-190.8,yes,pedestrian_stationary
2729-3147,2729,3147,car,person,95.696,111.612,0,,,0,135,19.53,1180.1,1307.2,74.0,138.1,14.0,129.1,-52.3,yes,pedestrian_stationary
2749-3147,2749,3147,truck,person,95.696,109.009,0,,,0,109,7.727,1117.8,1203.9,169.4,358.1,291.0,129.1,-67.8,yes,pedestrian_stationary
2785-3147,2785,3147,car,person,95.696,124.324,0,,,0,202,31.034,104.3,1100.0,53.2,331.8,391.5,129.1,-359.6,yes,pedestrian_stationary
2860-3147,2860,3147,car,person,95.696,124.324,0,,,0,202,91.03,286.1,702.1,15.8,129.1,20.3,129.1,-82.4,yes,pedestrian_stationary
2933-3147,2933,3147,car,person,95.696,95.996,0,,,0,4,39.789,1313.7,1366.0,34.3,129.1,0.0,129.1,,no,pedestrian_stationary
2975-3147,2975,3147,car,person,95.696,95.696,0,,,0,1,,1278.1,1278.1,0.0,0.0,0.0,0.0,,no,pedestrian_stationary
2990-3147,2990,3147,car,person,95.696,103.303,0,,,0,52,10.616,43.7,911.5,110.9,1045.4,1155.9,129.1,-895.0,yes,pedestrian_stationary
2994-3147,2994,3147,car,person,95.696,95.996,0,,,0,4,12.232,724.6,1245.9,101.9,129.1,0.0,129.1,,no,pedestrian_stationary
3005-3147,3005,3147,car,person,95.696,96.296,0,,,0,7,10.188,442.1,1206.1,118.4,129.1,0.0,129.1,,no,pedestrian_stationary
3008-3147,3008,3147,car,person,95.696,99.499,0,,,0,39,,2299.2,2299.2,0.0,157.2,47.9,129.1,-65.6,yes,pedestrian_stationary
3010-3147,3010,3147,car,person,95.696,96.897,0,,,0,13,,1646.1,1646.1,0.0,129.1,0.0,129.1,,no,pedestrian_stationary
3021-3147,3021,3147,car,person,95.696,99.9,0,,,0,43,7.804,343.2,835.8,122.5,129.1,0.0,129.1,0.0,no,pedestrian_stationary
3022-3147,3022,3147,bus,person,95.696,99.199,0,,,0,36,11.503,734.3,919.3,93.9,221.2,221.2,129.1,432.2,yes,pedestrian_stationary
3050-3147,3050,3147,bus,person,95.696,124.324,0,,,0,202,3.493,129.8,527.0,236.8,272.2,263.6,129.1,-252.1,yes,pedestrian_stationary
3084-3147,3084,3147,truck,person,95.696,98.198,0,,,0,26,,1646.0,1646.0,0.0,129.1,0.0,129.1,,no,pedestrian_stationary
3090-3147,3090,3147,car,person,95.696,118.618,0,,,0,202,5.975,198.7,1263.4,303.5,422.4,373.9,129.1,-116.7,yes,pedestrian_stationary
3122-3147,3122,3147,truck,person,95.696,99.099,0,,,0,35,,1646.4,1646.4,0.0,129.1,0.0,129.1,,no,pedestrian_stationary
3142-3147,3142,3147,car,person,95.696,113.914,0,,,0,158,3.312,413.4,1056.3,425.8,583.2,541.7,129.1,-115.4,yes,pedestrian_stationary
3145-3147,3145,3147,bus,person,95.696,104.304,0,,,0,62,9.522,571.1,728.0,105.2,129.1,0.0,129.1,,no,pedestrian_stationary
2534-3172,3172,2534,car,person,96.296,101.401,0,,,0,6,5.16,6.2,1302.2,332.7,342.6,142.2,220.7,-93.4,yes,vehicle_not_moving
2534-3176,3176,2534,car,person,96.296,100.3,0,,,0,6,10.475,44.6,1754.0,167.4,220.7,0.0,220.7,,no,vehicle_not_moving
2690-3172,3172,2690,car,person,96.296,96.997,0,,,0,8,9.514,173.2,1314.3,138.1,139.6,139.6,0.0,14.9,no,pedestrian_stationary
2690-3176,3176,2690,car,person,96.296,96.997,0,,,0,8,,1247.7,1247.7,0.0,0.0,0.0,0.0,,no,pedestrian_stationary
2758-3172,3172,2758,car,person,96.296,103.303,0,,,0,26,5.022,10.2,1350.2,302.5,316.0,142.2,215.4,-93.4,yes,vehicle_not_moving
2758-3176,3176,2758,car,person,96.296,100.3,0,,,0,26,10.099,3.1,1800.5,189.0,215.4,0.0,215.4,,no,vehicle_not_moving
2784-3172,3172,2784,car,person,96.296,105.205,0,,,0,46,5.321,8.4,1023.0,270.2,317.0,142.2,225.6,-93.4,yes,vehicle_not_moving
2784-3176,3176,2784,car,person,96.296,100.3,0,,,0,41,15.151,135.1,1990.6,131.4,200.5,0.0,200.5,,no,vehicle_not_moving
2855-3172,3172,2855,car,person,96.296,105.205,0,,,0,61,7.5,4.8,1359.2,240.3,244.4,142.2,206.6,-93.4,yes,vehicle_not_moving
2855-3176,3176,2855,car,person,96.296,100.3,0,,,0,41,16.925,6.3,2238.7,132.3,134.1,0.0,134.1,,no,vehicle_not_moving
2952-3172,3172,2952,car,person,96.296,105.205,0,,,0,65,19.769,24.0,2558.5,130.4,147.7,142.2,147.7,-93.4,yes,vehicle_not_moving
2952-3176,3176,2952,car,person,96.296,100.3,0,,,0,41,,2717.4,2717.4,0.0,147.7,0.0,147.7,,no,vehicle_not_moving
2954-3172,3172,2954,car,person,96.296,98.098,0,,,0,19,15.705,20.0,2100.4,141.7,142.2,142.2,0.0,-41.6,yes,pedestrian_stationary
2954-3176,3176,2954,car,person,96.296,98.098,0,,,0,19,,2270.0,2270.0,0.0,0.0,0.0,0.0,,no,pedestrian_stationary
2962-3172,3172,2962,car,person,96.296,104.504,0,,,0,37,4.952,28.7,1333.4,297.3,313.0,142.2,225.0,-93.4,yes,vehicle_not_moving
2962-3176,3176,2962,car,person,96.296,100.3,0,,,0,37,10.402,0.6,1835.8,181.3,225.0,0.0,225.0,,no,vehicle_not_moving
2979-3172,3172,2979,car,person,96.296,98.699,0,,,0,25,16.456,27.3,2172.2,141.4,142.2,142.2,0.0,-48.0,yes,vehicle_not_moving
2979-3176,3176,2979,car,person,96.296,98.699,0,,,0,25,,2380.9,2380.9,0.0,0.0,0.0,0.0,,no,vehicle_not_moving
3034-3172,3172,3034,car,person,96.296,97.898,0,,,0,17,10.743,17.0,1427.4,142.0,142.2,142.2,0.0,-41.6,yes,pedestrian_stationary
3034-3176,3176,3034,car,person,96.296,97.898,0,,,0,17,,1524.7,1524.7,0.0,0.0,0.0,0.0,,no,pedestrian_stationary
3111-3172,3172,3111,car,person,96.296,102.302,0,,,0,17,5.037,1.0,1350.4,321.1,340.7,142.2,221.1,-93.4,yes,vehicle_not_moving
3111-3176,3176,3111,car,person,96.296,100.3,0,,,0,17,11.626,79.9,1801.1,154.9,221.1,0.0,221.1,,no,vehicle_not_moving
3114-3172,3172,3114,car,person,96.296,102.803,0,,,0,66,8.151,59.5,1884.7,269.9,272.5,142.2,142.1,-93.4,yes,vehicle_not_moving
3114-3176,3176,3114,car,person,96.296,100.3,0,,,0,41,17.438,8.5,2325.0,141.8,142.1,0.0,142.1,,no,vehicle_not_moving
3128-3172,3172,3128,car,person,96.296,101.401,0,,,0,52,20.36,12.8,2389.9,129.8,188.3,142.2,188.3,-93.4,yes,vehicle_not_moving
3128-3176,3176,3128,car,person,96.296,100.3,0,,,0,41,,2664.7,2664.7,0.0,188.3,0.0,188.3,,no,vehicle_not_moving
3143-3172,3172,3143,car,person,96.296,99.9,0,,,0,37,10.709,0.8,1311.2,142.2,142.2,142.2,124.6,-93.4,yes,vehicle_not_moving
3143-3176,3176,3143,car,person,96.296,99.9,0,,,0,37,,1613.3,1613.3,0.0,124.6,0.0,124.6,,no,vehicle_not_moving
3147-3172,3172,3147,car,person,96.296,105.205,0,,,0,65,5.305,555.8,784.9,222.9,256.6,142.2,129.1,-93.4,yes,vehicle_not_moving
3147-3176,3176,3147,car,person,96.296,100.3,0,,,0,39,7.225,345.3,810.9,122.4,129.1,0.0,129.1,,no,vehicle_not_moving
2534-3183,3183,2534,truck,person,96.396,100.701,0,,,0,5,,990.0,990.0,0.0,220.7,0.0,220.7,0.0,no,vehicle_not_moving
2690-3183,3183,2690,truck,person,96.396,96.997,0,,,0,7,,1675.3,1675.3,0.0,0.0,0.0,0.0,0.0,no,pedestrian_stationary
2758-3183,3183,2758,truck,person,96.396,100.701,0,,,0,25,,646.5,646.5,0.0,215.4,0.0,215.4,0.0,no,vehicle_not_moving
2784-3183,3183,2784,truck,person,96.396,100.701,0,,,0,44,,507.9,507.9,0.0,200.5,0.0,200.5,0.0,no,vehicle_not_moving
2855-3183,3183,2855,truck,person,96.396,100.701,0,,,0,44,,305.9,305.9,0.0,141.1,0.0,141.1,0.0,no,vehicle_not_moving
2952-3183,3183,2952,truck,person,96.396,100.701,0,,,0,44,1.362,78.8,142.0,120.1,142.5,0.0,142.5,0.0,no,vehicle_not_moving
2954-3183,3183,2954,truck,person,96.396,98.098,0,,,0,18,,653.0,653.0,0.0,0.0,0.0,0.0,0.0,no,pedestrian_stationary
2962-3183,3183,2962,truck,person,96.396,100.701,0,,,0,36,,450.2,450.2,0.0,225.0,0.0,225.0,0.0,no,vehicle_not_moving
2979-3183,3183,2979,truck,person,96.396,98.699,0,,,0,24,,544.0,544.0,0.0,0.0,0.0,0.0,0.0,no,vehicle_not_moving
3034-3183,3183,3034,truck,person,96.396,97.898,0,,,0,16,,1397.7,1397.7,0.0,0.0,0.0,0.0,0.0,no,pedestrian_stationary
3111-3183,3183,3111,truck,person,96.396,100.701,0,,,0,16,,833.1,833.1,0.0,221.1,0.0,221.1,0.0,no,vehicle_not_moving
3114-3183,3183,3114,truck,person,96.396,100.701,0,,,0,44,,339.1,339.1,0.0,142.1,0.0,142.1,0.0,no,vehicle_not_moving
3128-3183,3183,3128,truck,person,96.396,100.701,0,,,0,44,1.006,66.8,119.3,174.5,183.7,0.0,183.7,0.0,no,vehicle_not_moving
3143-3183,3183,3143,truck,person,96.396,99.9,0,,,0,36,10.718,124.5,1309.2,122.2,124.6,0.0,124.6,0.0,no,vehicle_not_moving
3147-3183,3183,3147,truck,person,96.396,100.701,0,,,0,38,,1731.1,1731.1,0.0,129.1,0.0,129.1,0.0,no,vehicle_not_moving
25-3187,25,3187,truck,person,96.496,102.202,0,,,0,15,5.895,16.1,987.7,172.8,219.9,0.0,219.9,-0.0,no,pedestrian_stationary
855-3187,855,3187,car,person,96.496,98.899,0,,,0,15,4.973,224.4,1069.3,215.0,219.9,0.0,219.9,,no,pedestrian_stationary
1469-3187,1469,3187,car,person,96.496,102.202,0,,,0,15,5.848,104.7,1077.7,185.2,219.9,0.0,219.9,-0.0,no,pedestrian_stationary
1665-3187,1665,3187,truck,person,96.496,102.202,0,,,0,15,74.325,951.9,2043.4,31.0,219.9,43.7,219.9,-109.3,yes,pedestrian_stationary
2009-3187,2009,3187,car,person,96.496,102.202,0,,,0,15,,457.5,457.5,0.0,219.9,0.0,219.9,-0.0,no,pedestrian_stationary
2135-3187,2135,3187,car,person,96.496,102.202,0,,,0,15,,163.2,163.2,0.0,219.9,16.4,219.9,-68.1,yes,pedestrian_stationary
2199-3187,2199,3187,car,person,96.496,102.202,0,,,0,15,5.536,202.7,215.5,39.2,219.9,0.0,219.9,-0.0,no,pedestrian_stationary
2206-3187,2206,3187,car,person,96.496,102.202,0,,,0,15,29.968,339.2,370.4,12.5,225.2,31.0,219.9,-106.4,yes,pedestrian_stationary
2233-3187,2233,3187,car,person,96.496,102.202,0,,,0,15,0.815,73.8,157.8,194.7,219.9,0.0,219.9,-0.0,no,pedestrian_stationary
2237-3187,2237,3187,car,person,96.496,102.202,0,,,0,15,,287.6,287.6,0.0,219.9,0.0,219.9,-0.0,no,pedestrian_stationary
2299-3187,2299,3187,bus,person,96.496,102.202,0,,,0,15,1.888,48.7,378.8,278.1,292.6,220.6,219.9,-681.5,yes,pedestrian_stationary
2438-3187,2438,3187,car,person,96.496,102.202,0,,,0,15,5.655,107.9,1109.2,197.1,198.0,22.4,219.9,-67.8,yes,pedestrian_stationary
2463-3187,2463,3187,bus,person,96.496,102.202,0,,,0,15,6.542,1.4,809.3,125.8,156.8,156.8,219.9,-118.2,yes,pedestrian_stationary
2470-3187,2470,3187,car,person,96.496,102.202,0,,,0,15,,509.9,509.9,0.0,219.9,25.2,219.9,-71.6,yes,pedestrian_stationary
2488-3187,2488,3187,car,person,96.496,102.202,0,,,0,15,5.122,132.1,1008.8,197.8,199.6,23.4,219.9,-66.5,yes,pedestrian_stationary
2586-3187,2586,3187,car,person,96.496,102.202,0,,,0,15,,779.9,779.9,0.0,219.9,0.0,219.9,-0.0,no,pedestrian_stationary
2729-3187,2729,3187,car,person,96.496,102.202,0,,,0,15,5.61,118.0,1258.4,224.3,225.3,12.4,219.9,-52.3,yes,pedestrian_stationary
2749-3187,2749,3187,truck,person,96.496,102.202,0,,,0,15,5.914,571.2,1303.6,249.8,269.5,269.5,219.9,-67.8,yes,pedestrian_stationary
2785-3187,2785,3187,car,person,96.496,102.202,0,,,0,15,233.531,1104.0,1104.0,6.0,195.8,156.5,219.9,-359.6,yes,pedestrian_stationary
2860-3187,2860,3187,car,person,96.496,102.202,0,,,0,15,8.853,646.8,683.7,78.2,219.9,0.0,219.9,-0.0,no,pedestrian_stationary
2990-3187,2990,3187,car,person,96.496,102.202,0,,,0,15,73.663,990.8,990.8,13.8,1155.9,1155.9,219.9,-895.0,yes,pedestrian_stationary
3008-3187,3008,3187,car,person,96.496,99.499,0,,,0,15,,2302.7,2302.7,0.0,219.9,0.0,219.9,,no,pedestrian_stationary
3010-3187,3010,3187,car,person,96.496,96.897,0,,,0,5,,1649.6,1649.6,0.0,144.3,0.0,144.3,,no,pedestrian_stationary
3021-3187,3021,3187,car,person,96.496,99.9,0,,,0,15,5.895,15.7,988.1,172.8,219.9,0.0,219.9,0.0,no,pedestrian_stationary
3022-3187,3022,3187,bus,person,96.496,99.199,0,,,0,15,4.064,24.8,877.5,215.9,219.9,0.0,219.9,,no,pedestrian_stationary
3050-3187,3050,3187,bus,person,96.496,102.202,0,,,0,15,1.354,46.7,281.7,364.4,369.5,159.6,219.9,-133.0,yes,pedestrian_stationary
3084-3187,3084,3187,truck,person,96.496,98.198,0,,,0,15,,1649.5,1649.5,0.0,203.7,0.0,203.7,,no,pedestrian_stationary
3090-3187,3090,3187,car,person,96.496,102.202,0,,,0,15,8.047,1.0,2040.8,259.1,267.2,267.2,219.9,-116.7,yes,pedestrian_stationary
3122-3187,3122,3187,truck,person,96.496,99.099,0,,,0,15,,1649.9,1649.9,0.0,219.9,0.0,219.9,,no,pedestrian_stationary
3142-3187,3142,3187,car,person,96.496,102.202,0,,,0,15,3.529,352.7,1576.0,446.7,463.4,463.4,219.9,-92.3,yes,pedestrian_stationary
3145-3187,3145,3187,bus,person,96.496,102.202,0,,,0,15,3.895,33.6,794.9,205.3,219.9,0.0,219.9,,no,pedestrian_stationary
3172-3187,3172,3187,car,person,96.496,102.202,0,,,0,15,2.712,43.7,682.1,341.4,342.6,142.2,219.9,-93.4,yes,pedestrian_stationary
3176-3187,3176,3187,car,person,96.496,100.3,0,,,0,15,5.889,17.8,988.3,173.0,219.9,0.0,219.9,,no,pedestrian_stationary
3183-3187,3183,3187,truck,person,96.496,100.701,0,,,0,15,,1648.9,1648.9,0.0,219.9,0.0,219.9,0.0,no,pedestrian_stationary
2534-3194,3194,2534,car,person,96.597,101.101,0,,,0,3,,1678.7,1678.7,0.0,247.3,94.0,220.7,-179.9,yes,vehicle_not_moving
2690-3194,3194,2690,car,person,96.597,96.997,0,,,0,5,,2334.3,2334.3,0.0,57.2,57.2,0.0,-179.9,yes,pedestrian_stationary
2758-3194,3194,2758,car,person,96.597,101.101,0,,,0,23,,1324.7,1324.7,0.0,215.4,94.0,215.4,-179.9,yes,vehicle_not_moving
2784-3194,3194,2784,car,person,96.597,101.101,0,,,0,43,19.692,901.0,1149.2,58.4,245.3,94.0,225.6,-179.9,yes,vehicle_not_moving
2855-3194,3194,2855,car,person,96.597,101.101,0,,,0,46,,961.5,961.5,0.0,164.3,94.0,147.3,-179.9,yes,vehicle_not_moving
2952-3194,3194,2952,car,person,96.597,101.101,0,,,0,46,3.228,28.6,304.5,141.2,147.2,94.0,141.8,-179.9,yes,vehicle_not_moving
2954-3194,3194,2954,car,person,96.597,98.098,0,,,0,16,20.689,967.5,1305.2,63.1,94.0,94.0,0.0,-179.9,yes,pedestrian_stationary
2962-3194,3194,2962,car,person,96.597,101.101,0,,,0,34,,1134.4,1134.4,0.0,225.0,94.0,225.0,-179.9,yes,vehicle_not_moving
2979-3194,3194,2979,car,person,96.597,98.699,0,,,0,22,19.227,896.3,1194.3,62.1,94.0,94.0,0.0,-179.9,yes,vehicle_not_moving
3034-3194,3194,3034,car,person,96.597,97.898,0,,,0,14,32.588,1523.2,2050.5,62.9,94.0,94.0,0.0,-179.9,yes,pedestrian_stationary
3111-3194,3194,3111,car,person,96.597,101.101,0,,,0,14,,1507.2,1507.2,0.0,221.1,94.0,221.1,-179.9,yes,vehicle_not_moving
3114-3194,3194,3114,car,person,96.597,101.101,0,,,0,46,,1007.1,1007.1,0.0,168.8,94.0,137.9,-179.9,yes,vehicle_not_moving
3128-3194,3194,3128,car,person,96.597,101.101,0,,,0,46,3.558,22.5,724.2,203.5,239.2,94.0,183.7,-179.9,yes,vehicle_not_moving
3143-3194,3194,3143,car,person,96.597,99.9,0,,,0,34,31.241,1459.7,1961.8,62.8,94.0,94.0,0.0,-179.9,yes,vehicle_not_moving
3147-3194,3194,3147,car,person,96.597,101.101,0,,,0,36,,2413.5,2413.5,0.0,156.0,94.0,129.1,-179.9,yes,vehicle_not_moving
3187-3194,3194,3187,car,person,96.597,101.101,0,,,0,14,,2313.5,2313.5,0.0,219.9,94.0,219.9,-179.9,yes,pedestrian_stationary
2534-3196,3196,2534,car,person,96.697,101.301,0,,,0,2,10.477,656.0,1753.9,167.4,220.7,0.0,220.7,0.0,no,vehicle_not_moving
2690-3196,3196,2690,car,person,96.697,96.997,0,,,0,4,,1247.3,1247.3,0.0,0.0,0.0,0.0,0.0,no,pedestrian_stationary
2758-3196,3196,2758,car,person,96.697,101.301,0,,,0,22,10.1,2.2,1800.4,189.0,215.4,0.0,215.4,0.0,no,vehicle_not_moving
2784-3196,3196,2784,car,person,96.697,101.301,0,,,0,42,12.269,15.5,1844.6,151.4,225.6,0.0,225.6,0.0,no,vehicle_not_moving
2855-3196,3196,2855,car,person,96.697,101.301,0,,,0,47,13.862,7.1,2091.6,150.9,151.7,0.0,151.7,0.0,no,vehicle_not_moving
2952-3196,3196,2952,car,person,96.697,101.301,0,,,0,47,,2771.3,2771.3,0.0,140.8,0.0,140.8,0.0,no,vehicle_not_moving
2954-3196,3196,2954,car,person,96.697,98.098,0,,,0,15,,2269.7,2269.7,0.0,0.0,0.0,0.0,0.0,no,pedestrian_stationary
2962-3196,3196,2962,car,person,96.697,101.301,0,,,0,33,10.405,1.5,1784.3,181.3,225.0,0.0,225.0,0.0,no,vehicle_not_moving
2979-3196,3196,2979,car,person,96.697,98.699,0,,,0,21,,2380.5,2380.5,0.0,0.0,0.0,0.0,0.0,no,vehicle_not_moving
3034-3196,3196,3034,car,person,96.697,97.898,0,,,0,13,,1524.3,1524.3,0.0,0.0,0.0,0.0,0.0,no,pedestrian_stationary
3111-3196,3196,3111,car,person,96.697,101.301,0,,,0,13,11.63,80.8,1801.0,154.9,221.1,0.0,221.1,0.0,no,vehicle_not_moving
3114-3196,3196,3114,car,person,96.697,101.301,0,,,0,47,17.436,11.1,2324.8,136.7,137.9,0.0,137.9,0.0,no,vehicle_not_moving
3128-3196,3196,3128,car,person,96.697,101.301,0,,,0,47,,2726.0,2726.0,0.0,183.7,0.0,183.7,0.0,no,vehicle_not_moving
3143-3196,3196,3143,car,person,96.697,99.9,0,,,0,33,,1613.0,1613.0,0.0,0.0,0.0,0.0,0.0,no,vehicle_not_moving
3147-3196,3196,3147,car,person,96.697,101.301,0,,,0,35,7.218,345.2,750.5,117.3,129.1,0.0,129.1,0.0,no,vehicle_not_moving
3187-3196,3196,3187,car,person,96.697,101.301,0,,,0,13,5.891,17.4,988.1,172.9,219.9,0.0,219.9,0.0,no,vehicle_not_moving
25-3207,25,3207,truck,person,96.897,113.714,0,,,0,124,2948.135,1898.0,1898.0,1.1,155.5,34.3,155.5,-106.3,yes,pedestrian_stationary
855-3207,855,3207,car,person,96.897,98.899,0,,,0,21,,1752.1,1752.1,0.0,102.8,0.0,102.8,,no,pedestrian_stationary
1469-3207,1469,3207,car,person,96.897,113.714,0,,,0,124,,1980.6,1980.6,0.0,155.5,6.3,155.5,-30.4,no,pedestrian_stationary
1665-3207,1665,3207,truck,person,96.897,113.714,0,,,0,124,11.112,464.7,1178.5,111.4,153.9,125.5,155.5,-109.3,yes,pedestrian_stationary
2009-3207,2009,3207,car,person,96.897,113.714,0,,,0,124,,386.6,386.6,0.0,155.5,0.0,155.5,-0.0,no,pedestrian_stationary
2135-3207,2135,3207,car,person,96.897,113.714,0,,,0,124,84.692,440.7,498.4,6.0,155.5,16.4,155.5,-68.1,yes,pedestrian_stationary
2199-3207,2199,3207,car,person,96.897,113.714,0,,,0,124,,728.5,728.5,0.0,155.5,0.0,155.5,-0.0,no,pedestrian_stationary
2206-3207,2206,3207,car,person,96.897,113.714,0,,,0,124,153.812,301.7,301.7,9.9,155.5,17.1,155.5,-58.7,yes,pedestrian_stationary
2233-3207,2233,3207,car,person,96.897,113.714,0,,,0,124,,973.1,973.1,0.0,155.5,0.0,155.5,-0.0,no,pedestrian_stationary
2237-3207,2237,3207,car,person,96.897,113.714,0,,,0,124,,588.1,588.1,0.0,155.5,0.0,155.5,-0.0,no,pedestrian_stationary
2299-3207,2299,3207,bus,person,96.897,113.714,0,,,0,124,11.778,47.8,1305.5,124.6,265.6,220.6,155.5,-681.5,yes,pedestrian_stationary
2438-3207,2438,3207,car,person,96.897,103.403,0,,,0,66,,1802.1,1802.1,0.0,131.8,22.4,131.8,-67.8,yes,pedestrian_stationary
2463-3207,2463,3207,bus,person,96.897,108.108,0,,,0,113,,1201.0,1201.0,0.0,239.5,156.8,153.9,-118.2,yes,pedestrian_stationary
2470-3207,2470,3207,car,person,96.897,113.714,0,,,0,124,20.288,48.6,174.3,61.2,158.1,62.3,155.5,-73.2,yes,pedestrian_stationary
2488-3207,2488,3207,car,person,96.897,113.714,0,,,0,124,,1682.6,1682.6,0.0,155.5,46.3,155.5,-76.3,yes,pedestrian_stationary
2586-3207,2586,3207,car,person,96.897,113.714,0,,,0,124,5.966,245.1,262.6,48.6,155.5,0.0,155.5,-0.0,no,pedestrian_stationary
2729-3207,2729,3207,car,person,96.897,111.612,0,,,0,124,,1996.3,1996.3,0.0,155.5,14.0,155.5,-52.3,yes,pedestrian_stationary
2749-3207,2749,3207,truck,person,96.897,109.009,0,,,0,122,1.011,25.5,182.9,314.2,413.2,291.0,153.9,-67.8,yes,pedestrian_stationary
2785-3207,2785,3207,car,person,96.897,113.714,0,,,0,124,4.837,13.5,418.5,107.2,161.9,156.5,155.5,-359.6,yes,pedestrian_stationary
2860-3207,2860,3207,car,person,96.897,113.714,0,,,0,124,,905.5,905.5,0.0,155.5,6.7,155.5,-16.6,no,pedestrian_stationary
2990-3207,2990,3207,car,person,96.897,103.303,0,,,0,65,,898.7,898.7,0.0,1226.9,1155.9,131.8,-895.0,yes,pedestrian_stationary
3008-3207,3008,3207,car,person,96.897,99.499,0,,,0,27,16.206,16.2,1494.2,102.1,102.8,0.0,102.8,,no,pedestrian_stationary
3010-3207,3010,3207,car,person,96.897,96.897,0,,,0,1,,1026.7,1026.7,0.0,0.0,0.0,0.0,,no,pedestrian_stationary
3021-3207,3021,3207,car,person,96.897,99.9,0,,,0,31,,1898.5,1898.5,0.0,102.8,0.0,102.8,,no,pedestrian_stationary
3022-3207,3022,3207,bus,person,96.897,99.199,0,,,0,24,,1716.1,1716.1,0.0,102.8,0.0,102.8,,no,pedestrian_stationary
3050-3207,3050,3207,bus,person,96.897,113.714,0,,,0,124,10.225,13.3,1343.7,146.9,212.7,157.0,155.5,-252.1,yes,pedestrian_stationary
3084-3207,3084,3207,truck,person,96.897,98.198,0,,,0,14,9.793,25.9,937.2,102.7,102.8,0.0,102.8,,no,pedestrian_stationary
3090-3207,3090,3207,car,person,96.897,113.714,0,,,2,124,0.582,3.2,166.7,392.3,485.4,373.9,155.5,-116.7,yes,pedestrian_stationary
3122-3207,3122,3207,truck,person,96.897,99.099,0,,,0,23,9.796,1.9,848.4,102.7,102.8,0.0,102.8,,no,pedestrian_stationary
3145-3207,3145,3207,bus,person,96.897,104.304,0,,,0,75,,1677.2,1677.2,0.0,153.9,0.0,153.9,,no,pedestrian_stationary
3172-3207,3172,3207,car,person,96.897,105.205,0,,,0,84,13.529,2.5,1762.0,139.3,153.9,142.2,153.9,-93.4,yes,pedestrian_stationary
3176-3207,3176,3207,car,person,96.897,100.3,0,,,0,35,,1898.6,1898.6,0.0,102.8,0.0,102.8,,no,pedestrian_stationary
3183-3207,3183,3207,truck,person,96.897,100.701,0,,,0,39,9.141,4.0,753.6,102.7,102.8,0.0,102.8,0.0,no,pedestrian_stationary
3194-3207,3194,3207,car,person,96.897,101.101,0,,,0,43,11.34,1.0,1364.4,142.7,158.1,94.0,102.8,-179.9,yes,pedestrian_stationary
3196-3207,3196,3207,car,person,96.897,101.301,0,,,0,45,,1898.2,1898.2,0.0,102.8,0.0,102.8,0.0,no,pedestrian_stationary
25-3213,25,3213,truck,person,96.997,102.903,0,,,0,60,12.723,4.5,1550.7,123.8,123.8,0.0,123.8,-0.0,no,pedestrian_stationary
855-3213,855,3213,car,person,96.997,98.899,0,,,0,20,14.788,862.6,1485.9,101.1,123.8,0.0,123.8,,no,pedestrian_stationary
1469-3213,1469,3213,car,person,96.997,102.903,0,,,0,60,13.477,62.2,1636.8,123.2,123.8,0.0,123.8,-0.0,no,pedestrian_stationary
1665-3213,1665,3213,truck,person,96.997,102.903,0,,,0,60,64.228,972.7,1795.5,28.3,123.8,43.7,123.8,-109.3,yes,pedestrian_stationary
2009-3213,2009,3213,car,person,96.997,102.903,0,,,0,60,,286.6,286.6,0.0,123.8,0.0,123.8,-0.0,no,pedestrian_stationary
2135-3213,2135,3213,car,person,96.997,102.903,0,,,0,60,2.126,115.4,176.2,90.2,133.5,16.4,123.8,-68.1,yes,pedestrian_stationary
2199-3213,2199,3213,car,person,96.997,102.903,0,,,0,60,3.663,130.6,401.1,115.7,123.8,0.0,123.8,-0.0,no,pedestrian_stationary
2206-3213,2206,3213,car,person,96.997,102.903,0,,,0,60,7.469,30.6,112.3,15.2,125.5,17.1,123.8,-54.2,yes,pedestrian_stationary
2233-3213,2233,3213,car,person,96.997,102.903,0,,,0,60,5.477,112.6,637.0,120.5,123.8,0.0,123.8,-0.0,no,pedestrian_stationary
2237-3213,2237,3213,car,person,96.997,102.903,0,,,0,60,3.677,215.1,308.0,88.4,123.8,0.0,123.8,-0.0,no,pedestrian_stationary
2299-3213,2299,3213,bus,person,96.997,102.903,0,,,0,60,3.22,14.1,938.9,292.3,293.1,220.6,123.8,-681.5,yes,pedestrian_stationary
2438-3213,2438,3213,car,person,96.997,102.903,0,,,0,60,14.77,780.2,1542.3,105.4,123.8,22.4,123.8,-67.8,yes,pedestrian_stationary
2463-3213,2463,3213,bus,person,96.997,102.903,0,,,0,60,,1002.9,1002.9,0.0,140.6,156.8,123.8,-118.2,yes,pedestrian_stationary
2470-3213,2470,3213,car,person,96.997,102.903,0,,,0,60,18.573,159.5,209.2,11.8,131.5,25.2,123.8,-71.6,yes,pedestrian_stationary
2488-3213,2488,3213,car,person,96.997,102.903,0,,,0,60,17.329,833.3,1429.6,83.6,103.8,23.4,123.8,-66.5,yes,pedestrian_stationary
2586-3213,2586,3213,car,person,96.997,102.903,0,,,0,60,43.747,374.9,496.8,11.6,123.8,0.0,123.8,-0.0,no,pedestrian_stationary
2729-3213,2729,3213,car,person,96.997,102.903,0,,,0,60,16.236,787.7,1711.9,106.7,123.8,13.0,123.8,-52.3,yes,pedestrian_stationary
2749-3213,2749,3213,truck,person,96.997,102.903,0,,,0,60,3.185,409.9,542.8,244.3,269.5,269.5,123.8,-67.8,yes,pedestrian_stationary
2785-3213,2785,3213,car,person,96.997,102.903,0,,,0,60,21.823,609.2,803.9,37.3,182.0,156.5,123.8,-359.6,yes,pedestrian_stationary
2860-3213,2860,3213,car,person,96.997,102.903,0,,,0,60,12.709,628.5,721.2,57.7,123.8,0.0,123.8,-0.0,no,pedestrian_stationary
2990-3213,2990,3213,car,person,96.997,102.903,0,,,0,60,,906.7,906.7,0.0,1067.5,1155.9,123.8,-895.0,yes,pedestrian_stationary
3008-3213,3008,3213,car,person,96.997,99.499,0,,,0,26,121.129,601.3,1974.8,16.4,123.8,0.0,123.8,,no,pedestrian_stationary
3021-3213,3021,3213,car,person,96.997,99.9,0,,,0,30,12.724,4.3,1551.1,123.8,123.8,0.0,123.8,,no,pedestrian_stationary
3022-3213,3022,3213,bus,person,96.997,99.199,0,,,0,23,12.051,447.4,1392.6,117.4,123.8,0.0,123.8,,no,pedestrian_stationary
3050-3213,3050,3213,bus,person,96.997,102.903,0,,,0,60,3.875,4.9,719.5,268.5,269.2,157.0,123.8,-133.0,yes,pedestrian_stationary
3084-3213,3084,3213,truck,person,96.997,98.198,0,,,0,13,83.132,478.4,1323.7,16.1,123.8,0.0,123.8,,no,pedestrian_stationary
3090-3213,3090,3213,car,person,96.997,102.903,0,,,0,60,4.844,6.1,1290.1,266.3,286.3,286.3,123.8,-116.7,yes,pedestrian_stationary
3122-3213,3122,3213,truck,person,96.997,99.099,0,,,0,22,83.138,477.9,1324.1,16.1,123.8,0.0,123.8,,no,pedestrian_stationary
3142-3213,3142,3213,car,person,96.997,102.903,0,,,0,60,1.52,125.1,683.7,464.7,515.1,515.1,123.8,-60.1,yes,pedestrian_stationary
3145-3213,3145,3213,bus,person,96.997,102.903,0,,,0,60,11.271,205.9,1336.5,121.1,123.8,0.0,123.8,,no,pedestrian_stationary
3172-3213,3172,3213,car,person,96.997,102.903,0,,,0,60,5.722,17.2,1157.4,251.6,252.9,142.2,123.8,-93.4,yes,pedestrian_stationary
3176-3213,3176,3213,car,person,96.997,100.3,0,,,0,34,12.725,5.6,1551.3,123.8,123.8,0.0,123.8,,no,pedestrian_stationary
3183-3213,3183,3213,truck,person,96.997,100.701,0,,,0,38,83.071,475.8,1323.8,16.1,123.8,0.0,123.8,0.0,no,pedestrian_stationary
3194-3213,3194,3213,car,person,96.997,101.101,0,,,0,42,31.303,1464.0,1975.9,63.3,123.8,94.0,123.8,-179.9,yes,pedestrian_stationary
3196-3213,3196,3213,car,person,96.997,101.301,0,,,0,44,12.724,5.6,1551.1,123.8,123.8,0.0,123.8,0.0,no,pedestrian_stationary
2758-3217,3217,2758,car,person,97.097,101.001,0,,,0,18,,593.0,593.0,0.0,215.4,0.0,215.4,,no,vehicle_not_moving
2784-3217,3217,2784,car,person,97.097,101.001,0,,,0,38,4.45,442.6,578.4,132.6,211.0,0.0,211.0,,no,vehicle_not_moving
2855-3217,3217,2855,car,person,97.097,101.001,0,,,0,40,9.561,498.2,553.6,63.4,146.4,0.0,146.4,,no,vehicle_not_moving
2952-3217,3217,2952,car,person,97.097,101.001,0,,,0,40,,680.5,680.5,0.0,135.2,0.0,135.2,,no,vehicle_not_moving
2954-3217,3217,2954,car,person,97.097,98.098,0,,,0,11,,549.9,549.9,0.0,0.0,0.0,0.0,,no,pedestrian_stationary
2962-3217,3217,2962,car,person,97.097,101.001,0,,,0,29,68.526,546.5,546.7,8.0,225.0,0.0,225.0,,no,vehicle_not_moving
2979-3217,3217,2979,car,person,97.097,98.699,0,,,0,17,,549.1,549.1,0.0,0.0,0.0,0.0,,no,pedestrian_stationary
3034-3217,3217,3034,car,person,97.097,97.898,0,,,0,9,,1034.8,1034.8,0.0,0.0,0.0,0.0,,no,pedestrian_stationary
3111-3217,3217,3111,car,person,97.097,101.001,0,,,0,9,,666.8,666.8,0.0,221.1,0.0,221.1,,no,vehicle_not_moving
3114-3217,3217,3114,car,person,97.097,101.001,0,,,0,40,8.213,471.4,542.6,66.3,137.9,0.0,137.9,,no,vehicle_not_moving
3128-3217,3217,3128,car,person,97.097,101.001,0,,,0,40,,689.2,689.2,0.0,183.7,0.0,183.7,,no,vehicle_not_moving
3143-3217,3217,3143,car,person,97.097,99.9,0,,,0,29,,961.9,961.9,0.0,0.0,0.0,0.0,,no,vehicle_not_moving
3147-3217,3217,3147,car,person,97.097,101.001,0,,,0,31,,1366.9,1366.9,0.0,129.1,0.0,129.1,,no,vehicle_not_moving
3187-3217,3217,3187,car,person,97.097,101.001,0,,,0,9,,1314.6,1314.6,0.0,219.9,0.0,219.9,,no,vehicle_not_moving
3207-3217,3217,3207,car,person,97.097,101.001,0,,,0,40,9.767,342.2,592.3,75.2,102.8,0.0,102.8,,no,vehicle_not_moving
3213-3217,3217,3213,car,person,97.097,101.001,0,,,0,40,92.134,769.9,968.5,10.6,123.8,0.0,123.8,,no,pedestrian_stationary
25-3229,25,3229,truck,person,97.197,101.602,0,,,0,1,9.251,934.9,1478.1,159.8,298.0,0.0,298.0,-0.0,no,pedestrian_stationary
855-3229,855,3229,car,person,97.197,98.899,0,,,0,1,5.142,21.2,1364.3,277.3,298.0,0.0,298.0,,no,pedestrian_stationary
1469-3229,1469,3229,car,person,97.197,101.602,0,,,0,1,8.815,843.0,1554.9,182.3,298.0,0.0,298.0,-0.0,no,pedestrian_stationary
1665-3229,1665,3229,truck,person,97.197,101.602,0,,,0,1,68.903,1055.3,1826.0,28.0,304.8,35.5,298.0,-27.0,no,pedestrian_stationary
2009-3229,2009,3229,car,person,97.197,101.602,0,,,0,1,,298.4,298.4,0.0,298.0,0.0,298.0,-0.0,no,pedestrian_stationary
2135-3229,2135,3229,car,person,97.197,101.602,0,,,0,1,173.06,179.2,180.0,1.0,314.3,16.4,298.0,-68.1,yes,pedestrian_stationary
2199-3229,2199,3229,car,person,97.197,101.602,0,,,0,1,1.548,118.8,303.1,229.4,298.0,0.0,298.0,-0.0,no,pedestrian_stationary
2206-3229,2206,3229,car,person,97.197,101.602,0,,,0,1,3.17,99.5,99.5,34.1,298.0,17.1,298.0,-54.2,yes,pedestrian_stationary
2233-3229,2233,3229,car,person,97.197,101.602,0,,,0,1,2.944,264.0,547.2,204.5,298.0,0.0,298.0,-0.0,no,pedestrian_stationary
2237-3229,2237,3229,car,person,97.197,101.602,0,,,0,1,0.853,12.4,193.8,291.8,298.0,0.0,298.0,-0.0,no,pedestrian_stationary
2299-3229,2299,3229,bus,person,97.197,101.602,0,,,0,1,3.232,3.1,861.5,282.9,375.2,220.6,298.0,-681.5,yes,pedestrian_stationary
2438-3229,2438,3229,car,person,97.197,101.602,0,,,0,1,5.43,120.8,1405.3,270.1,298.0,22.4,298.0,-67.8,yes,pedestrian_stationary
2463-3229,2463,3229,bus,person,97.197,101.602,0,,,0,1,4.852,335.5,932.5,199.7,237.7,156.8,298.0,-118.2,yes,pedestrian_stationary
2470-3229,2470,3229,car,person,97.197,101.602,0,,,0,1,,242.8,242.8,0.0,298.0,25.2,298.0,-71.6,yes,pedestrian_stationary
2488-3229,2488,3229,car,person,97.197,101.602,0,,,0,1,5.388,128.4,1307.5,253.4,283.0,23.4,298.0,-66.5,yes,pedestrian_stationary
2586-3229,2586,3229,car,person,97.197,101.602,0,,,0,1,,529.6,529.6,0.0,298.0,0.0,298.0,-0.0,no,pedestrian_stationary
2729-3229,2729,3229,car,person,97.197,101.602,0,,,0,1,6.228,190.6,1600.2,266.7,298.0,12.4,298.0,-52.3,yes,pedestrian_stationary
2749-3229,2749,3229,truck,person,97.197,101.602,0,,,0,1,3.871,349.8,885.0,253.6,298.0,269.5,298.0,-36.7,yes,pedestrian_stationary
2785-3229,2785,3229,car,person,97.197,101.602,0,,,0,1,41.595,802.2,850.2,21.1,247.9,156.5,298.0,-359.6,yes,pedestrian_stationary
2860-3229,2860,3229,car,person,97.197,101.602,0,,,0,1,2.259,89.2,611.7,295.4,298.0,0.0,298.0,-0.0,no,pedestrian_stationary
2990-3229,2990,3229,car,person,97.197,101.602,0,,,0,1,,925.6,925.6,0.0,1155.9,1155.9,298.0,-895.0,yes,pedestrian_stationary
3008-3229,3008,3229,car,person,97.197,99.499,0,,,0,1,,2016.1,2016.1,0.0,298.0,0.0,298.0,,no,pedestrian_stationary
3021-3229,3021,3229,car,person,97.197,99.9,0,,,0,1,9.252,935.1,1478.5,159.8,298.0,0.0,298.0,,no,pedestrian_stationary
3022-3229,3022,3229,bus,person,97.197,99.199,0,,,0,1,5.855,429.7,1294.8,231.0,298.0,0.0,298.0,,no,pedestrian_stationary
3050-3229,3050,3229,bus,person,97.197,101.602,0,,,0,1,2.634,6.3,635.1,375.3,396.2,157.0,298.0,-133.0,yes,pedestrian_stationary
3084-3229,3084,3229,truck,person,97.197,98.198,0,,,0,1,,1365.0,1365.0,0.0,298.0,0.0,298.0,,no,pedestrian_stationary
3090-3229,3090,3229,car,person,97.197,101.602,0,,,0,1,7.642,44.7,1708.1,223.5,250.1,227.3,298.0,-116.7,yes,pedestrian_stationary
3122-3229,3122,3229,truck,person,97.197,99.099,0,,,0,1,,1365.4,1365.4,0.0,298.0,0.0,298.0,,no,pedestrian_stationary
3142-3229,3142,3229,car,person,97.197,101.602,0,,,0,1,3.654,235.8,1362.8,372.9,380.9,380.9,298.0,-60.1,yes,pedestrian_stationary
3145-3229,3145,3229,bus,person,97.197,101.602,0,,,0,1,6.318,560.7,1246.3,206.8,298.0,0.0,298.0,,no,pedestrian_stationary
3172-3229,3172,3229,car,person,97.197,101.602,0,,,0,1,3.968,14.8,1054.5,372.6,398.2,139.9,298.0,-93.4,yes,pedestrian_stationary
3176-3229,3176,3229,car,person,97.197,100.3,0,,,0,1,9.242,933.4,1478.5,160.0,298.0,0.0,298.0,,no,pedestrian_stationary
3183-3229,3183,3229,truck,person,97.197,100.701,0,,,0,1,,1365.1,1365.1,0.0,298.0,0.0,298.0,0.0,no,pedestrian_stationary
3194-3229,3194,3229,car,person,97.197,101.101,0,,,0,1,194.979,1972.4,2017.2,10.3,337.1,94.0,298.0,-9.8,yes,pedestrian_stationary
3196-3229,3196,3229,car,person,97.197,101.301,0,,,0,1,9.245,934.0,1478.4,159.9,298.0,0.0,298.0,0.0,no,pedestrian_stationary
3217-3229,3217,3229,car,person,97.197,101.001,0,,,0,1,,1003.2,1003.2,0.0,298.0,0.0,298.0,,no,pedestrian_stationary
2758-3235,3235,2758,car,person,97.397,103.303,0,,,0,15,136.954,848.7,1478.9,13.0,215.4,108.5,215.4,-164.0,yes,vehicle_not_moving
2758-3243,3243,2758,car,person,97.397,103.303,0,,,0,15,,634.5,634.5,0.0,581.0,581.0,215.4,-16.0,no,vehicle_not_moving
2784-3235,3235,2784,car,person,97.397,106.506,0,,,0,35,72.989,499.0,1193.3,18.4,225.6,108.5,225.6,-164.0,yes,vehicle_not_moving
2784-3243,3243,2784,car,person,97.397,108.008,0,,,0,35,3.896,17.3,608.7,159.0,581.0,581.0,225.6,-561.4,yes,vehicle_not_moving
2855-3235,3235,2855,car,person,97.397,106.506,0,,,0,50,,1086.8,1086.8,0.0,170.4,108.5,206.6,-164.0,yes,vehicle_not_moving
2855-3243,3243,2855,car,person,97.397,107.007,0,,,0,50,15.651,29.6,635.4,41.2,465.4,581.0,206.6,-561.4,yes,vehicle_not_moving
2952-3235,3235,2952,car,person,97.397,106.506,0,,,0,54,0.59,0.5,70.5,168.5,179.0,108.5,141.1,-164.0,yes,vehicle_not_moving
2952-3243,3243,2952,car,person,97.397,107.407,0,,,0,54,,730.9,730.9,0.0,700.4,581.0,141.1,-561.4,yes,vehicle_not_moving
2954-3235,3235,2954,car,person,97.397,98.098,0,,,0,8,71.883,460.3,1338.2,18.6,19.8,19.8,0.0,0.0,no,pedestrian_stationary
2954-3243,3243,2954,car,person,97.397,98.098,0,,,0,8,31.375,568.9,576.2,18.5,113.0,113.0,0.0,30.7,no,pedestrian_stationary
2962-3235,3235,2962,car,person,97.397,104.504,0,,,0,26,138.106,854.0,1294.3,13.0,225.0,108.5,225.0,-164.0,yes,vehicle_not_moving
2962-3243,3243,2962,car,person,97.397,104.504,0,,,0,26,23.044,512.2,583.4,25.4,581.0,581.0,225.0,-561.4,yes,vehicle_not_moving
2979-3235,3235,2979,car,person,97.397,98.699,0,,,0,14,35.119,438.1,1209.2,34.4,38.1,38.1,0.0,-8.5,no,pedestrian_stationary
2979-3243,3243,2979,car,person,97.397,98.699,0,,,0,14,2223.478,588.9,588.9,0.3,156.7,156.7,0.0,30.7,no,pedestrian_stationary
3034-3235,3235,3034,car,person,97.397,97.898,0,,,0,6,,2094.1,2094.1,0.0,0.0,0.0,0.0,0.0,no,pedestrian_stationary
3034-3243,3243,3034,car,person,97.397,97.898,0,,,0,6,11.43,546.7,989.5,86.6,106.5,106.5,0.0,31.8,no,pedestrian_stationary
3111-3235,3235,3111,car,person,97.397,102.302,0,,,0,6,39.218,847.4,1672.8,45.7,214.9,56.6,221.1,-164.0,yes,vehicle_not_moving
3111-3243,3243,3111,car,person,97.397,102.302,0,,,0,6,46.927,705.9,705.9,17.6,503.5,503.5,221.1,-16.0,no,vehicle_not_moving
3114-3235,3235,3114,car,person,97.397,102.803,0,,,0,55,99.118,652.5,1136.7,12.6,128.2,108.5,137.9,-164.0,yes,vehicle_not_moving
3114-3243,3243,3114,car,person,97.397,102.803,0,,,0,55,21.34,227.0,610.3,28.6,550.9,550.9,137.9,-16.0,no,vehicle_not_moving
3128-3235,3235,3128,car,person,97.397,101.401,0,,,0,41,4.735,181.7,721.1,164.5,169.1,56.6,169.1,-164.0,yes,vehicle_not_moving
3128-3243,3243,3128,car,person,97.397,101.401,0,,,0,41,,775.0,775.0,0.0,451.8,451.8,169.1,-16.0,no,vehicle_not_moving
3143-3235,3235,3143,car,person,97.397,99.9,0,,,0,26,39.322,682.7,1969.7,50.2,56.6,56.6,0.0,-164.0,yes,vehicle_not_moving
3143-3243,3243,3143,car,person,97.397,99.9,0,,,0,26,11.13,553.2,781.7,82.9,363.4,363.4,0.0,30.7,no,vehicle_not_moving
3147-3235,3235,3147,car,person,97.397,106.506,0,,,0,67,66.498,1951.3,2539.1,44.1,159.9,108.5,129.1,-164.0,yes,vehicle_not_moving
3147-3243,3243,3147,car,person,97.397,108.208,0,,,0,84,4.286,157.9,707.1,238.9,597.2,581.0,129.1,-561.4,yes,vehicle_not_moving
3187-3235,3235,3187,car,person,97.397,102.202,0,,,0,6,51.685,1195.7,2485.1,50.3,221.9,56.6,219.9,-164.0,yes,vehicle_not_moving
3187-3243,3243,3187,car,person,97.397,102.202,0,,,0,6,5.545,961.5,998.3,205.4,497.6,497.6,219.9,-16.0,no,vehicle_not_moving
3207-3235,3235,3207,car,person,97.397,106.506,0,,,0,92,6.442,1.5,785.1,141.3,153.9,108.5,153.9,-164.0,yes,vehicle_not_moving
3207-3243,3243,3207,car,person,97.397,108.208,0,,,0,109,5.971,554.7,647.9,114.9,671.1,581.0,153.9,-561.4,yes,vehicle_not_moving
3213-3235,3235,3213,car,person,97.397,102.903,0,,,0,56,41.138,664.4,2011.2,49.1,123.8,108.5,123.8,-164.0,yes,pedestrian_stationary
3213-3243,3243,3213,car,person,97.397,102.903,0,,,0,56,10.365,543.8,789.6,92.0,558.0,558.0,123.8,-16.0,no,pedestrian_stationary
25-3244,25,3244,truck,person,97.497,103.704,0,,,0,56,,1813.2,1813.2,0.0,142.3,0.0,142.3,-0.0,no,pedestrian_not_in_crosswalk
855-3244,855,3244,car,person,97.497,98.899,0,,,0,8,,1640.9,1640.9,0.0,142.3,0.0,142.3,,no,pedestrian_not_in_crosswalk
1469-3244,1469,3244,car,person,97.497,103.704,0,,,0,56,,1887.7,1887.7,0.0,142.3,0.0,142.3,-0.0,no,pedestrian_not_in_crosswalk
1665-3244,1665,3244,truck,person,97.497,103.704,0,,,0,56,11.136,8.2,1452.1,142.3,142.3,43.7,142.3,-109.3,yes,pedestrian_not_in_crosswalk
2009-3244,2009,3244,car,person,97.497,103.704,0,,,0,56,20.396,382.9,386.5,18.9,142.3,0.0,142.3,-0.0,no,pedestrian_not_in_crosswalk
2135-3244,2135,3244,car,person,97.497,103.704,0,,,0,56,153.841,434.6,444.1,2.9,142.3,16.4,142.3,-68.1,yes,pedestrian_not_in_crosswalk
2199-3244,2199,3244,car,person,97.497,103.704,0,,,0,56,,632.4,632.4,0.0,142.3,0.0,142.3,-0.0,no,pedestrian_not_in_crosswalk
2206-3244,2206,3244,car,person,97.497,103.704,0,,,0,56,105.141,201.2,201.2,4.2,141.8,17.1,142.3,-54.2,yes,pedestrian_not_in_crosswalk
2233-3244,2233,3244,car,person,97.497,103.704,0,,,0,56,,878.9,878.9,0.0,142.3,0.0,142.3,-0.0,no,pedestrian_not_in_crosswalk
2237-3244,2237,3244,car,person,97.497,103.704,0,,,0,56,,482.9,482.9,0.0,142.3,0.0,142.3,-0.0,no,pedestrian_not_in_crosswalk
2299-3244,2299,3244,bus,person,97.497,103.704,0,,,0,56,14.854,9.5,1199.7,90.6,332.9,220.6,142.3,-681.5,yes,pedestrian_not_in_crosswalk
2438-3244,2438,3244,car,person,97.497,103.403,0,,,0,53,,1692.0,1692.0,0.0,163.3,22.4,142.3,-67.8,yes,pedestrian_not_in_crosswalk
2463-3244,2463,3244,bus,person,97.497,103.704,0,,,0,56,,1152.5,1152.5,0.0,271.4,156.8,142.3,-118.2,yes,pedestrian_not_in_crosswalk
2470-3244,2470,3244,car,person,97.497,103.704,0,,,0,56,9.499,15.3,176.0,20.8,142.3,25.2,142.3,-71.6,yes,pedestrian_not_in_crosswalk
2488-3244,2488,3244,car,person,97.497,103.704,0,,,0,56,,1584.9,1584.9,0.0,163.5,23.4,142.3,-66.5,yes,pedestrian_not_in_crosswalk
2586-3244,2586,3244,car,person,97.497,103.704,0,,,0,56,2.29,100.5,252.4,133.7,142.3,0.0,142.3,-0.0,no,pedestrian_not_in_crosswalk
2729-3244,2729,3244,car,person,97.497,103.704,0,,,0,56,,1891.6,1891.6,0.0,140.4,14.0,142.3,-52.3,yes,pedestrian_not_in_crosswalk
2749-3244,2749,3244,truck,person,97.497,103.704,0,,,0,56,2.053,180.6,262.1,278.5,310.5,290.2,142.3,-67.8,yes,pedestrian_not_in_crosswalk
2785-3244,2785,3244,car,person,97.497,103.704,0,,,0,56,3.124,7.1,491.0,173.6,187.3,156.5,142.3,-359.6,yes,pedestrian_not_in_crosswalk
2860-3244,2860,3244,car,person,97.497,103.704,0,,,0,56,,793.0,793.0,0.0,142.3,0.0,142.3,-0.0,no,pedestrian_not_in_crosswalk
2990-3244,2990,3244,car,person,97.497,103.303,0,,,0,52,,1069.8,1069.8,0.0,1257.5,1155.9,142.3,-895.0,yes,pedestrian_not_in_crosswalk
3008-3244,3008,3244,car,person,97.497,99.499,0,,,0,14,13.797,37.1,1560.8,114.1,142.3,0.0,142.3,,no,pedestrian_not_in_crosswalk
3021-3244,3021,3244,car,person,97.497,99.9,0,,,0,18,,1812.8,1812.8,0.0,142.3,0.0,142.3,,no,pedestrian_not_in_crosswalk
3022-3244,3022,3244,bus,person,97.497,99.199,0,,,0,11,,1613.9,1613.9,0.0,142.3,0.0,142.3,,no,pedestrian_not_in_crosswalk
3050-3244,3050,3244,bus,person,97.497,103.704,0,,,0,56,10.062,76.2,1165.9,130.6,132.3,157.0,142.3,-133.0,yes,pedestrian_not_in_crosswalk
3084-3244,3084,3244,truck,person,97.497,98.198,0,,,0,1,9.84,332.7,1044.6,110.2,128.0,0.0,128.0,,no,pedestrian_not_in_crosswalk
3090-3244,3090,3244,car,person,97.497,103.704,0,,,0,56,2.19,13.8,578.2,270.6,323.4,323.4,142.3,-116.7,yes,pedestrian_not_in_crosswalk
3122-3244,3122,3244,truck,person,97.497,99.099,0,,,0,10,9.033,198.6,947.5,112.2,142.3,0.0,142.3,,no,pedestrian_not_in_crosswalk
3142-3244,3142,3244,car,person,97.497,103.704,0,,,0,56,0.748,31.0,194.1,440.8,541.7,541.7,142.3,-60.1,yes,pedestrian_not_in_crosswalk
3145-3244,3145,3244,bus,person,97.497,103.704,0,,,0,56,,1580.2,1580.2,0.0,142.3,0.0,142.3,,no,pedestrian_not_in_crosswalk
3172-3244,3172,3244,car,person,97.497,103.704,0,,,0,56,14.153,3.1,1611.8,121.1,122.3,139.9,142.3,-93.4,yes,pedestrian_not_in_crosswalk
3176-3244,3176,3244,car,person,97.497,100.3,0,,,0,22,,1812.9,1812.9,0.0,142.3,0.0,142.3,,no,pedestrian_not_in_crosswalk
3183-3244,3183,3244,truck,person,97.497,100.701,0,,,0,26,8.105,16.8,884.1,113.9,142.3,0.0,142.3,,no,pedestrian_not_in_crosswalk
3194-3244,3194,3244,car,person,97.497,101.101,0,,,0,30,13.53,1.2,1535.6,129.0,142.3,94.0,142.3,-9.8,yes,pedestrian_not_in_crosswalk
3196-3244,3196,3244,car,person,97.497,101.301,0,,,0,32,,1812.7,1812.7,0.0,142.3,0.0,142.3,0.0,no,pedestrian_not_in_crosswalk
3217-3244,3217,3244,car,person,97.497,101.001,0,,,0,29,5.323,50.0,651.3,141.9,142.3,0.0,142.3,,no,pedestrian_not_in_crosswalk
3235-3244,3235,3244,car,person,97.497,103.704,0,,,0,56,10.656,21.8,1531.2,154.2,161.9,108.5,142.3,-164.0,yes,pedestrian_not_in_crosswalk
3243-3244,3243,3244,car,person,97.497,103.704,0,,,0,56,4.006,465.4,670.3,181.8,581.0,581.0,142.3,-500.1,yes,pedestrian_not_in_crosswalk
2758-3258,3258,2758,car,person,97.698,103.303,0,,,0,12,10.099,2.6,1800.4,189.0,215.4,0.0,215.4,0.0,no,vehicle_not_moving
2758-3259,3259,2758,car,person,97.698,101.802,0,,,0,12,,831.1,831.1,0.0,215.4,0.0,215.4,,no,vehicle_not_moving
2758-3261,3261,2758,car,person,97.698,103.303,0,,,0,12,8.776,33.9,1804.0,206.0,215.4,0.0,215.4,0.0,no,vehicle_not_moving
2784-3258,3258,2784,car,person,97.698,104.705,0,,,0,32,10.856,15.5,1453.9,151.4,225.6,0.0,225.6,0.0,no,vehicle_not_moving
2784-3259,3259,2784,car,person,97.698,101.802,0,,,0,32,,507.9,507.9,0.0,225.6,0.0,225.6,,no,vehicle_not_moving
2784-3261,3261,2784,car,person,97.698,103.503,0,,,0,32,8.92,18.9,1595.9,210.6,225.6,0.0,225.6,0.0,no,vehicle_not_moving
2855-3258,3258,2855,car,person,97.698,104.705,0,,,0,47,11.812,12.9,1808.0,161.8,206.6,0.0,206.6,0.0,no,vehicle_not_moving
2855-3259,3259,2855,car,person,97.698,101.802,0,,,0,42,,433.3,433.3,0.0,158.3,0.0,158.3,,no,vehicle_not_moving
2855-3261,3261,2855,car,person,97.698,103.503,0,,,0,47,9.432,92.6,1815.2,198.5,206.6,0.0,206.6,0.0,no,vehicle_not_moving
2952-3258,3258,2952,car,person,97.698,104.705,0,,,0,51,,2783.7,2783.7,0.0,141.1,0.0,141.1,0.0,no,vehicle_not_moving
2952-3259,3259,2952,car,person,97.698,101.802,0,,,0,42,,144.6,144.6,0.0,141.1,0.0,141.1,,no,vehicle_not_moving
2952-3261,3261,2952,car,person,97.698,103.503,0,,,0,51,,2732.2,2732.2,0.0,141.1,0.0,141.1,0.0,no,vehicle_not_moving
2954-3258,3258,2954,car,person,97.698,98.098,0,,,0,5,,2270.1,2270.1,0.0,0.0,0.0,0.0,0.0,no,pedestrian_stationary
2954-3259,3259,2954,car,person,97.698,98.098,0,,,0,5,,652.6,652.6,0.0,0.0,0.0,0.0,,no,pedestrian_stationary
2954-3261,3261,2954,car,person,97.698,98.098,0,,,0,5,,2262.3,2262.3,0.0,0.0,0.0,0.0,,no,pedestrian_stationary
2962-3258,3258,2962,car,person,97.698,104.504,0,,,0,23,10.402,1.2,1784.4,181.3,225.0,0.0,225.0,0.0,no,vehicle_not_moving
2962-3259,3259,2962,car,person,97.698,101.802,0,,,0,23,,638.5,638.5,0.0,225.0,0.0,225.0,,no,vehicle_not_moving
2962-3261,3261,2962,car,person,97.698,103.503,0,,,0,23,8.484,1.9,1789.4,220.8,225.0,0.0,225.0,0.0,no,vehicle_not_moving
2979-3258,3258,2979,car,person,97.698,98.699,0,,,0,11,,2380.9,2380.9,0.0,0.0,0.0,0.0,0.0,no,pedestrian_stationary
2979-3259,3259,2979,car,person,97.698,98.699,0,,,0,11,,543.6,543.6,0.0,0.0,0.0,0.0,,no,pedestrian_stationary
2979-3261,3261,2979,car,person,97.698,98.699,0,,,0,11,,2359.0,2359.0,0.0,0.0,0.0,0.0,,no,pedestrian_stationary
3034-3258,3258,3034,car,person,97.698,97.898,0,,,0,3,,1524.7,1524.7,0.0,0.0,0.0,0.0,,no,pedestrian_stationary
3034-3259,3259,3034,car,person,97.698,97.898,0,,,0,3,,1397.2,1397.2,0.0,0.0,0.0,0.0,,no,pedestrian_stationary
3034-3261,3261,3034,car,person,97.698,97.898,0,,,0,3,,1597.8,1597.8,0.0,0.0,0.0,0.0,,no,pedestrian_stationary
3111-3258,3258,3111,car,person,97.698,102.302,0,,,0,3,11.629,368.3,1800.9,154.9,221.1,0.0,221.1,0.0,no,vehicle_not_moving
3111-3259,3259,3111,car,person,97.698,101.802,0,,,0,3,,1018.1,1018.1,0.0,221.1,0.0,221.1,,no,vehicle_not_moving
3111-3261,3261,3111,car,person,97.698,102.302,0,,,0,3,8.613,80.8,1789.8,207.8,221.1,0.0,221.1,0.0,no,vehicle_not_moving
3114-3258,3258,3114,car,person,97.698,102.803,0,,,0,52,17.438,10.6,2324.8,136.7,137.9,0.0,137.9,0.0,no,vehicle_not_moving
3114-3259,3259,3114,car,person,97.698,101.802,0,,,0,42,,464.7,464.7,0.0,137.9,0.0,137.9,,no,vehicle_not_moving
3114-3261,3261,3114,car,person,97.698,102.803,0,,,0,52,17.378,203.8,2313.1,136.3,137.9,0.0,137.9,0.0,no,vehicle_not_moving
3128-3258,3258,3128,car,person,97.698,101.401,0,,,0,38,,2853.5,2853.5,0.0,147.7,0.0,147.7,0.0,no,vehicle_not_moving
3128-3259,3259,3128,car,person,97.698,101.401,0,,,0,38,3.428,119.3,123.0,35.9,147.7,0.0,147.7,,no,vehicle_not_moving
3128-3261,3261,3128,car,person,97.698,101.401,0,,,0,38,,2792.6,2792.6,0.0,147.7,0.0,147.7,0.0,no,vehicle_not_moving
3143-3258,3258,3143,car,person,97.698,99.9,0,,,0,23,,1613.2,1613.2,0.0,0.0,0.0,0.0,0.0,no,vehicle_not_moving
3143-3259,3259,3143,car,person,97.698,99.9,0,,,0,23,,1308.7,1308.7,0.0,0.0,0.0,0.0,,no,vehicle_not_moving
3143-3261,3261,3143,car,person,97.698,99.9,0,,,0,23,,1671.3,1671.3,0.0,0.0,0.0,0.0,0.0,no,vehicle_not_moving
3147-3258,3258,3147,car,person,97.698,104.705,0,,,0,46,7.226,387.4,726.7,117.2,129.1,0.0,129.1,0.0,no,vehicle_not_moving
3147-3259,3259,3147,car,person,97.698,101.802,0,,,0,25,,1861.3,1861.3,0.0,129.1,0.0,129.1,,no,vehicle_not_moving
3147-3261,3261,3147,car,person,97.698,103.503,0,,,0,34,24.682,1176.8,1248.1,52.5,129.1,0.0,129.1,0.0,no,vehicle_not_moving
3187-3258,3258,3187,car,person,97.698,102.202,0,,,0,3,5.891,44.2,988.1,173.0,219.9,0.0,219.9,0.0,no,vehicle_not_moving
3187-3259,3259,3187,car,person,97.698,101.802,0,,,0,3,,1837.9,1837.9,0.0,219.9,0.0,219.9,,no,vehicle_not_moving
3187-3261,3261,3187,car,person,97.698,102.202,0,,,0,3,5.387,87.7,1181.6,219.3,219.9,0.0,219.9,0.0,no,vehicle_not_moving
3207-3258,3258,3207,car,person,97.698,104.705,0,,,0,71,,1968.2,1968.2,0.0,153.9,0.0,153.9,0.0,no,vehicle_not_moving
3207-3259,3259,3207,car,person,97.698,101.802,0,,,0,42,9.129,1.9,704.2,88.9,91.5,0.0,91.5,,no,vehicle_not_moving
3207-3261,3261,3207,car,person,97.698,103.503,0,,,0,59,,1977.8,1977.8,0.0,151.5,0.0,151.5,0.0,no,vehicle_not_moving
3213-3258,3258,3213,car,person,97.698,102.903,0,,,0,53,12.725,5.9,1551.1,123.8,123.8,0.0,123.8,0.0,no,pedestrian_stationary
3213-3259,3259,3213,car,person,97.698,101.802,0,,,0,42,83.04,477.1,1334.5,16.1,123.8,0.0,123.8,,no,pedestrian_stationary
3213-3261,3261,3213,car,person,97.698,102.903,0,,,0,53,15.498,765.6,1625.9,106.1,123.8,0.0,123.8,0.0,no,pedestrian_stationary
3244-3258,3258,3244,car,person,97.698,103.704,0,,,0,56,,1833.5,1833.5,0.0,142.3,0.0,142.3,0.0,no,pedestrian_not_in_crosswalk
3244-3259,3259,3244,car,person,97.698,101.802,0,,,0,37,8.092,18.8,882.6,113.9,142.3,0.0,142.3,,no,pedestrian_not_in_crosswalk
3244-3261,3261,3244,car,person,97.698,103.503,0,,,0,54,,1825.7,1825.7,0.0,142.3,0.0,142.3,0.0,no,pedestrian_not_in_crosswalk
25-3290,25,3290,truck,person,98.498,105.405,0,,,0,27,2.475,108.0,459.9,186.4,199.6,34.3,199.6,-103.3,yes,pedestrian_stationary
855-3290,855,3290,car,person,98.498,98.899,0,,,0,5,15.274,1003.9,1109.7,72.7,183.0,0.0,183.0,,no,pedestrian_stationary
1469-3290,1469,3290,car,person,98.498,105.405,0,,,0,27,3.623,266.4,603.1,166.6,199.6,0.0,199.6,-0.0,no,pedestrian_stationary
1665-3290,1665,3290,truck,person,98.498,105.405,0,,,0,27,,2317.5,2317.5,0.0,219.7,43.7,199.6,-109.3,yes,pedestrian_stationary
2009-3290,2009,3290,car,person,98.498,105.405,0,,,0,27,,742.3,742.3,0.0,199.6,0.0,199.6,-0.0,no,pedestrian_stationary
2135-3290,2135,3290,car,person,98.498,105.405,0,,,0,27,,484.3,484.3,0.0,199.6,0.0,199.6,-2.1,yes,pedestrian_stationary
2199-3290,2199,3290,car,person,98.498,105.405,0,,,0,27,,343.8,343.8,0.0,199.6,0.0,199.6,-0.0,no,pedestrian_stationary
2206-3290,2206,3290,car,person,98.498,105.405,0,,,0,27,254.62,653.5,694.0,3.9,199.6,14.6,199.6,-58.7,yes,pedestrian_stationary
2233-3290,2233,3290,car,person,98.498,105.405,0,,,0,27,,253.7,253.7,0.0,199.6,0.0,199.6,-0.0,no,pedestrian_stationary
2237-3290,2237,3290,car,person,98.498,105.405,0,,,0,27,,514.3,514.3,0.0,199.6,0.0,199.6,-0.0,no,pedestrian_stationary
2299-3290,2299,3290,bus,person,98.498,105.405,0,,,0,27,1.128,203.9,215.2,246.2,366.8,220.6,199.6,-681.5,yes,pedestrian_stationary
2438-3290,2438,3290,car,person,98.498,103.403,0,,,0,27,15.528,961.5,1008.8,73.6,199.6,22.0,199.6,-67.8,yes,pedestrian_stationary
2463-3290,2463,3290,bus,person,98.498,105.405,0,,,0,27,250.166,912.7,912.7,4.0,164.3,156.8,199.6,-118.2,yes,pedestrian_stationary
2470-3290,2470,3290,car,person,98.498,105.405,0,,,0,27,,839.9,839.9,0.0,217.6,25.2,199.6,-71.6,yes,pedestrian_stationary
2488-3290,2488,3290,car,person,98.498,105.405,0,,,0,27,17.325,948.7,971.4,60.9,199.6,23.4,199.6,-66.5,yes,pedestrian_stationary
2586-3290,2586,3290,car,person,98.498,105.405,0,,,0,27,,1101.3,1101.3,0.0,199.6,0.0,199.6,-0.0,no,pedestrian_stationary
2729-3290,2729,3290,car,person,98.498,105.405,0,,,0,27,12.897,995.6,1095.0,99.1,199.6,14.0,199.6,-49.2,yes,pedestrian_stationary
2749-3290,2749,3290,truck,person,98.498,105.405,0,,,0,27,6.415,847.4,1198.0,220.4,291.0,291.0,199.6,-67.8,yes,pedestrian_stationary
2785-3290,2785,3290,car,person,98.498,105.405,0,,,0,27,205.727,1379.4,1392.1,6.8,205.6,156.5,199.6,-359.6,yes,pedestrian_stationary
2860-3290,2860,3290,car,person,98.498,105.405,0,,,0,27,,803.7,803.7,0.0,199.6,0.0,199.6,-0.0,no,pedestrian_stationary
2990-3290,2990,3290,car,person,98.498,103.303,0,,,0,27,9.231,777.3,970.1,123.5,997.1,1155.9,199.6,-895.0,yes,pedestrian_stationary
3008-3290,3008,3290,car,person,98.498,99.499,0,,,0,11,,2630.2,2630.2,0.0,183.0,0.0,183.0,,no,pedestrian_stationary
3021-3290,3021,3290,car,person,98.498,99.9,0,,,0,15,4.841,159.6,736.7,175.7,183.0,0.0,183.0,,no,pedestrian_stationary
3022-3290,3022,3290,bus,person,98.498,99.199,0,,,0,8,7.051,597.9,829.2,122.8,183.0,0.0,183.0,,no,pedestrian_stationary
3050-3290,3050,3290,bus,person,98.498,105.405,0,,,0,27,3.404,187.9,452.9,150.4,287.3,155.3,199.6,-133.0,yes,pedestrian_stationary
3090-3290,3090,3290,car,person,98.498,105.405,0,,,0,27,5.212,821.3,1657.9,323.5,373.9,373.9,199.6,-38.1,yes,pedestrian_stationary
3122-3290,3122,3290,truck,person,98.498,99.099,0,,,0,7,,1976.1,1976.1,0.0,183.0,0.0,183.0,,no,pedestrian_stationary
3142-3290,3142,3290,car,person,98.498,105.405,0,,,0,27,3.189,686.9,942.3,480.8,541.7,541.7,199.6,-90.3,yes,pedestrian_stationary
3145-3290,3145,3290,bus,person,98.498,104.304,0,,,0,27,5.336,420.6,481.9,139.3,199.6,0.0,199.6,,no,pedestrian_stationary
3172-3290,3172,3290,car,person,98.498,105.205,0,,,0,27,4.918,440.4,630.3,186.4,279.7,123.3,199.6,-93.4,yes,pedestrian_stationary
3176-3290,3176,3290,car,person,98.498,100.3,0,,,0,19,4.297,161.8,669.5,175.6,183.0,0.0,183.0,,no,pedestrian_stationary
3183-3290,3183,3290,truck,person,98.498,100.701,0,,,0,23,,1976.0,1976.0,0.0,183.0,0.0,183.0,,no,pedestrian_stationary
3194-3290,3194,3290,car,person,98.498,101.101,0,,,0,27,,2629.8,2629.8,0.0,183.0,0.0,183.0,,no,pedestrian_stationary
3196-3290,3196,3290,car,person,98.498,101.301,0,,,0,27,2.898,160.9,497.0,175.7,185.4,0.0,185.4,,no,pedestrian_stationary
3217-3290,3217,3290,car,person,98.498,101.001,0,,,0,26,,1526.8,1526.8,0.0,183.0,0.0,183.0,,no,pedestrian_stationary
3235-3290,3235,3290,car,person,98.498,105.405,0,,,0,27,75.741,999.5,2646.2,35.3,194.6,108.5,199.6,-164.0,yes,pedestrian_stationary
3243-3290,3243,3290,car,person,98.498,105.405,0,,,0,27,8.028,833.9,912.8,152.4,581.0,581.0,199.6,-561.4,yes,pedestrian_stationary
3258-3290,3258,3290,car,person,98.498,104.705,0,,,0,27,2.474,107.9,461.0,186.4,199.6,0.0,199.6,0.0,no,pedestrian_stationary
3259-3290,3259,3290,car,person,98.498,101.802,0,,,0,27,,1974.3,1974.3,0.0,199.6,0.0,199.6,,no,pedestrian_stationary
3261-3290,3261,3290,car,person,98.498,103.503,0,,,0,27,12.809,976.2,1050.2,94.0,199.6,0.0,199.6,0.0,no,pedestrian_stationary
25-3313,25,3313,truck,person,98.899,127.527,0,,,0,205,4.958,262.6,608.6,149.5,163.6,34.3,163.6,-106.3,yes,pedestrian_stationary
855-3313,855,3313,car,person,98.899,98.899,0,,,0,1,,1301.2,1301.2,0.0,0.0,0.0,0.0,,no,pedestrian_stationary
1469-3313,1469,3313,car,person,98.899,127.527,0,,,0,205,6.645,442.5,752.7,140.1,163.6,6.3,163.6,-30.4,no,pedestrian_stationary
1665-3313,1665,3313,truck,person,98.899,115.115,0,,,0,142,37.534,638.0,2044.0,72.7,181.7,125.5,163.6,-109.3,yes,pedestrian_stationary
2009-3313,2009,3313,car,person,98.899,127.527,0,,,0,205,14.48,298.5,451.2,69.4,311.4,379.5,163.6,-306.5,yes,pedestrian_stationary
2135-3313,2135,3313,car,person,98.899,127.527,0,,,0,205,13.717,28.7,171.9,58.0,381.6,389.3,163.6,-431.0,yes,pedestrian_stationary
2199-3313,2199,3313,car,person,98.899,127.527,0,,,0,205,18.534,220.0,221.4,30.0,225.0,312.5,163.6,-97.1,yes,pedestrian_stationary
2206-3313,2206,3313,car,person,98.899,127.527,0,,,0,205,22.663,369.5,369.5,47.5,391.6,397.8,163.6,-439.7,yes,pedestrian_stationary
2233-3313,2233,3313,car,person,98.899,121.722,0,,,0,205,3.944,263.2,274.1,87.8,163.6,112.9,163.6,-0.0,no,pedestrian_stationary
2237-3313,2237,3313,car,person,98.899,125.826,0,,,0,205,26.522,288.4,288.4,46.1,163.6,169.9,163.6,-14.5,no,pedestrian_stationary
2299-3313,2299,3313,bus,person,98.899,127.527,0,,,0,205,1.886,2.4,256.8,325.7,406.6,409.8,163.6,-681.5,yes,pedestrian_stationary
2438-3313,2438,3313,car,person,98.899,103.403,0,,,0,46,15.52,1049.6,1105.9,83.6,163.6,13.3,163.6,-67.8,yes,pedestrian_stationary
2463-3313,2463,3313,bus,person,98.899,108.108,0,,,0,72,70.027,1045.2,1045.2,15.1,151.2,156.8,163.6,-118.2,yes,pedestrian_stationary
2470-3313,2470,3313,car,person,98.899,126.526,0,,,0,205,19.342,467.4,522.9,98.6,412.4,510.8,163.6,-533.2,yes,pedestrian_stationary
2488-3313,2488,3313,car,person,98.899,125.626,0,,,0,205,18.138,1029.2,1051.9,64.1,163.6,46.3,163.6,-76.3,yes,pedestrian_stationary
2586-3313,2586,3313,car,person,98.899,127.527,0,,,0,205,19.983,711.2,788.7,69.1,222.8,334.3,163.6,-190.8,yes,pedestrian_stationary
2729-3313,2729,3313,car,person,98.899,111.612,0,,,0,107,16.068,1122.1,1221.1,89.6,160.6,14.0,163.6,-18.0,yes,pedestrian_stationary
2749-3313,2749,3313,truck,person,98.899,109.009,0,,,0,81,8.277,946.3,1135.0,138.4,294.9,291.0,163.6,-67.8,yes,pedestrian_stationary
2784-3315,3315,2784,truck,person,98.899,103.203,0,,,0,20,,728.1,728.1,0.0,225.6,112.0,225.6,10.8,no,vehicle_not_moving
2785-3313,2785,3313,car,person,98.899,125.325,0,,,0,205,21.707,65.3,1078.9,103.3,305.5,391.5,163.6,-359.6,yes,pedestrian_stationary
2855-3315,3315,2855,truck,person,98.899,103.203,0,,,0,35,21.427,498.4,508.3,25.0,206.6,112.0,206.6,10.8,no,vehicle_not_moving
2860-3313,2860,3313,car,person,98.899,127.527,0,,,0,205,134.468,196.6,703.5,10.6,163.6,20.3,163.6,-82.4,yes,pedestrian_stationary
2952-3315,3315,2952,truck,person,98.899,103.203,0,,,0,39,,196.4,196.4,0.0,226.6,112.0,141.1,10.8,no,vehicle_not_moving
2962-3315,3315,2962,truck,person,98.899,103.203,0,,,0,11,,812.6,812.6,0.0,225.0,112.0,225.0,10.8,no,vehicle_not_moving
2990-3313,2990,3313,car,person,98.899,103.303,0,,,0,45,9.077,630.0,1098.6,136.9,1155.9,1155.9,163.6,-895.0,yes,pedestrian_stationary
3008-3313,3008,3313,car,person,98.899,99.499,0,,,0,7,,2298.7,2298.7,0.0,144.6,0.0,144.6,,no,pedestrian_stationary
3021-3313,3021,3313,car,person,98.899,99.9,0,,,0,11,7.89,288.8,1145.2,146.6,152.4,0.0,152.4,,no,pedestrian_stationary
3022-3313,3022,3313,bus,person,98.899,99.199,0,,,0,4,13.025,691.3,1132.9,87.0,109.8,0.0,109.8,,no,pedestrian_stationary
3050-3313,3050,3313,bus,person,98.899,127.527,0,,,0,205,3.128,116.9,404.0,182.4,299.0,299.0,163.6,-252.1,yes,pedestrian_stationary
3090-3313,3090,3313,car,person,98.899,118.618,0,,,0,177,4.983,1013.5,1121.0,307.6,419.5,373.9,163.6,-101.2,yes,pedestrian_stationary
3114-3315,3315,3114,truck,person,98.899,102.803,0,,,0,40,5.187,214.2,531.6,102.5,112.0,112.0,99.0,10.8,no,vehicle_not_moving
3122-3313,3122,3313,truck,person,98.899,99.099,0,,,0,3,,1645.8,1645.8,0.0,91.1,0.0,91.1,,no,pedestrian_stationary
3128-3315,3315,3128,truck,person,98.899,101.401,0,,,0,26,0.958,39.4,58.3,74.7,112.0,112.0,0.0,10.8,no,vehicle_not_moving
3142-3313,3142,3313,car,person,98.899,113.914,0,,,0,130,4.416,894.9,918.1,321.2,468.8,541.7,163.6,-115.4,yes,pedestrian_stationary
3143-3315,3315,3143,truck,person,98.899,99.9,0,,,0,11,12.184,512.0,1243.1,102.0,112.0,112.0,0.0,10.8,no,pedestrian_stationary
3145-3313,3145,3313,bus,person,98.899,104.304,0,,,0,55,6.789,510.0,604.3,126.1,163.6,0.0,163.6,,no,pedestrian_stationary
3147-3315,3315,3147,truck,person,98.899,103.203,0,,,0,19,,1975.8,1975.8,0.0,129.1,112.0,129.1,10.8,no,vehicle_not_moving
3172-3313,3172,3313,car,person,98.899,105.205,0,,,0,64,5.005,482.0,681.6,190.4,228.6,106.9,163.6,-93.4,yes,pedestrian_stationary
3176-3313,3176,3313,car,person,98.899,100.3,0,,,0,15,7.804,264.6,1086.8,146.5,152.4,0.0,152.4,,no,pedestrian_stationary
3183-3313,3183,3313,truck,person,98.899,100.701,0,,,0,19,,1645.6,1645.6,0.0,152.4,0.0,152.4,,no,pedestrian_stationary
3194-3313,3194,3313,car,person,98.899,101.101,0,,,0,23,,2298.9,2298.9,0.0,152.4,0.0,152.4,,no,pedestrian_stationary
3196-3313,3196,3313,car,person,98.899,101.301,0,,,0,25,6.898,263.7,951.1,146.5,152.4,0.0,152.4,,no,pedestrian_stationary
3207-3315,3315,3207,truck,person,98.899,103.203,0,,,0,44,4.02,2.6,457.4,169.3,174.4,112.0,131.8,10.8,no,vehicle_not_moving
3213-3315,3315,3213,truck,person,98.899,102.903,0,,,0,41,12.833,545.7,1305.3,101.7,112.0,112.0,89.8,10.8,no,vehicle_not_moving
3217-3313,3217,3313,car,person,98.899,101.001,0,,,0,22,,1231.1,1231.1,0.0,152.4,0.0,152.4,,no,pedestrian_stationary
3235-3313,3235,3313,car,person,98.899,106.506,0,,,0,64,45.382,1012.7,2310.5,60.3,210.1,108.5,163.6,-164.0,yes,pedestrian_stationary
3243-3313,3243,3313,car,person,98.899,108.208,0,,,0,73,8.491,512.7,890.1,113.7,437.6,581.0,163.6,-561.4,yes,pedestrian_stationary
3244-3315,3315,3244,truck,person,98.899,103.203,0,,,0,44,4.27,5.5,816.7,200.4,205.7,112.0,114.1,10.8,no,vehicle_not_moving
3258-3313,3258,3313,car,person,98.899,104.705,0,,,0,59,4.972,264.3,608.6,149.5,163.6,0.0,163.6,0.0,no,pedestrian_stationary
3259-3313,3259,3313,car,person,98.899,101.802,0,,,0,30,,1644.0,1644.0,0.0,159.4,0.0,159.4,,no,pedestrian_stationary
3261-3313,3261,3313,car,person,98.899,103.503,0,,,0,47,15.714,1085.3,1160.1,87.3,163.6,0.0,163.6,0.0,no,pedestrian_stationary
3290-3315,3315,3290,truck,person,98.899,103.203,0,,,0,23,,2018.5,2018.5,0.0,199.6,112.0,199.6,10.8,no,vehicle_not_moving
3313-3315,3315,3313,truck,person,98.899,103.203,0,,,0,44,,1614.2,1614.2,0.0,163.6,112.0,163.6,10.8,no,pedestrian_stationary
25-3318,25,3318,truck,person,98.999,103.003,0,,,0,41,,3032.6,3032.6,0.0,0.0,0.0,0.0,-0.0,no,pedestrian_stationary
1469-3318,1469,3318,car,person,98.999,103.003,0,,,0,41,,3109.2,3109.2,0.0,0.0,0.0,0.0,-0.0,no,pedestrian_stationary
1665-3318,1665,3318,truck,person,98.999,103.003,0,,,0,41,1087.921,1138.1,1138.1,1.0,43.7,43.7,0.0,-109.3,yes,pedestrian_stationary
2009-3318,2009,3318,car,person,98.999,103.003,0,,,0,41,,1413.5,1413.5,0.0,0.0,0.0,0.0,-0.0,no,pedestrian_stationary
2135-3318,2135,3318,car,person,98.999,103.003,0,,,0,41,,1615.5,1615.5,0.0,0.0,0.0,0.0,-0.1,yes,pedestrian_stationary
2199-3318,2199,3318,car,person,98.999,103.003,0,,,0,41,,1851.3,1851.3,0.0,0.0,0.0,0.0,-0.0,no,pedestrian_stationary
2206-3318,2206,3318,car,person,98.999,103.003,0,,,0,41,,1421.9,1421.9,0.0,0.0,0.0,0.0,-13.2,yes,pedestrian_stationary
2233-3318,2233,3318,car,person,98.999,103.003,0,,,0,41,,2099.5,2099.5,0.0,0.0,0.0,0.0,-0.0,no,pedestrian_stationary
2237-3318,2237,3318,car,person,98.999,103.003,0,,,0,41,,1691.5,1691.5,0.0,0.0,0.0,0.0,-0.0,no,pedestrian_stationary
2299-3318,2299,3318,bus,person,98.999,103.003,0,,,0,41,11.853,28.8,2423.0,204.6,204.7,204.7,0.0,-681.5,yes,pedestrian_stationary
2438-3318,2438,3318,car,person,98.999,103.003,0,,,0,41,,2887.7,2887.7,0.0,11.3,11.3,0.0,-67.8,yes,pedestrian_stationary
2463-3318,2463,3318,bus,person,98.999,103.003,0,,,0,41,,2479.2,2479.2,0.0,156.8,156.8,0.0,-118.2,yes,pedestrian_stationary
2470-3318,2470,3318,car,person,98.999,103.003,0,,,0,41,54.361,16.0,1221.6,23.0,25.2,25.2,0.0,-71.6,yes,pedestrian_stationary
2488-3318,2488,3318,car,person,98.999,103.003,0,,,0,41,,2772.6,2772.6,0.0,23.4,23.4,0.0,-66.5,yes,pedestrian_stationary
2586-3318,2586,3318,car,person,98.999,103.003,0,,,0,41,,1044.0,1044.0,0.0,0.0,0.0,0.0,-0.0,no,pedestrian_stationary
2729-3318,2729,3318,car,person,98.999,103.003,0,,,0,41,,3048.4,3048.4,0.0,14.0,14.0,0.0,-6.1,yes,pedestrian_stationary
2749-3318,2749,3318,truck,person,98.999,103.003,0,,,0,41,,171.0,171.0,0.0,269.5,269.5,0.0,-67.8,yes,pedestrian_stationary
2785-3318,2785,3318,car,person,98.999,103.003,0,,,0,41,41.783,335.7,822.5,20.6,156.5,156.5,0.0,-359.6,yes,pedestrian_stationary
2860-3318,2860,3318,car,person,98.999,103.003,0,,,0,41,,1878.5,1878.5,0.0,0.0,0.0,0.0,-0.0,no,pedestrian_stationary
2990-3318,2990,3318,car,person,98.999,103.003,0,,,0,41,,3030.8,3030.8,0.0,1155.9,1155.9,0.0,-895.0,yes,pedestrian_stationary
3008-3318,3008,3318,car,person,98.999,99.499,0,,,0,6,,535.9,535.9,0.0,0.0,0.0,0.0,,no,pedestrian_stationary
3021-3318,3021,3318,car,person,98.999,99.9,0,,,0,10,,3032.3,3032.3,0.0,0.0,0.0,0.0,,no,pedestrian_stationary
3022-3318,3022,3318,bus,person,98.999,99.199,0,,,0,3,,2818.8,2818.8,0.0,0.0,0.0,0.0,,no,pedestrian_stationary
3050-3318,3050,3318,bus,person,98.999,103.003,0,,,0,41,21.137,455.9,2161.1,105.7,111.4,111.4,0.0,-133.0,yes,pedestrian_stationary
3090-3318,3090,3318,car,person,98.999,103.003,0,,,0,41,0.303,23.9,36.2,232.7,290.8,290.8,0.0,-38.1,yes,pedestrian_stationary
3122-3318,3122,3318,truck,person,98.999,99.099,0,,,0,2,,165.0,165.0,0.0,0.0,0.0,0.0,,no,pedestrian_stationary
3142-3318,3142,3318,car,person,98.999,103.003,0,,,0,41,1.024,10.0,129.1,185.5,520.5,520.5,0.0,23.7,yes,pedestrian_stationary
3145-3318,3145,3318,bus,person,98.999,103.003,0,,,0,41,,2790.8,2790.8,0.0,0.0,0.0,0.0,,no,pedestrian_stationary
3172-3318,3172,3318,car,person,98.999,103.003,0,,,0,41,25.603,19.9,2568.5,106.0,106.9,106.9,0.0,-93.4,yes,pedestrian_stationary
3176-3318,3176,3318,car,person,98.999,100.3,0,,,0,14,,3032.4,3032.4,0.0,0.0,0.0,0.0,,no,pedestrian_stationary
3183-3318,3183,3318,truck,person,98.999,100.701,0,,,0,18,,163.5,163.5,0.0,0.0,0.0,0.0,,no,pedestrian_stationary
3194-3318,3194,3318,car,person,98.999,101.101,0,,,0,22,,542.6,542.6,0.0,0.0,0.0,0.0,,no,pedestrian_stationary
3196-3318,3196,3318,car,person,98.999,101.301,0,,,0,24,,3032.3,3032.3,0.0,0.0,0.0,0.0,,no,pedestrian_stationary
3217-3318,3217,3318,car,person,98.999,101.001,0,,,0,21,,871.3,871.3,0.0,0.0,0.0,0.0,,no,pedestrian_stationary
3235-3318,3235,3318,car,person,98.999,103.003,0,,,0,41,13.518,209.9,535.1,41.8,108.5,108.5,0.0,-164.0,yes,pedestrian_stationary
3243-3318,3243,3318,car,person,98.999,103.003,0,,,0,41,,1124.4,1124.4,0.0,565.9,565.9,0.0,-16.0,no,pedestrian_stationary
3258-3318,3258,3318,car,person,98.999,103.003,0,,,0,41,,3032.7,3032.7,0.0,0.0,0.0,0.0,0.0,no,pedestrian_stationary
3259-3318,3259,3318,car,person,98.999,101.802,0,,,0,29,,166.1,166.1,0.0,0.0,0.0,0.0,,no,pedestrian_stationary
3261-3318,3261,3318,car,person,98.999,103.003,0,,,0,41,,2961.0,2961.0,0.0,0.0,0.0,0.0,0.0,no,pedestrian_stationary
3315-3318,3315,3318,truck,person,98.999,103.003,0,,,0,41,,174.7,174.7,0.0,112.0,112.0,0.0,10.8,no,pedestrian_stationary
25-3321,25,3321,truck,person,99.099,106.006,0,,,0,26,11.823,41.1,1846.4,156.3,216.5,34.3,216.5,-106.3,yes,pedestrian_stationary
1469-3321,1469,3321,car,person,99.099,106.006,0,,,0,26,11.79,210.5,1924.5,163.3,216.5,0.0,216.5,-0.0,no,pedestrian_stationary
1665-3321,1665,3321,truck,person,99.099,106.006,0,,,0,26,,1322.0,1322.0,0.0,241.7,43.7,216.5,-109.3,yes,pedestrian_stationary
2009-3321,2009,3321,car,person,99.099,106.006,0,,,0,26,3.044,64.5,392.5,133.7,216.5,0.0,216.5,-0.0,no,pedestrian_stationary
2135-3321,2135,3321,car,person,99.099,106.006,0,,,0,26,3.59,0.8,471.2,152.7,216.5,0.0,216.5,-0.0,yes,pedestrian_stationary
2199-3321,2199,3321,car,person,99.099,106.006,0,,,0,26,4.029,94.8,669.6,166.3,216.5,0.0,216.5,-0.0,no,pedestrian_stationary
2206-3321,2206,3321,car,person,99.099,106.006,0,,,0,26,1.445,20.6,235.1,164.3,216.5,14.6,216.5,-58.7,yes,pedestrian_stationary
2233-3321,2233,3321,car,person,99.099,106.006,0,,,0,26,5.555,164.1,914.6,164.8,216.5,0.0,216.5,-0.0,no,pedestrian_stationary
2237-3321,2237,3321,car,person,99.099,106.006,0,,,0,26,2.976,24.9,518.8,177.2,216.5,0.0,216.5,-0.0,no,pedestrian_stationary
2299-3321,2299,3321,bus,person,99.099,106.006,0,,,0,26,4.99,52.8,1233.1,326.2,328.3,204.7,216.5,-681.5,yes,pedestrian_stationary
2438-3321,2438,3321,car,person,99.099,103.403,0,,,0,26,9.362,20.9,1774.9,193.4,216.5,10.9,216.5,-67.8,yes,pedestrian_stationary
2463-3321,2463,3321,bus,person,99.099,106.006,0,,,0,26,9.462,61.0,1562.2,168.9,191.4,156.8,216.5,-118.2,yes,pedestrian_stationary
2470-3321,2470,3321,car,person,99.099,106.006,0,,,0,26,1.247,10.9,171.9,147.6,229.3,25.0,216.5,-71.6,yes,pedestrian_stationary
2488-3321,2488,3321,car,person,99.099,106.006,0,,,0,26,8.84,3.1,1681.8,194.4,216.5,22.6,216.5,-66.5,yes,pedestrian_stationary
2586-3321,2586,3321,car,person,99.099,106.006,0,,,0,26,3.044,162.3,226.4,107.6,216.5,0.0,216.5,-0.0,no,pedestrian_stationary
2729-3321,2729,3321,car,person,99.099,106.006,0,,,0,26,10.223,33.7,1936.3,192.6,216.5,14.0,216.5,-18.0,yes,pedestrian_stationary
2749-3321,2749,3321,truck,person,99.099,106.006,0,,,0,26,2.439,33.3,237.7,118.6,291.0,291.0,216.5,-67.8,yes,pedestrian_stationary
2785-3321,2785,3321,car,person,99.099,106.006,0,,,0,26,33.247,349.5,349.5,20.8,213.1,156.5,216.5,-359.6,yes,pedestrian_stationary
2860-3321,2860,3321,car,person,99.099,106.006,0,,,0,26,4.023,12.4,822.6,213.4,216.5,0.0,216.5,-0.0,no,pedestrian_stationary
2990-3321,2990,3321,car,person,99.099,103.303,0,,,0,26,15.575,556.3,2196.3,143.7,1154.6,1154.6,216.5,-895.0,yes,pedestrian_stationary
3008-3321,3008,3321,car,person,99.099,99.499,0,,,0,5,,1298.0,1298.0,0.0,125.3,0.0,125.3,,no,pedestrian_stationary
3021-3321,3021,3321,car,person,99.099,99.9,0,,,0,9,16.26,43.9,2172.4,133.6,133.6,0.0,133.6,,no,pedestrian_stationary
3022-3321,3022,3321,bus,person,99.099,99.199,0,,,0,2,,2078.2,2078.2,0.0,0.0,0.0,0.0,,no,pedestrian_stationary
3050-3321,3050,3321,bus,person,99.099,106.006,0,,,0,26,5.142,30.1,950.6,247.9,251.2,108.2,216.5,-252.1,yes,pedestrian_stationary
3090-3321,3090,3321,car,person,99.099,106.006,0,,,0,26,1.732,25.9,297.8,296.5,373.9,373.9,216.5,-101.2,yes,pedestrian_stationary
3122-3321,3122,3321,truck,person,99.099,99.099,0,,,0,1,,648.8,648.8,0.0,0.0,0.0,0.0,,no,pedestrian_stationary
3142-3321,3142,3321,car,person,99.099,106.006,0,,,0,26,0.584,16.9,156.8,480.3,541.7,541.7,216.5,-115.4,yes,pedestrian_stationary
3145-3321,3145,3321,bus,person,99.099,104.304,0,,,0,26,9.576,223.8,1613.0,168.4,216.5,0.0,216.5,,no,pedestrian_stationary
3172-3321,3172,3321,car,person,99.099,105.205,0,,,0,26,6.356,53.6,1401.8,228.8,248.7,106.9,216.5,-93.4,yes,pedestrian_stationary
3176-3321,3176,3321,car,person,99.099,100.3,0,,,0,13,14.335,43.2,2111.5,148.2,148.5,0.0,148.5,,no,pedestrian_stationary
3183-3321,3183,3321,truck,person,99.099,100.701,0,,,0,17,,648.4,648.4,0.0,153.8,0.0,153.8,,no,pedestrian_stationary
3194-3321,3194,3321,car,person,99.099,101.101,0,,,0,21,,1299.2,1299.2,0.0,153.8,0.0,153.8,,no,pedestrian_stationary
3196-3321,3196,3321,car,person,99.099,101.301,0,,,0,23,13.308,42.3,1960.6,153.3,153.8,0.0,153.8,,no,pedestrian_stationary
3217-3321,3217,3321,car,person,99.099,101.001,0,,,0,20,76.267,551.9,551.9,7.3,153.8,0.0,153.8,,no,pedestrian_stationary
3235-3321,3235,3321,car,person,99.099,106.006,0,,,0,26,37.616,705.5,1311.1,34.9,216.5,108.5,216.5,-164.0,yes,pedestrian_stationary
3243-3321,3243,3321,car,person,99.099,106.006,0,,,0,26,,662.1,662.1,0.0,581.0,581.0,216.5,-561.4,yes,pedestrian_stationary
3258-3321,3258,3321,car,person,99.099,104.705,0,,,0,26,11.819,42.7,1848.5,156.4,216.5,0.0,216.5,0.0,no,pedestrian_stationary
3259-3321,3259,3321,car,person,99.099,101.802,0,,,0,26,,646.9,646.9,0.0,210.9,0.0,210.9,,no,pedestrian_stationary
3261-3321,3261,3321,car,person,99.099,103.503,0,,,0,26,9.82,34.1,1857.2,192.8,216.5,0.0,216.5,0.0,no,pedestrian_stationary
3315-3321,3315,3321,truck,person,99.099,103.203,0,,,0,26,7.577,288.5,600.8,79.5,216.5,112.0,216.5,10.8,no,pedestrian_stationary
25-3331,25,3331,truck,person,99.399,104.504,0,,,0,52,,3082.1,3082.1,0.0,120.9,0.0,120.9,-0.0,no,pedestrian_stationary
1469-3331,1469,3331,car,person,99.399,104.504,0,,,0,52,,3158.4,3158.4,0.0,120.9,0.0,120.9,-0.0,no,pedestrian_stationary
1665-3331,1665,3331,truck,person,99.399,104.504,0,,,0,52,218.707,1139.5,1143.2,5.2,120.9,43.7,120.9,-109.3,yes,pedestrian_stationary
2009-3331,2009,3331,car,person,99.399,104.504,0,,,0,52,,1462.5,1462.5,0.0,120.9,0.0,120.9,-0.0,no,pedestrian_stationary
2135-3331,2135,3331,car,person,99.399,104.504,0,,,0,52,,1665.0,1665.0,0.0,120.9,0.0,120.9,-0.0,yes,pedestrian_stationary
2199-3331,2199,3331,car,person,99.399,104.504,0,,,0,52,,1900.8,1900.8,0.0,120.9,0.0,120.9,-0.0,no,pedestrian_stationary
2206-3331,2206,3331,car,person,99.399,104.504,0,,,0,52,768.576,1471.8,1471.8,2.1,120.9,14.6,120.9,-58.7,yes,pedestrian_stationary
2233-3331,2233,3331,car,person,99.399,104.504,0,,,0,52,,2149.3,2149.3,0.0,120.9,0.0,120.9,-0.0,no,pedestrian_stationary
2237-3331,2237,3331,car,person,99.399,104.504,0,,,0,52,,1740.5,1740.5,0.0,120.9,0.0,120.9,-0.0,no,pedestrian_stationary
2299-3331,2299,3331,bus,person,99.399,104.504,0,,,0,52,12.063,38.4,2468.4,204.6,204.7,204.7,120.9,-516.0,yes,pedestrian_stationary
2438-3331,2438,3331,car,person,99.399,103.403,0,,,0,41,,2938.2,2938.2,0.0,120.9,10.9,120.9,-8.5,yes,pedestrian_stationary
2463-3331,2463,3331,bus,person,99.399,104.504,0,,,0,52,,2571.5,2571.5,0.0,224.9,139.6,120.9,-118.2,yes,pedestrian_stationary
2470-3331,2470,3331,car,person,99.399,104.504,0,,,0,52,62.92,20.1,1298.5,22.1,120.9,22.2,120.9,-71.6,yes,pedestrian_stationary
2488-3331,2488,3331,car,person,99.399,104.504,0,,,0,52,,2827.3,2827.3,0.0,135.0,22.4,120.9,-66.5,yes,pedestrian_stationary
2586-3331,2586,3331,car,person,99.399,104.504,0,,,0,52,,1093.7,1093.7,0.0,120.9,0.0,120.9,-0.0,no,pedestrian_stationary
2729-3331,2729,3331,car,person,99.399,104.504,0,,,0,52,,3095.6,3095.6,0.0,120.9,14.0,120.9,-18.0,yes,pedestrian_stationary
2749-3331,2749,3331,truck,person,99.399,104.504,0,,,0,52,,239.3,239.3,0.0,351.3,291.0,120.9,-67.8,yes,pedestrian_stationary
2785-3331,2785,3331,car,person,99.399,104.504,0,,,0,52,51.955,455.7,908.6,19.5,183.8,156.5,120.9,-359.6,yes,pedestrian_stationary
2860-3331,2860,3331,car,person,99.399,104.504,0,,,0,52,,1923.7,1923.7,0.0,120.9,0.0,120.9,-0.0,no,pedestrian_stationary
2990-3331,2990,3331,car,person,99.399,103.303,0,,,0,40,,3310.6,3310.6,0.0,880.3,880.3,120.9,-895.0,yes,pedestrian_stationary
3008-3331,3008,3331,car,person,99.399,99.499,0,,,0,2,,489.2,489.2,0.0,0.0,0.0,0.0,,no,pedestrian_stationary
3021-3331,3021,3331,car,person,99.399,99.9,0,,,0,6,,3082.0,3082.0,0.0,114.1,0.0,114.1,,no,pedestrian_stationary
3050-3331,3050,3331,bus,person,99.399,104.504,0,,,0,52,23.498,21.1,2292.0,99.7,105.3,107.0,120.9,-133.0,yes,pedestrian_stationary
3090-3331,3090,3331,car,person,99.399,104.504,0,,,0,52,1.215,68.4,106.3,112.6,346.6,346.6,120.9,-38.1,yes,pedestrian_stationary
3142-3331,3142,3331,car,person,99.399,104.504,0,,,0,52,1.459,111.7,194.5,181.8,541.7,541.7,120.9,-80.1,yes,pedestrian_stationary
3145-3331,3145,3331,bus,person,99.399,104.304,0,,,0,50,,2839.9,2839.9,0.0,120.9,0.0,120.9,,no,pedestrian_stationary
3172-3331,3172,3331,car,person,99.399,104.504,0,,,0,52,30.855,74.3,2723.5,89.1,90.2,90.2,120.9,-93.4,yes,pedestrian_stationary
3176-3331,3176,3331,car,person,99.399,100.3,0,,,0,10,,3082.1,3082.1,0.0,120.9,0.0,120.9,,no,pedestrian_stationary
3183-3331,3183,3331,truck,person,99.399,100.701,0,,,0,14,,203.2,203.2,0.0,120.9,0.0,120.9,,no,pedestrian_stationary
3194-3331,3194,3331,car,person,99.399,101.101,0,,,0,18,3.675,22.8,390.7,110.7,120.9,0.0,120.9,,no,pedestrian_stationary
3196-3331,3196,3331,car,person,99.399,101.301,0,,,0,20,,3082.0,3082.0,0.0,120.9,0.0,120.9,,no,pedestrian_stationary
3217-3331,3217,3331,car,person,99.399,101.001,0,,,0,17,,910.8,910.8,0.0,120.9,0.0,120.9,,no,pedestrian_stationary
3235-3331,3235,3331,car,person,99.399,104.504,0,,,0,52,3.835,87.4,377.9,108.9,120.9,108.5,120.9,-72.5,yes,pedestrian_stationary
3243-3331,3243,3331,car,person,99.399,104.504,0,,,0,52,,1259.6,1259.6,0.0,581.0,581.0,120.9,-561.4,yes,pedestrian_stationary
3258-3331,3258,3331,car,person,99.399,104.504,0,,,0,52,,3082.3,3082.3,0.0,120.9,0.0,120.9,0.0,no,pedestrian_stationary
3259-3331,3259,3331,car,person,99.399,101.802,0,,,0,25,,205.7,205.7,0.0,120.9,0.0,120.9,,no,pedestrian_stationary
3261-3331,3261,3331,car,person,99.399,103.503,0,,,0,42,,3022.2,3022.2,0.0,120.9,0.0,120.9,0.0,no,pedestrian_stationary
3315-3331,3315,3331,truck,person,99.399,103.203,0,,,0,39,,240.3,240.3,0.0,205.2,112.0,120.9,45.1,no,pedestrian_stationary
25-3334,25,3334,truck,person,99.499,127.227,0,,,0,163,6.451,81.0,816.6,175.9,274.5,34.3,274.5,-106.3,yes,pedestrian_stationary
1469-3334,1469,3334,car,person,99.499,127.227,0,,,0,163,7.364,251.3,947.7,171.0,274.5,6.3,274.5,-30.4,no,pedestrian_stationary
1665-3334,1665,3334,truck,person,99.499,115.115,0,,,0,109,28.284,3.5,2058.1,85.2,240.1,125.5,274.5,-109.3,yes,pedestrian_stationary
2009-3334,2009,3334,car,person,99.499,127.227,0,,,0,163,7.162,367.9,467.5,87.0,327.8,379.5,274.5,-306.5,yes,pedestrian_stationary
2135-3334,2135,3334,car,person,99.499,127.227,0,,,0,163,3.109,108.7,189.1,175.2,389.3,389.3,274.5,-431.0,yes,pedestrian_stationary
2199-3334,2199,3334,car,person,99.499,127.227,0,,,0,163,3.468,194.1,194.2,204.5,305.0,312.5,274.5,-76.0,yes,pedestrian_stationary
2206-3334,2206,3334,car,person,99.499,127.227,0,,,0,163,6.806,21.1,367.5,129.5,397.8,397.8,274.5,-439.7,yes,pedestrian_stationary
2233-3334,2233,3334,car,person,99.499,121.722,0,,,0,163,2.443,12.7,234.9,211.2,274.5,112.9,274.5,-0.0,no,pedestrian_stationary
2237-3334,2237,3334,car,person,99.499,125.826,0,,,0,163,4.838,234.3,274.4,176.7,274.5,169.9,274.5,-14.5,no,pedestrian_stationary
2299-3334,2299,3334,bus,person,99.499,127.227,0,,,0,163,1.567,29.2,291.1,210.8,409.8,409.8,274.5,-516.0,yes,pedestrian_stationary
2438-3334,2438,3334,car,person,99.499,103.403,0,,,0,40,10.785,907.5,1156.0,120.7,178.3,10.9,178.3,50.4,yes,pedestrian_stationary
2463-3334,2463,3334,bus,person,99.499,108.108,0,,,0,44,18.47,7.0,1034.6,72.8,152.1,126.6,178.3,-118.2,yes,pedestrian_stationary
2470-3334,2470,3334,car,person,99.499,126.526,0,,,0,163,11.068,321.6,533.0,166.7,387.7,510.8,274.5,-533.2,yes,pedestrian_stationary
2488-3334,2488,3334,car,person,99.499,125.626,0,,,0,163,12.245,60.7,1088.7,104.6,274.5,46.3,274.5,-76.3,yes,pedestrian_stationary
2586-3334,2586,3334,car,person,99.499,127.227,0,,,0,163,10.911,45.7,800.0,114.6,274.5,334.3,274.5,-190.8,yes,pedestrian_stationary
2729-3334,2729,3334,car,person,99.499,111.612,0,,,0,74,11.507,100.2,1288.8,125.9,274.5,14.0,274.5,-18.0,yes,pedestrian_stationary
2749-3334,2749,3334,truck,person,99.499,109.009,0,,,0,48,8.958,357.1,1007.7,122.3,302.5,291.0,267.6,-67.8,yes,pedestrian_stationary
2785-3334,2785,3334,car,person,99.499,125.325,0,,,0,163,10.526,78.5,1118.4,172.7,349.6,391.5,274.5,-359.6,yes,pedestrian_stationary
2860-3334,2860,3334,car,person,99.499,127.227,0,,,0,163,7.087,57.9,686.2,181.7,274.5,20.3,274.5,-82.4,yes,pedestrian_stationary
2990-3334,2990,3334,car,person,99.499,103.303,0,,,0,39,9.601,39.5,1199.8,148.3,805.0,805.0,178.3,-895.0,yes,pedestrian_stationary
3008-3334,3008,3334,car,person,99.499,99.499,0,,,0,1,,2305.4,2305.4,0.0,0.0,0.0,0.0,,no,pedestrian_stationary
3021-3334,3021,3334,car,person,99.499,99.9,0,,,0,5,6.926,128.3,1203.5,175.9,178.3,0.0,178.3,,no,pedestrian_stationary
3050-3334,3050,3334,bus,person,99.499,127.227,0,,,0,163,2.441,12.8,370.9,220.0,275.6,263.6,274.5,-252.1,yes,pedestrian_stationary
3090-3334,3090,3334,car,person,99.499,118.618,0,,,0,140,4.987,44.6,1065.8,281.0,434.8,373.9,274.5,-101.2,yes,pedestrian_stationary
3142-3334,3142,3334,car,person,99.499,113.914,0,,,0,97,3.292,458.7,857.9,377.2,504.1,541.7,274.5,-115.4,yes,pedestrian_stationary
3145-3334,3145,3334,bus,person,99.499,104.304,0,,,0,44,6.147,363.0,734.3,160.3,178.3,0.0,178.3,,no,pedestrian_stationary
3172-3334,3172,3334,car,person,99.499,105.205,0,,,0,44,4.327,10.0,712.4,219.9,251.7,88.6,178.3,-81.3,yes,pedestrian_stationary
3176-3334,3176,3334,car,person,99.499,100.3,0,,,0,9,6.59,83.1,1135.9,175.9,178.3,0.0,178.3,,no,pedestrian_stationary
3183-3334,3183,3334,truck,person,99.499,100.701,0,,,0,13,,1653.0,1653.0,0.0,178.3,0.0,178.3,,no,pedestrian_stationary
3194-3334,3194,3334,car,person,99.499,101.101,0,,,0,17,,2306.0,2306.0,0.0,178.3,0.0,178.3,,no,pedestrian_stationary
3196-3334,3196,3334,car,person,99.499,101.301,0,,,0,19,6.455,82.3,989.3,175.9,178.3,0.0,178.3,,no,pedestrian_stationary
3217-3334,3217,3334,car,person,99.499,101.001,0,,,0,16,,1244.7,1244.7,0.0,178.3,0.0,178.3,,no,pedestrian_stationary
3235-3334,3235,3334,car,person,99.499,106.506,0,,,0,44,89.007,2283.9,2316.1,31.2,181.2,108.5,178.3,-72.5,yes,pedestrian_stationary
3243-3334,3243,3334,car,person,99.499,108.208,0,,,0,44,8.003,343.1,914.6,123.6,522.4,581.0,178.3,-561.4,yes,pedestrian_stationary
3258-3334,3258,3334,car,person,99.499,104.705,0,,,0,44,6.456,83.0,816.1,175.9,178.3,0.0,178.3,0.0,no,pedestrian_stationary
3259-3334,3259,3334,car,person,99.499,101.802,0,,,0,24,,1651.4,1651.4,0.0,178.3,0.0,178.3,,no,pedestrian_stationary
3261-3334,3261,3334,car,person,99.499,103.503,0,,,0,41,11.122,933.5,1220.2,124.0,178.3,0.0,178.3,0.0,no,pedestrian_stationary
3315-3334,3315,3334,truck,person,99.499,103.203,0,,,0,38,18.638,797.6,1587.1,85.2,176.0,112.0,178.3,45.1,no,pedestrian_stationary
25-3339,25,3339,truck,person,99.6,107.507,0,,,0,79,5.962,4.9,1103.6,185.4,216.8,34.3,216.8,-106.3,yes,pedestrian_stationary
1469-3339,1469,3339,car,person,99.6,107.507,0,,,0,79,6.585,29.5,1201.2,182.7,216.8,0.0,216.8,-0.0,no,pedestrian_stationary
1665-3339,1665,3339,truck,person,99.6,107.507,0,,,0,79,64.133,972.4,1783.9,28.3,216.8,51.0,216.8,-109.3,yes,pedestrian_stationary
2009-3339,2009,3339,car,person,99.6,107.507,0,,,0,79,,282.2,282.2,0.0,216.8,0.0,216.8,-0.0,no,pedestrian_stationary
2135-3339,2135,3339,car,person,99.6,107.507,0,,,0,79,2.019,122.4,163.6,99.4,216.8,9.0,216.8,-22.5,no,pedestrian_stationary
2199-3339,2199,3339,car,person,99.6,107.507,0,,,0,79,3.573,106.0,179.2,114.9,216.8,0.0,216.8,-0.0,no,pedestrian_stationary
2206-3339,2206,3339,car,person,99.6,107.507,0,,,0,79,,112.9,112.9,0.0,216.8,14.6,216.8,-58.7,yes,pedestrian_stationary
2233-3339,2233,3339,car,person,99.6,107.507,0,,,0,79,1.878,73.0,261.0,139.0,216.8,0.0,216.8,-0.0,no,pedestrian_stationary
2237-3339,2237,3339,car,person,99.6,107.507,0,,,0,79,3.459,200.8,269.8,90.5,216.8,0.0,216.8,-0.0,no,pedestrian_stationary
2299-3339,2299,3339,bus,person,99.6,107.507,0,,,0,79,2.801,13.0,505.4,180.8,216.8,60.8,216.8,-516.0,yes,pedestrian_stationary
2438-3339,2438,3339,car,person,99.6,103.403,0,,,0,38,9.181,661.8,1239.1,135.0,169.1,0.0,169.1,50.4,yes,pedestrian_stationary
2463-3339,2463,3339,bus,person,99.6,107.507,0,,,0,79,11.174,812.5,1117.6,101.5,187.7,123.6,216.8,-118.2,yes,pedestrian_stationary
2470-3339,2470,3339,car,person,99.6,107.507,0,,,0,79,205.933,214.9,214.9,3.6,216.8,22.2,216.8,-73.2,yes,pedestrian_stationary
2488-3339,2488,3339,car,person,99.6,107.507,0,,,0,79,8.851,648.3,1158.9,130.9,216.8,21.5,216.8,-66.5,yes,pedestrian_stationary
2586-3339,2586,3339,car,person,99.6,107.507,0,,,0,79,,490.1,490.1,0.0,216.8,0.0,216.8,-0.0,no,pedestrian_stationary
2729-3339,2729,3339,car,person,99.6,107.507,0,,,0,79,9.899,690.6,1396.8,142.0,216.8,14.0,216.8,-18.0,yes,pedestrian_stationary
2749-3339,2749,3339,truck,person,99.6,107.507,0,,,0,79,3.693,409.0,632.1,244.1,282.4,291.0,216.8,-67.8,yes,pedestrian_stationary
2784-3336,3336,2784,bus,person,99.6,108.008,0,,,0,13,7.251,20.1,981.7,156.9,225.6,6.3,225.6,-15.9,no,vehicle_not_moving
2785-3339,2785,3339,car,person,99.6,107.507,0,,,0,79,82.451,762.1,816.3,10.5,216.8,156.5,216.8,-359.6,yes,pedestrian_stationary
2855-3336,3336,2855,bus,person,99.6,107.007,0,,,0,28,8.658,5.7,1334.3,164.1,206.6,6.3,206.6,-15.9,no,vehicle_not_moving
2860-3339,2860,3339,car,person,99.6,107.507,0,,,0,79,11.147,604.9,678.8,65.0,216.8,0.0,216.8,-0.0,no,pedestrian_stationary
2952-3336,3336,2952,bus,person,99.6,107.407,0,,,0,32,,2676.6,2676.6,0.0,141.1,6.3,141.1,-15.9,no,vehicle_not_moving
2962-3336,3336,2962,bus,person,99.6,104.504,0,,,0,4,7.615,6.7,1310.4,185.6,225.0,6.3,225.0,-15.9,no,vehicle_not_moving
2990-3339,2990,3339,car,person,99.6,103.303,0,,,0,38,10.728,673.5,1547.9,148.7,709.3,709.3,169.1,-895.0,yes,pedestrian_stationary
3021-3339,3021,3339,car,person,99.6,99.9,0,,,0,4,12.718,55.2,1579.7,124.7,124.8,0.0,124.8,,no,pedestrian_stationary
3050-3339,3050,3339,bus,person,99.6,107.507,0,,,0,79,2.865,3.2,371.9,217.9,235.7,107.0,216.8,-252.1,yes,pedestrian_stationary
3090-3339,3090,3339,car,person,99.6,107.507,0,,,0,79,3.383,8.2,658.2,304.2,373.9,373.9,216.8,-101.2,yes,pedestrian_stationary
3114-3336,3336,3114,bus,person,99.6,102.803,0,,,0,33,,1852.4,1852.4,0.0,0.0,0.0,0.0,0.0,no,vehicle_not_moving
3128-3336,3336,3128,bus,person,99.6,101.401,0,,,0,19,,2379.5,2379.5,0.0,0.0,0.0,0.0,0.0,no,pedestrian_stationary
3142-3339,3142,3339,car,person,99.6,107.507,0,,,0,79,2.137,296.3,518.5,462.4,498.1,541.7,216.8,-115.4,yes,pedestrian_stationary
3143-3336,3336,3143,bus,person,99.6,99.9,0,,,0,4,,1141.6,1141.6,0.0,0.0,0.0,0.0,,no,pedestrian_stationary
3145-3339,3145,3339,bus,person,99.6,104.304,0,,,0,47,5.312,122.5,925.6,174.2,216.8,0.0,216.8,,no,pedestrian_stationary
3147-3336,3336,3147,bus,person,99.6,117.818,0,,,0,158,5.726,346.4,415.5,74.1,129.1,6.3,129.1,-15.9,no,vehicle_not_moving
3172-3339,3172,3339,car,person,99.6,105.205,0,,,0,56,5.598,85.8,804.2,197.4,216.8,88.6,216.8,-49.6,yes,pedestrian_stationary
3176-3339,3176,3339,car,person,99.6,100.3,0,,,0,8,12.72,5.9,1556.4,124.7,124.8,0.0,124.8,,no,pedestrian_stationary
3183-3339,3183,3339,truck,person,99.6,100.701,0,,,0,12,,1307.3,1307.3,0.0,124.8,0.0,124.8,,no,pedestrian_stationary
3194-3339,3194,3339,car,person,99.6,101.101,0,,,0,16,,1959.4,1959.4,0.0,124.8,0.0,124.8,,no,pedestrian_stationary
3196-3339,3196,3339,car,person,99.6,101.301,0,,,0,18,12.718,6.8,1556.3,124.7,124.8,0.0,124.8,,no,pedestrian_stationary
3207-3336,3336,3207,bus,person,99.6,113.714,0,,,0,97,,1609.2,1609.2,0.0,155.5,6.3,155.5,-15.9,no,vehicle_not_moving
3213-3336,3336,3213,bus,person,99.6,102.903,0,,,0,34,,1080.1,1080.1,0.0,0.0,0.0,0.0,0.0,no,vehicle_not_moving
3217-3339,3217,3339,car,person,99.6,101.001,0,,,0,15,,953.5,953.5,0.0,124.8,0.0,124.8,,no,pedestrian_stationary
3235-3339,3235,3339,car,person,99.6,106.506,0,,,0,69,161.19,1071.5,1969.0,12.5,218.9,108.5,216.8,-72.5,yes,pedestrian_stationary
3243-3339,3243,3339,car,person,99.6,107.507,0,,,0,79,19.544,775.5,781.8,40.0,520.6,581.0,216.8,-561.4,yes,pedestrian_stationary
3244-3336,3336,3244,bus,person,99.6,103.704,0,,,0,42,5632.297,1551.8,1551.8,0.3,103.2,6.3,103.2,-15.9,no,vehicle_not_moving
3258-3339,3258,3339,car,person,99.6,104.705,0,,,0,51,5.96,4.3,1105.0,185.4,216.8,0.0,216.8,0.0,no,pedestrian_stationary
3259-3339,3259,3339,car,person,99.6,101.802,0,,,0,23,,1305.7,1305.7,0.0,124.8,0.0,124.8,,no,pedestrian_stationary
3261-3339,3261,3339,car,person,99.6,103.503,0,,,0,39,9.534,674.7,1313.5,137.8,169.1,0.0,169.1,0.0,no,pedestrian_stationary
3290-3336,3336,3290,bus,person,99.6,105.405,0,,,0,16,2.829,37.7,219.0,118.1,199.6,6.3,199.6,-15.9,no,vehicle_not_moving
3313-3336,3336,3313,bus,person,99.6,117.818,0,,,0,162,3.481,253.1,300.0,139.2,163.6,6.3,163.6,-15.9,no,vehicle_not_moving
3315-3339,3315,3339,truck,person,99.6,103.203,0,,,0,37,13.458,550.4,1240.5,92.9,169.1,112.0,169.1,45.1,no,pedestrian_stationary
3318-3336,3336,3318,bus,person,99.6,103.003,0,,,0,35,,2564.6,2564.6,0.0,0.0,0.0,0.0,0.0,no,pedestrian_stationary
3321-3336,3336,3321,bus,person,99.6,106.006,0,,,0,21,8.665,97.7,1375.2,158.9,216.5,6.3,216.5,-15.9,no,vehicle_not_moving
3331-3336,3336,3331,bus,person,99.6,104.504,0,,,0,50,,2622.1,2622.1,0.0,120.9,6.3,120.9,-15.9,no,vehicle_not_moving
3334-3336,3336,3334,bus,person,99.6,117.818,0,,,0,131,3.779,33.0,417.0,171.7,274.5,6.3,274.5,-15.9,no,pedestrian_stationary
3336-3339,3336,3339,bus,person,99.6,107.507,0,,,0,79,3.537,2.0,645.3,182.6,216.8,6.3,216.8,-15.9,no,pedestrian_stationary
25-3350,25,3350,truck,person,100.1,105.606,0,,,0,56,1455.061,2066.9,2066.9,1.5,141.3,34.3,141.3,-103.3,yes,pedestrian_stationary
1469-3350,1469,3350,car,person,100.1,105.606,0,,,0,56,,2150.4,2150.4,0.0,141.3,0.0,141.3,-0.0,no,pedestrian_stationary
1665-3350,1665,3350,truck,person,100.1,105.606,0,,,0,56,14.403,566.2,1344.2,93.8,149.1,43.7,141.3,-109.3,yes,pedestrian_stationary
2009-3350,2009,3350,car,person,100.1,105.606,0,,,0,56,,495.7,495.7,0.0,141.3,0.0,141.3,-0.0,no,pedestrian_stationary
2135-3350,2135,3350,car,person,100.1,105.606,0,,,0,56,,651.4,651.4,0.0,141.3,0.0,141.3,-0.0,no,pedestrian_stationary
2199-3350,2199,3350,car,person,100.1,105.606,0,,,0,56,,898.1,898.1,0.0,141.3,0.0,141.3,-0.0,no,pedestrian_stationary
2206-3350,2206,3350,car,person,100.1,105.606,0,,,0,56,191.999,467.3,467.3,3.4,141.3,14.6,141.3,-58.7,yes,pedestrian_stationary
2233-3350,2233,3350,car,person,100.1,105.606,0,,,0,56,,1143.7,1143.7,0.0,141.3,0.0,141.3,-0.0,no,pedestrian_stationary
2237-3350,2237,3350,car,person,100.1,105.606,0,,,0,56,,753.3,753.3,0.0,141.3,0.0,141.3,-0.0,no,pedestrian_stationary
2299-3350,2299,3350,bus,person,100.1,105.606,0,,,0,56,,1459.7,1459.7,0.0,141.3,8.4,141.3,-42.0,yes,pedestrian_stationary
2438-3350,2438,3350,car,person,100.1,103.403,0,,,0,34,,2009.1,2009.1,0.0,141.3,0.0,141.3,,no,pedestrian_stationary
2463-3350,2463,3350,bus,person,100.1,105.606,0,,,0,56,,1725.9,1725.9,0.0,176.8,123.6,141.3,-101.1,yes,pedestrian_stationary
2470-3350,2470,3350,car,person,100.1,105.606,0,,,0,56,19.988,26.1,288.4,14.6,125.2,22.2,141.3,-64.4,yes,pedestrian_stationary
2488-3350,2488,3350,car,person,100.1,105.606,0,,,0,56,,1910.1,1910.1,0.0,141.3,18.5,141.3,-66.5,yes,pedestrian_stationary
2586-3350,2586,3350,car,person,100.1,105.606,0,,,0,56,10.816,246.3,254.5,23.6,141.3,0.0,141.3,-0.0,no,pedestrian_stationary
2729-3350,2729,3350,car,person,100.1,105.606,0,,,0,56,,2166.3,2166.3,0.0,141.3,14.0,141.3,-18.0,yes,pedestrian_stationary
2749-3350,2749,3350,truck,person,100.1,105.606,0,,,0,56,0.967,159.5,185.5,337.4,380.1,291.0,141.3,-67.8,yes,pedestrian_stationary
2785-3350,2785,3350,car,person,100.1,105.606,0,,,0,56,6.409,165.5,418.9,75.1,138.1,39.7,141.3,-278.7,yes,pedestrian_stationary
2860-3350,2860,3350,car,person,100.1,105.606,0,,,0,56,,1044.0,1044.0,0.0,141.3,0.0,141.3,-0.0,no,pedestrian_stationary
2990-3350,2990,3350,car,person,100.1,103.303,0,,,0,33,,2348.4,2348.4,0.0,141.3,0.0,141.3,,no,pedestrian_stationary
3050-3350,3050,3350,bus,person,100.1,105.606,0,,,0,56,12.701,130.7,1274.9,100.9,120.9,107.0,141.3,-133.0,yes,pedestrian_stationary
3090-3350,3090,3350,car,person,100.1,105.606,0,,,0,56,1.571,30.3,259.1,393.4,400.5,373.9,141.3,-101.2,yes,pedestrian_stationary
3145-3350,3145,3350,bus,person,100.1,104.304,0,,,0,43,,1840.7,1840.7,0.0,141.3,0.0,141.3,,no,pedestrian_stationary
3172-3350,3172,3350,car,person,100.1,105.205,0,,,0,52,19.895,365.3,1711.3,86.6,141.3,88.6,141.3,-49.6,yes,pedestrian_stationary
3176-3350,3176,3350,car,person,100.1,100.3,0,,,0,3,,2067.0,2067.0,0.0,93.1,0.0,93.1,,no,pedestrian_stationary
3183-3350,3183,3350,truck,person,100.1,100.701,0,,,0,7,8.054,32.1,799.7,100.2,101.4,0.0,101.4,,no,pedestrian_stationary
3194-3350,3194,3350,car,person,100.1,101.101,0,,,0,11,11.712,30.4,1398.8,119.4,120.3,0.0,120.3,,no,pedestrian_stationary
3196-3350,3196,3350,car,person,100.1,101.301,0,,,0,13,,2066.9,2066.9,0.0,121.9,0.0,121.9,,no,pedestrian_stationary
3217-3350,3217,3350,car,person,100.1,101.001,0,,,0,10,8.114,350.8,600.7,77.1,120.3,0.0,120.3,,no,pedestrian_stationary
3235-3350,3235,3350,car,person,100.1,105.606,0,,,0,56,9.372,13.9,1321.5,141.0,141.3,108.5,141.3,-66.1,yes,pedestrian_stationary
3243-3350,3243,3350,car,person,100.1,105.606,0,,,0,56,,801.6,801.6,0.0,636.3,581.0,141.3,-561.4,yes,pedestrian_stationary
3258-3350,3258,3350,car,person,100.1,104.705,0,,,0,47,,2067.0,2067.0,0.0,141.3,0.0,141.3,0.0,no,pedestrian_stationary
3259-3350,3259,3350,car,person,100.1,101.802,0,,,0,18,5.597,25.5,674.3,125.1,125.2,0.0,125.2,,no,pedestrian_stationary
3261-3350,3261,3350,car,person,100.1,103.503,0,,,0,35,,2091.5,2091.5,0.0,141.3,0.0,141.3,0.0,no,pedestrian_stationary
3315-3350,3315,3350,truck,person,100.1,103.203,0,,,0,32,4.312,0.1,607.1,140.8,141.3,0.0,141.3,,no,pedestrian_stationary
3336-3350,3336,3350,bus,person,100.1,105.606,0,,,0,56,8924.304,1596.3,1596.3,0.2,141.3,6.3,141.3,-15.9,no,pedestrian_stationary
25-3363,25,3363,truck,person,100.701,116.116,0,,,0,62,3.97,2.9,320.0,162.7,206.4,34.3,207.3,-106.3,yes,pedestrian_stationary
25-3364,25,3364,truck,person,100.701,104.705,0,,,0,41,,1588.9,1588.9,0.0,0.0,0.0,0.0,-0.0,no,pedestrian_stationary
1469-3363,1469,3363,car,person,100.701,116.116,0,,,0,62,4.945,13.5,487.6,153.0,207.3,6.3,207.3,-30.4,no,pedestrian_stationary
1469-3364,1469,3364,car,person,100.701,104.705,0,,,0,41,,1675.4,1675.4,0.0,0.0,0.0,0.0,-0.0,no,pedestrian_stationary
1665-3363,1665,3363,truck,person,100.701,115.115,0,,,0,62,,2035.3,2035.3,0.0,288.5,125.5,207.3,-109.3,yes,pedestrian_stationary
1665-3364,1665,3364,truck,person,100.701,104.705,0,,,0,41,63.657,973.1,1784.8,28.0,43.7,43.7,0.0,-109.3,yes,pedestrian_stationary
2009-3363,2009,3363,car,person,100.701,116.116,0,,,0,62,,443.8,443.8,0.0,207.3,0.0,207.3,-0.0,no,pedestrian_stationary
2009-3364,2009,3364,car,person,100.701,104.705,0,,,0,41,,285.3,285.3,0.0,0.0,0.0,0.0,-0.0,no,pedestrian_stationary
2135-3363,2135,3363,car,person,100.701,116.116,0,,,0,62,,165.1,165.1,0.0,207.3,9.0,207.3,-22.5,no,pedestrian_stationary
2135-3364,2135,3364,car,person,100.701,104.705,0,,,0,41,,203.7,203.7,0.0,0.0,0.0,0.0,-0.0,no,pedestrian_stationary
2199-3363,2199,3363,car,person,100.701,116.116,0,,,0,62,6.211,211.3,228.3,37.1,207.3,71.9,207.3,-0.0,no,pedestrian_stationary
2199-3364,2199,3364,car,person,100.701,104.705,0,,,0,41,,438.6,438.6,0.0,0.0,0.0,0.0,-0.0,no,pedestrian_stationary
2206-3363,2206,3363,car,person,100.701,116.116,0,,,0,62,,369.3,369.3,0.0,207.3,58.9,207.3,-58.7,yes,pedestrian_stationary
2206-3364,2206,3364,car,person,100.701,104.705,0,,,0,41,7.306,12.8,105.3,14.5,14.6,14.6,0.0,-58.7,yes,pedestrian_stationary
2233-3363,2233,3363,car,person,100.701,116.116,0,,,0,62,4.346,198.7,273.0,86.3,207.3,24.5,207.3,-0.0,no,pedestrian_stationary
2233-3364,2233,3364,car,person,100.701,104.705,0,,,0,41,,674.7,674.7,0.0,0.0,0.0,0.0,-0.0,no,pedestrian_stationary
2237-3363,2237,3363,car,person,100.701,116.116,0,,,0,62,,298.3,298.3,0.0,207.3,37.7,207.3,-0.0,no,pedestrian_stationary
2237-3364,2237,3364,car,person,100.701,104.705,0,,,0,41,,336.3,336.3,0.0,0.0,0.0,0.0,-0.0,no,pedestrian_stationary
2299-3363,2299,3363,bus,person,100.701,116.116,0,,,0,62,2.044,100.0,192.8,125.1,207.3,30.1,207.3,-7.9,yes,pedestrian_stationary
2299-3364,2299,3364,bus,person,100.701,104.705,0,,,0,41,,977.5,977.5,0.0,0.0,0.0,0.0,-7.9,yes,pedestrian_stationary
2438-3363,2438,3363,car,person,100.701,103.403,0,,,0,28,16.205,849.1,1189.1,77.8,144.9,0.0,144.9,,no,pedestrian_stationary
2438-3364,2438,3364,car,person,100.701,103.403,0,,,0,28,,1594.8,1594.8,0.0,0.0,0.0,0.0,,no,pedestrian_stationary
2463-3363,2463,3363,bus,person,100.701,108.108,0,,,0,62,11.096,800.7,1012.7,91.3,196.6,123.6,192.0,-94.7,yes,pedestrian_stationary
2463-3364,2463,3364,bus,person,100.701,104.705,0,,,0,41,,1358.1,1358.1,0.0,123.6,123.6,0.0,-94.7,yes,pedestrian_stationary
2470-3363,2470,3363,car,person,100.701,116.116,0,,,0,62,,533.0,533.0,0.0,219.4,79.6,207.3,-73.2,yes,pedestrian_stationary
2470-3364,2470,3364,car,person,100.701,104.705,0,,,0,41,,238.7,238.7,0.0,22.2,22.2,0.0,-62.9,yes,pedestrian_stationary
2488-3363,2488,3363,car,person,100.701,116.116,0,,,0,62,9.983,737.6,980.9,98.3,201.4,46.3,207.3,-76.3,yes,pedestrian_stationary
2488-3364,2488,3364,car,person,100.701,104.705,0,,,0,41,,1502.8,1502.8,0.0,0.0,0.0,0.0,-33.2,yes,pedestrian_stationary
2586-3363,2586,3363,car,person,100.701,116.116,0,,,0,62,,784.2,784.2,0.0,207.3,24.5,207.3,-0.0,no,pedestrian_stationary
2586-3364,2586,3364,car,person,100.701,104.705,0,,,0,41,,506.0,506.0,0.0,0.0,0.0,0.0,-0.0,no,pedestrian_stationary
2729-3363,2729,3363,car,person,100.701,111.612,0,,,0,62,9.794,706.2,1155.6,118.0,207.3,14.0,207.3,-18.0,no,pedestrian_stationary
2729-3364,2729,3364,car,person,100.701,104.705,0,,,0,41,,1746.4,1746.4,0.0,14.0,14.0,0.0,-18.0,no,pedestrian_stationary
2749-3363,2749,3363,truck,person,100.701,109.009,0,,,0,62,5.373,558.9,1017.1,239.4,265.8,291.0,192.0,-67.8,yes,pedestrian_stationary
2749-3364,2749,3364,truck,person,100.701,104.705,0,,,0,41,3.162,399.9,413.1,243.5,291.0,291.0,0.0,-67.8,yes,pedestrian_stationary
2784-3365,3365,2784,car,person,100.701,105.606,0,,,0,2,,1740.0,1740.0,0.0,209.5,114.8,225.6,80.0,no,vehicle_not_moving
2785-3363,2785,3363,car,person,100.701,116.116,0,,,0,62,,1097.7,1097.7,0.0,207.3,66.7,207.3,-109.0,yes,pedestrian_stationary
2785-3364,2785,3364,car,person,100.701,104.705,0,,,0,41,76.576,728.8,829.8,10.9,29.7,29.7,0.0,-103.5,yes,pedestrian_stationary
2855-3365,3365,2855,car,person,100.701,105.606,0,,,0,17,,1484.9,1484.9,0.0,206.6,114.8,206.6,80.0,no,vehicle_not_moving
2860-3363,2860,3363,car,person,100.701,116.116,0,,,0,62,94.073,710.1,712.4,7.6,207.3,6.7,207.3,-16.6,no,pedestrian_stationary
2860-3364,2860,3364,car,person,100.701,104.705,0,,,0,41,,740.3,740.3,0.0,0.0,0.0,0.0,-0.0,no,pedestrian_stationary
2990-3363,2990,3363,car,person,100.701,103.303,0,,,0,27,11.263,674.0,1339.4,125.3,144.9,0.0,144.9,,no,pedestrian_stationary
2990-3364,2990,3364,car,person,100.701,103.303,0,,,0,27,,1927.5,1927.5,0.0,0.0,0.0,0.0,,no,pedestrian_stationary
3050-3363,3050,3363,bus,person,100.701,116.116,0,,,0,62,4.466,24.9,393.0,118.6,207.3,95.2,207.3,-252.1,yes,pedestrian_stationary
3050-3364,3050,3364,bus,person,100.701,104.705,0,,,0,41,10.754,61.1,729.3,74.8,75.3,75.3,0.0,-133.0,yes,pedestrian_stationary
3090-3363,3090,3363,car,person,100.701,116.116,0,,,0,62,7.993,110.4,1155.0,179.8,292.0,373.9,207.3,-101.2,yes,pedestrian_stationary
3090-3364,3090,3364,car,person,100.701,104.705,0,,,0,41,2.874,39.4,739.6,288.2,346.6,346.6,0.0,-22.7,yes,pedestrian_stationary
3114-3365,3365,3114,car,person,100.701,102.803,0,,,0,22,17.736,296.9,1299.9,73.3,114.8,114.8,0.0,80.0,no,vehicle_not_moving
3128-3365,3365,3128,car,person,100.701,101.401,0,,,0,8,19.378,93.5,802.1,41.4,48.8,48.8,0.0,80.0,no,pedestrian_stationary
3142-3363,3142,3363,car,person,100.701,113.914,0,,,0,62,3.351,447.0,778.9,324.2,427.7,541.7,207.3,-115.4,yes,pedestrian_stationary
3142-3364,3142,3364,car,person,100.701,104.705,0,,,0,41,1.135,288.7,323.6,463.0,541.7,541.7,0.0,-83.4,yes,pedestrian_stationary
3145-3363,3145,3363,bus,person,100.701,104.304,0,,,0,37,4.946,304.9,677.2,136.9,155.1,0.0,155.1,,no,pedestrian_stationary
3145-3364,3145,3364,bus,person,100.701,104.304,0,,,0,37,,1376.3,1376.3,0.0,0.0,0.0,0.0,,no,pedestrian_stationary
3147-3365,3365,3147,car,person,100.701,105.606,0,,,0,30,64.138,2305.9,2932.7,46.3,139.9,114.8,101.2,80.0,no,pedestrian_not_in_crosswalk
3172-3363,3172,3363,car,person,100.701,105.205,0,,,0,46,5.919,237.9,658.8,158.9,193.7,81.2,189.4,-49.6,yes,pedestrian_stationary
3172-3364,3172,3364,car,person,100.701,104.705,0,,,0,41,15.24,71.8,1193.2,81.0,81.2,81.2,0.0,-49.6,yes,pedestrian_stationary
3183-3363,3183,3363,truck,person,100.701,100.701,0,,,0,1,,1642.6,1642.6,0.0,0.0,0.0,0.0,,no,pedestrian_stationary
3183-3364,3183,3364,truck,person,100.701,100.701,0,,,0,1,,1324.1,1324.1,0.0,0.0,0.0,0.0,,no,pedestrian_stationary
3194-3363,3194,3363,car,person,100.701,101.101,0,,,0,5,,2296.1,2296.1,0.0,116.4,0.0,116.4,,no,pedestrian_stationary
3194-3364,3194,3364,car,person,100.701,101.101,0,,,0,5,,1976.3,1976.3,0.0,0.0,0.0,0.0,,no,pedestrian_stationary
3196-3363,3196,3363,car,person,100.701,101.301,0,,,0,7,10.543,5.4,1217.4,116.4,119.1,0.0,119.1,,no,pedestrian_stationary
3196-3364,3196,3364,car,person,100.701,101.301,0,,,0,7,,1589.7,1589.7,0.0,0.0,0.0,0.0,,no,pedestrian_stationary
3207-3365,3365,3207,car,person,100.701,105.606,0,,,0,50,7.298,20.4,943.1,182.1,204.4,114.8,153.9,80.0,no,vehicle_not_moving
3213-3365,3365,3213,car,person,100.701,102.903,0,,,0,23,28.99,404.5,2072.9,71.5,114.8,114.8,0.0,80.0,no,vehicle_not_moving
3217-3363,3217,3363,car,person,100.701,101.001,0,,,0,4,,1224.3,1224.3,0.0,108.4,0.0,108.4,,no,pedestrian_stationary
3217-3364,3217,3364,car,person,100.701,101.001,0,,,0,4,,968.0,968.0,0.0,0.0,0.0,0.0,,no,pedestrian_stationary
3235-3363,3235,3363,car,person,100.701,106.506,0,,,0,59,,2298.7,2298.7,0.0,199.9,108.5,192.0,-66.1,yes,pedestrian_stationary
3235-3364,3235,3364,car,person,100.701,104.705,0,,,0,41,158.575,1054.7,1979.2,12.5,108.5,108.5,0.0,-66.1,yes,pedestrian_stationary
3243-3363,3243,3363,car,person,100.701,108.208,0,,,0,62,5.366,234.9,822.5,186.7,451.8,581.0,192.0,-561.4,yes,pedestrian_stationary
3243-3364,3243,3364,car,person,100.701,104.705,0,,,0,41,,836.1,836.1,0.0,581.0,581.0,0.0,-561.4,yes,pedestrian_stationary
3244-3365,3365,3244,car,person,100.701,103.704,0,,,0,31,21.914,338.3,1584.6,72.3,114.8,114.8,0.0,80.0,no,vehicle_not_moving
3258-3363,3258,3363,car,person,100.701,104.705,0,,,0,41,4.624,3.5,742.1,163.3,189.4,0.0,189.4,0.0,no,pedestrian_stationary
3258-3364,3258,3364,car,person,100.701,104.705,0,,,0,41,,1589.8,1589.8,0.0,0.0,0.0,0.0,0.0,no,pedestrian_stationary
3259-3363,3259,3363,car,person,100.701,101.802,0,,,0,12,,1640.9,1640.9,0.0,141.4,0.0,141.4,,no,pedestrian_stationary
3259-3364,3259,3364,car,person,100.701,101.802,0,,,0,12,,1322.5,1322.5,0.0,0.0,0.0,0.0,,no,pedestrian_stationary
3261-3363,3261,3363,car,person,100.701,103.503,0,,,0,29,16.368,868.7,1251.8,81.4,144.9,0.0,144.9,,no,pedestrian_stationary
3261-3364,3261,3364,car,person,100.701,103.503,0,,,0,29,,1675.1,1675.1,0.0,0.0,0.0,0.0,,no,pedestrian_stationary
3290-3365,3365,3290,car,person,100.701,105.405,0,,,0,5,47.236,2391.4,3089.2,67.6,178.1,114.8,199.6,80.0,no,vehicle_not_moving
3313-3365,3365,3313,car,person,100.701,105.606,0,,,0,46,54.523,1832.4,2637.6,55.6,163.6,114.8,163.6,80.0,no,vehicle_not_moving
3315-3363,3315,3363,truck,person,100.701,103.203,0,,,0,26,,1577.4,1577.4,0.0,144.9,0.0,144.9,,no,pedestrian_stationary
3315-3364,3315,3364,truck,person,100.701,103.203,0,,,0,26,,1257.3,1257.3,0.0,0.0,0.0,0.0,,no,pedestrian_stationary
3318-3365,3365,3318,car,person,100.701,103.003,0,,,0,24,6.835,16.9,600.0,87.8,114.8,114.8,0.0,80.0,no,pedestrian_stationary
3321-3365,3365,3321,car,person,100.701,105.606,0,,,0,10,,1622.1,1622.1,0.0,177.6,114.8,216.5,80.0,no,vehicle_not_moving
3331-3365,3365,3331,car,person,100.701,104.504,0,,,0,39,4.667,57.2,453.8,97.2,114.8,114.8,103.3,80.0,no,vehicle_not_moving
3334-3365,3365,3334,car,person,100.701,105.606,0,,,0,32,83.089,2527.0,2602.1,33.9,170.7,114.8,170.7,80.0,no,vehicle_not_moving
3336-3363,3336,3363,bus,person,100.701,116.116,0,,,0,62,1.832,92.8,233.2,145.3,207.3,6.3,207.3,-15.9,no,pedestrian_stationary
3336-3364,3336,3364,bus,person,100.701,104.705,0,,,0,41,2577.859,1119.2,1120.8,0.4,6.3,6.3,0.0,-15.9,no,pedestrian_stationary
3339-3365,3365,3339,car,person,100.701,105.606,0,,,0,49,28.926,403.1,2067.7,71.5,216.8,114.8,216.8,80.0,no,vehicle_not_moving
3350-3365,3365,3350,car,person,100.701,105.606,0,,,0,50,6.425,36.7,1375.6,214.1,226.2,114.8,141.3,80.0,no,vehicle_not_moving
3363-3365,3365,3363,car,person,100.701,105.606,0,,,0,50,,2389.8,2389.8,0.0,189.4,114.8,189.4,80.0,no,pedestrian_stationary
3364-3365,3365,3364,car,person,100.701,104.705,0,,,0,41,28.463,397.0,2034.3,71.5,114.8,114.8,0.0,80.0,no,pedestrian_stationary
25-3372,25,3372,truck,person,101.001,107.407,0,,,0,21,1667.476,3256.9,3256.9,2.1,145.5,34.3,145.5,-106.3,yes,pedestrian_stationary
1469-3372,1469,3372,car,person,101.001,107.407,0,,,0,21,,3330.4,3330.4,0.0,145.5,0.0,145.5,-0.0,no,pedestrian_stationary
1665-3372,1665,3372,truck,person,101.001,107.407,0,,,0,21,14.408,665.8,1207.4,83.8,146.8,47.8,145.5,-109.3,yes,pedestrian_stationary
2009-3372,2009,3372,car,person,101.001,107.407,0,,,0,21,,1645.6,1645.6,0.0,145.5,0.0,145.5,-0.0,no,pedestrian_stationary
2135-3372,2135,3372,car,person,101.001,107.407,0,,,0,21,233.096,36.9,1844.6,9.0,145.5,9.0,145.5,-22.5,no,pedestrian_stationary
2199-3372,2199,3372,car,person,101.001,107.407,0,,,0,21,,2073.3,2073.3,0.0,145.5,0.0,145.5,-0.0,no,pedestrian_stationary
2206-3372,2206,3372,car,person,101.001,107.407,0,,,0,21,1220.884,1644.3,1644.3,1.6,145.5,14.6,145.5,-58.7,yes,pedestrian_stationary
2233-3372,2233,3372,car,person,101.001,107.407,0,,,0,21,,2320.4,2320.4,0.0,145.5,0.0,145.5,-0.0,no,pedestrian_stationary
2237-3372,2237,3372,car,person,101.001,107.407,0,,,0,21,,1909.6,1909.6,0.0,145.5,0.0,145.5,-0.0,no,pedestrian_stationary
2299-3372,2299,3372,bus,person,101.001,107.407,0,,,0,21,,2642.1,2642.1,0.0,145.5,0.0,145.5,-2.0,yes,pedestrian_stationary
2438-3372,2438,3372,car,person,101.001,103.403,0,,,0,21,,3093.4,3093.4,0.0,145.5,0.0,145.5,,no,pedestrian_stationary
2463-3372,2463,3372,bus,person,101.001,107.407,0,,,0,21,,2825.1,2825.1,0.0,167.5,123.6,145.5,-70.3,yes,pedestrian_stationary
2470-3372,2470,3372,car,person,101.001,107.407,0,,,0,21,225.9,998.5,1471.5,6.5,145.5,22.2,145.5,-73.2,yes,pedestrian_stationary
2488-3372,2488,3372,car,person,101.001,107.407,0,,,0,21,,2997.1,2997.1,0.0,145.5,11.9,145.5,-4.2,yes,pedestrian_stationary
2586-3372,2586,3372,car,person,101.001,107.407,0,,,0,21,,1275.4,1275.4,0.0,145.5,0.0,145.5,-0.0,no,pedestrian_stationary
2729-3372,2729,3372,car,person,101.001,107.407,0,,,0,21,,3251.3,3251.3,0.0,158.1,14.0,145.5,-18.0,no,pedestrian_stationary
2749-3372,2749,3372,truck,person,101.001,107.407,0,,,0,21,,754.2,754.2,0.0,382.6,291.0,145.5,-67.8,yes,pedestrian_stationary
2785-3372,2785,3372,car,person,101.001,107.407,0,,,0,21,24.245,170.8,1092.2,50.8,145.5,57.1,145.5,-103.5,yes,pedestrian_stationary
2860-3372,2860,3372,car,person,101.001,107.407,0,,,0,21,,2072.7,2072.7,0.0,145.5,0.0,145.5,-0.0,no,pedestrian_stationary
2990-3372,2990,3372,car,person,101.001,103.303,0,,,0,21,,3494.6,3494.6,0.0,145.5,0.0,145.5,,no,pedestrian_stationary
3050-3372,3050,3372,bus,person,101.001,107.407,0,,,0,21,36.203,37.1,2399.0,72.2,145.5,95.2,145.5,-252.1,yes,pedestrian_stationary
3090-3372,3090,3372,car,person,101.001,107.407,0,,,0,21,3.757,149.3,167.7,47.7,420.7,373.9,145.5,-101.2,yes,pedestrian_stationary
3142-3372,3142,3372,car,person,101.001,107.407,0,,,0,21,,282.2,282.2,0.0,646.0,541.7,145.5,-115.4,yes,pedestrian_stationary
3145-3372,3145,3372,bus,person,101.001,104.304,0,,,0,21,,3010.3,3010.3,0.0,145.5,0.0,145.5,,no,pedestrian_stationary
3172-3372,3172,3372,car,person,101.001,105.205,0,,,0,21,35.269,464.0,2789.8,79.2,145.5,80.4,145.5,-49.6,yes,pedestrian_stationary
3194-3372,3194,3372,car,person,101.001,101.101,0,,,0,2,,347.7,347.7,0.0,0.0,0.0,0.0,,no,pedestrian_stationary
3196-3372,3196,3372,car,person,101.001,101.301,0,,,0,4,,3256.8,3256.8,0.0,97.9,0.0,97.9,,no,pedestrian_stationary
3217-3372,3217,3372,car,person,101.001,101.001,0,,,0,1,,1082.9,1082.9,0.0,0.0,0.0,0.0,,no,pedestrian_stationary
3235-3372,3235,3372,car,person,101.001,106.506,0,,,0,21,0.831,2.7,93.6,164.6,169.5,108.5,145.5,-66.1,yes,pedestrian_stationary
3243-3372,3243,3372,car,person,101.001,107.407,0,,,0,21,,2099.5,2099.5,0.0,690.2,581.0,145.5,-561.4,yes,pedestrian_stationary
3258-3372,3258,3372,car,person,101.001,104.705,0,,,0,21,,3256.8,3256.8,0.0,145.5,0.0,145.5,0.0,no,pedestrian_stationary
3259-3372,3259,3372,car,person,101.001,101.802,0,,,0,9,,384.4,384.4,0.0,120.6,0.0,120.6,,no,pedestrian_stationary
3261-3372,3261,3372,car,person,101.001,103.503,0,,,0,21,,3176.4,3176.4,0.0,145.5,0.0,145.5,,no,pedestrian_stationary
3315-3372,3315,3372,truck,person,101.001,103.203,0,,,0,21,,424.2,424.2,0.0,145.5,0.0,145.5,,no,pedestrian_stationary
3336-3372,3336,3372,bus,person,101.001,107.407,0,,,0,21,,2785.8,2785.8,0.0,145.5,6.3,145.5,-15.9,no,pedestrian_stationary
2855-3377,3377,2855,car,person,101.101,106.106,0,,,0,13,11.811,31.2,1807.9,161.8,206.6,0.0,206.6,0.0,no,vehicle_not_moving
2952-3377,3377,2952,car,person,101.101,106.106,0,,,0,17,,3310.6,3310.6,0.0,141.1,0.0,141.1,0.0,no,vehicle_not_moving
3114-3377,3377,3114,car,person,101.101,102.803,0,,,0,18,,2324.4,2324.4,0.0,0.0,0.0,0.0,0.0,no,pedestrian_stationary
3128-3377,3377,3128,car,person,101.101,101.401,0,,,0,4,,2853.3,2853.3,0.0,0.0,0.0,0.0,0.0,no,pedestrian_stationary
3147-3377,3377,3147,car,person,101.101,106.106,0,,,0,35,13.541,603.6,726.5,56.3,101.1,0.0,101.1,0.0,no,pedestrian_not_in_crosswalk
3207-3377,3377,3207,car,person,101.101,106.106,0,,,0,51,,2211.0,2211.0,0.0,153.9,0.0,153.9,0.0,no,vehicle_not_moving
3213-3377,3377,3213,car,person,101.101,102.903,0,,,0,19,,1550.6,1550.6,0.0,0.0,0.0,0.0,0.0,no,pedestrian_stationary
3244-3377,3377,3244,car,person,101.101,103.704,0,,,0,27,,2039.2,2039.2,0.0,0.0,0.0,0.0,0.0,no,vehicle_not_moving
3290-3377,3377,3290,car,person,101.101,105.405,0,,,0,1,2.469,107.4,460.0,186.5,199.6,0.0,199.6,0.0,no,vehicle_not_moving
3313-3377,3377,3313,car,person,101.101,106.106,0,,,0,42,4.97,283.6,608.4,149.5,163.6,0.0,163.6,0.0,no,vehicle_not_moving
3318-3377,3377,3318,car,person,101.101,103.003,0,,,0,20,,3038.6,3038.6,0.0,0.0,0.0,0.0,0.0,no,pedestrian_stationary
3321-3377,3377,3321,car,person,101.101,106.006,0,,,0,6,11.819,42.7,1848.4,156.4,216.5,0.0,216.5,0.0,no,vehicle_not_moving
3331-3377,3377,3331,car,person,101.101,104.504,0,,,0,35,,3200.2,3200.2,0.0,44.3,0.0,44.3,0.0,no,vehicle_not_moving
3334-3377,3377,3334,car,person,101.101,106.106,0,,,0,28,6.501,180.2,816.0,155.7,158.2,0.0,158.2,0.0,no,vehicle_not_moving
3339-3377,3377,3339,car,person,101.101,106.106,0,,,0,50,5.96,4.1,1104.9,185.4,216.8,0.0,216.8,0.0,no,vehicle_not_moving
3350-3377,3377,3350,car,person,101.101,105.606,0,,,0,46,,2176.4,2176.4,0.0,141.3,0.0,141.3,0.0,no,vehicle_not_moving
3363-3377,3377,3363,car,person,101.101,106.106,0,,,0,51,4.207,3.7,571.2,163.3,189.4,0.0,189.4,0.0,no,vehicle_not_moving
3364-3377,3377,3364,car,person,101.101,104.705,0,,,0,37,,1589.2,1589.2,0.0,0.0,0.0,0.0,0.0,no,pedestrian_stationary
3372-3377,3377,3372,car,person,101.101,106.106,0,,,0,20,,3263.8,3263.8,0.0,145.5,0.0,145.5,0.0,no,pedestrian_stationary
2855-3378,3378,2855,car,person,101.201,107.007,0,,,0,12,5.155,4.5,997.7,249.2,249.5,313.3,206.6,-222.7,yes,vehicle_not_moving
2952-3378,3378,2952,car,person,101.201,107.407,0,,,0,16,1.271,221.0,313.0,271.8,428.3,313.3,141.1,-222.7,yes,vehicle_not_moving
3114-3378,3378,3114,car,person,101.201,102.803,0,,,0,17,3.541,8.2,961.8,271.6,271.7,271.7,0.0,-62.7,yes,pedestrian_stationary
3128-3378,3378,3128,car,person,101.201,101.401,0,,,0,3,3.753,206.0,795.2,211.9,219.3,219.3,0.0,,no,pedestrian_stationary
3147-3378,3378,3147,car,person,101.201,121.822,0,,,0,157,7.601,636.4,1334.7,295.2,400.2,376.7,117.9,-222.7,yes,pedestrian_not_in_crosswalk
3207-3378,3378,3207,car,person,101.201,113.714,0,,,0,81,1.757,7.2,197.2,385.1,388.3,352.8,155.5,-222.7,yes,vehicle_not_moving
3213-3378,3378,3213,car,person,101.201,102.903,0,,,0,18,5.802,2.8,1695.5,292.2,294.2,294.2,0.0,-62.7,yes,pedestrian_stationary
3244-3378,3378,3244,car,person,101.201,103.704,0,,,0,26,3.683,10.1,1023.1,312.7,313.3,313.3,0.0,-179.1,yes,vehicle_not_moving
3313-3378,3378,3313,car,person,101.201,121.822,0,,,0,182,6.414,567.8,1238.4,238.4,417.0,376.7,163.6,-222.7,yes,vehicle_not_moving
3318-3378,3378,3318,car,person,101.201,103.003,0,,,0,19,1.386,169.0,306.9,224.7,309.3,309.3,0.0,-62.7,yes,pedestrian_stationary
3321-3378,3378,3321,car,person,101.201,106.006,0,,,0,5,4.334,8.1,1051.6,313.3,313.3,313.3,216.5,-222.7,yes,vehicle_not_moving
3331-3378,3378,3331,car,person,101.201,104.504,0,,,0,34,2.334,235.3,272.9,194.8,313.3,313.3,0.0,-222.7,yes,vehicle_not_moving
3334-3378,3378,3334,car,person,101.201,121.822,0,,,0,146,6.946,470.3,1126.4,240.5,396.9,376.7,274.5,-222.7,yes,vehicle_not_moving
3339-3378,3378,3339,car,person,101.201,107.507,0,,,0,63,8.837,2.9,1679.5,226.0,227.3,313.3,216.8,-222.7,yes,vehicle_not_moving
3350-3378,3378,3350,car,person,101.201,105.606,0,,,0,45,3.006,16.0,682.5,343.0,344.3,313.3,141.3,-222.7,yes,vehicle_not_moving
3363-3378,3378,3363,car,person,101.201,116.116,0,,,0,57,6.99,68.8,1706.2,287.5,376.7,376.7,207.3,-222.7,yes,vehicle_not_moving
3364-3378,3378,3364,car,person,101.201,104.705,0,,,0,36,5.132,0.2,1396.2,311.4,313.3,313.3,0.0,-222.7,yes,pedestrian_stationary
3372-3378,3378,3372,car,person,101.201,107.407,0,,,0,19,1.442,243.3,329.0,257.6,423.6,313.3,145.5,-222.7,yes,vehicle_not_moving
25-3385,25,3385,truck,person,101.702,105.706,0,,,0,41,785.914,1572.2,1577.3,2.0,34.3,34.3,0.0,-103.3,yes,pedestrian_stationary
1469-3385,1469,3385,car,person,101.702,105.706,0,,,0,41,,1664.7,1664.7,0.0,0.0,0.0,0.0,-0.0,no,pedestrian_stationary
1665-3385,1665,3385,truck,person,101.702,105.706,0,,,0,41,173.001,1442.3,1801.1,10.4,43.7,43.7,0.0,-109.3,yes,pedestrian_stationary
2009-3385,2009,3385,car,person,101.702,105.706,0,,,0,41,,285.1,285.1,0.0,0.0,0.0,0.0,-0.0,no,pedestrian_stationary
2135-3385,2135,3385,car,person,101.702,105.706,0,,,0,41,,193.1,193.1,0.0,0.0,0.0,0.0,-0.0,no,pedestrian_stationary
2199-3385,2199,3385,car,person,101.702,105.706,0,,,0,41,,429.6,429.6,0.0,0.0,0.0,0.0,-0.0,no,pedestrian_stationary
2206-3385,2206,3385,car,person,101.702,105.706,0,,,0,41,7.758,23.7,110.0,14.2,14.6,14.6,0.0,-58.7,yes,pedestrian_stationary
2233-3385,2233,3385,car,person,101.702,105.706,0,,,0,41,,664.1,664.1,0.0,0.0,0.0,0.0,-0.0,no,pedestrian_stationary
2237-3385,2237,3385,car,person,101.702,105.706,0,,,0,41,,330.0,330.0,0.0,0.0,0.0,0.0,-0.0,no,pedestrian_stationary
2299-3385,2299,3385,bus,person,101.702,105.706,0,,,0,41,,968.3,968.3,0.0,0.0,0.0,0.0,-0.0,no,pedestrian_stationary
2438-3385,2438,3385,car,person,101.702,103.403,0,,,0,18,,1586.7,1586.7,0.0,0.0,0.0,0.0,,no,pedestrian_stationary
2463-3385,2463,3385,bus,person,101.702,105.706,0,,,0,41,,1389.5,1389.5,0.0,123.6,123.6,0.0,-64.9,yes,pedestrian_stationary
2470-3385,2470,3385,car,person,101.702,105.706,0,,,0,41,102.415,250.8,250.8,2.7,22.2,22.2,0.0,-62.9,yes,pedestrian_stationary
2488-3385,2488,3385,car,person,101.702,105.706,0,,,0,41,,1496.8,1496.8,0.0,0.0,0.0,0.0,-0.0,yes,pedestrian_stationary
2586-3385,2586,3385,car,person,101.702,105.706,0,,,0,41,,513.2,513.2,0.0,0.0,0.0,0.0,-0.0,no,pedestrian_stationary
2729-3385,2729,3385,car,person,101.702,105.706,0,,,0,41,,1741.3,1741.3,0.0,14.0,14.0,0.0,-18.0,no,pedestrian_stationary
2749-3385,2749,3385,truck,person,101.702,105.706,0,,,0,41,3.192,409.4,418.4,211.1,291.0,291.0,0.0,-67.8,yes,pedestrian_stationary
2785-3385,2785,3385,car,person,101.702,105.706,0,,,0,41,78.859,739.8,837.5,10.7,39.7,39.7,0.0,-103.5,yes,pedestrian_stationary
2855-3384,3384,2855,car,person,101.702,107.007,0,,,0,7,,693.3,693.3,0.0,900.9,900.9,206.6,-759.5,yes,vehicle_not_moving
2860-3385,2860,3385,car,person,101.702,105.706,0,,,0,41,,737.2,737.2,0.0,0.0,0.0,0.0,-0.0,no,pedestrian_stationary
2952-3384,3384,2952,car,person,101.702,107.407,0,,,0,11,,1223.7,1223.7,0.0,900.9,900.9,141.1,-759.5,yes,vehicle_not_moving
2990-3385,2990,3385,car,person,101.702,103.303,0,,,0,17,,1917.0,1917.0,0.0,0.0,0.0,0.0,,no,pedestrian_stationary
3050-3385,3050,3385,bus,person,101.702,105.706,0,,,0,41,22.659,54.2,719.9,32.0,95.2,95.2,0.0,-129.8,yes,pedestrian_stationary
3090-3385,3090,3385,car,person,101.702,105.706,0,,,0,41,2.406,384.0,514.0,288.3,373.9,373.9,0.0,-101.2,yes,pedestrian_stationary
3114-3384,3384,3114,car,person,101.702,102.803,0,,,0,12,,625.8,625.8,0.0,175.6,175.6,0.0,-59.7,yes,pedestrian_stationary
3142-3385,3142,3385,car,person,101.702,105.706,0,,,0,41,1.153,293.4,328.4,462.9,541.7,541.7,0.0,-98.6,yes,pedestrian_stationary
3145-3385,3145,3385,bus,person,101.702,104.304,0,,,0,27,,1366.0,1366.0,0.0,0.0,0.0,0.0,,no,pedestrian_stationary
3147-3384,3384,3147,car,person,101.702,110.811,0,,,0,82,2.038,553.2,553.2,422.9,946.3,900.9,91.9,-759.5,yes,pedestrian_not_in_crosswalk
3172-3385,3172,3385,car,person,101.702,105.205,0,,,0,36,24.62,499.8,1184.0,48.2,53.0,53.0,0.0,-49.6,yes,pedestrian_stationary
3207-3384,3384,3207,car,person,101.702,110.811,0,,,0,76,,659.3,659.3,0.0,1026.0,900.9,155.5,-759.5,yes,vehicle_not_moving
3213-3384,3384,3213,car,person,101.702,102.903,0,,,0,13,23.623,965.6,993.1,42.7,175.6,175.6,0.0,-59.7,yes,pedestrian_stationary
3235-3385,3235,3385,car,person,101.702,105.706,0,,,0,41,371.435,1724.1,1977.8,5.3,108.5,108.5,0.0,-66.1,yes,pedestrian_stationary
3243-3385,3243,3385,car,person,101.702,105.706,0,,,0,41,,1103.6,1103.6,0.0,581.0,581.0,0.0,-561.4,yes,pedestrian_stationary
3244-3384,3384,3244,car,person,101.702,103.704,0,,,0,21,,705.4,705.4,0.0,287.0,287.0,0.0,-59.7,yes,vehicle_not_moving
3258-3385,3258,3385,car,person,101.702,104.705,0,,,0,31,,1578.7,1578.7,0.0,0.0,0.0,0.0,,no,pedestrian_stationary
3259-3385,3259,3385,car,person,101.702,101.802,0,,,0,2,,1328.4,1328.4,0.0,0.0,0.0,0.0,,no,pedestrian_stationary
3261-3385,3261,3385,car,person,101.702,103.503,0,,,0,19,,1666.9,1666.9,0.0,0.0,0.0,0.0,,no,pedestrian_stationary
3313-3384,3384,3313,car,person,101.702,110.811,0,,,0,71,2.958,749.9,750.7,358.2,956.3,900.9,163.6,-759.5,yes,vehicle_not_moving
3315-3385,3315,3385,truck,person,101.702,103.203,0,,,0,16,,1263.3,1263.3,0.0,0.0,0.0,0.0,,no,pedestrian_stationary
3318-3384,3384,3318,car,person,101.702,103.003,0,,,0,14,,960.5,960.5,0.0,175.6,175.6,0.0,-59.7,yes,pedestrian_stationary
3331-3384,3384,3331,car,person,101.702,104.504,0,,,0,29,,1096.0,1096.0,0.0,480.5,480.5,0.0,-59.7,yes,vehicle_not_moving
3334-3384,3384,3334,car,person,101.702,110.811,0,,,0,44,2.93,314.5,719.0,341.1,938.1,900.9,274.5,-759.5,yes,vehicle_not_moving
3336-3385,3336,3385,bus,person,101.702,105.706,0,,,0,41,2456.469,1108.1,1109.9,0.5,6.3,6.3,0.0,-15.9,no,pedestrian_stationary
3339-3384,3384,3339,car,person,101.702,107.507,0,,,0,58,5.775,723.9,992.1,196.6,900.9,900.9,216.8,-759.5,yes,vehicle_not_moving
3350-3384,3384,3350,car,person,101.702,105.606,0,,,0,40,27.721,632.4,645.1,23.3,707.5,707.5,141.3,-59.7,yes,vehicle_not_moving
3363-3384,3384,3363,car,person,101.702,110.811,0,,,0,52,5.174,593.3,700.5,212.3,780.0,900.9,192.0,-759.5,yes,vehicle_not_moving
3364-3384,3384,3364,car,person,101.702,104.705,0,,,0,31,25.394,927.9,927.9,38.5,518.8,518.8,0.0,-59.7,yes,pedestrian_stationary
3365-3385,3365,3385,car,person,101.702,105.606,0,,,0,40,28.653,1461.3,2030.7,71.4,114.8,114.8,0.0,129.1,no,pedestrian_stationary
3372-3384,3384,3372,car,person,101.702,107.407,0,,,0,14,,1196.7,1196.7,0.0,900.9,900.9,145.5,-759.5,yes,vehicle_not_moving
3377-3385,3377,3385,car,person,101.702,105.706,0,,,0,41,,1578.2,1578.2,0.0,0.0,0.0,0.0,0.0,no,pedestrian_stationary
3378-3385,3378,3385,car,person,101.702,105.706,0,,,0,41,5.168,16.7,1337.5,311.4,313.3,313.3,0.0,-222.7,yes,pedestrian_stationary
3384-3385,3384,3385,car,person,101.702,105.706,0,,,0,41,24.565,928.6,928.6,40.1,730.3,730.3,0.0,-59.7,yes,pedestrian_stationary
25-3392,25,3392,truck,person,102.002,126.326,0,,,0,138,8.111,227.6,876.4,138.4,219.0,34.3,219.0,-106.3,yes,pedestrian_stationary
1469-3392,1469,3392,car,person,102.002,126.326,0,,,0,138,9.779,232.4,1002.6,134.0,219.0,6.3,219.0,-30.4,no,pedestrian_stationary
1665-3392,1665,3392,truck,person,102.002,115.115,0,,,0,94,28.578,61.6,2040.3,91.9,148.6,125.5,140.9,-94.0,yes,pedestrian_stationary
2009-3392,2009,3392,car,person,102.002,126.326,0,,,0,138,11.598,304.4,444.2,62.7,379.5,379.5,219.0,-306.5,yes,pedestrian_stationary
2135-3392,2135,3392,car,person,102.002,126.326,0,,,0,138,7.943,165.7,165.7,89.5,389.3,389.3,219.0,-193.7,yes,pedestrian_stationary
2199-3392,2199,3392,car,person,102.002,126.326,0,,,0,138,16.186,228.5,228.5,55.2,271.8,312.5,219.0,-76.0,yes,pedestrian_stationary
2206-3392,2206,3392,car,person,102.002,126.326,0,,,0,138,24.882,372.1,372.1,37.5,397.8,397.8,219.0,-439.7,yes,pedestrian_stationary
2233-3392,2233,3392,car,person,102.002,121.722,0,,,0,138,3.691,135.3,298.5,97.5,200.2,112.9,200.2,-0.0,no,pedestrian_stationary
2237-3392,2237,3392,car,person,102.002,125.826,0,,,0,138,20.732,4.6,297.8,53.7,219.0,169.9,219.0,-14.5,no,pedestrian_stationary
2299-3392,2299,3392,bus,person,102.002,126.326,0,,,0,138,1.251,1.4,242.9,277.9,409.8,409.8,219.0,-132.7,yes,pedestrian_stationary
2438-3392,2438,3392,car,person,102.002,103.403,0,,,0,15,14.811,1026.5,1277.4,90.2,140.9,0.0,140.9,,no,pedestrian_stationary
2463-3392,2463,3392,bus,person,102.002,108.108,0,,,0,45,19.858,589.0,1164.0,59.7,138.7,123.6,140.9,-64.9,yes,pedestrian_stationary
2470-3392,2470,3392,car,person,102.002,126.326,0,,,0,138,42.112,155.5,549.2,28.6,324.0,510.8,219.0,-533.2,yes,pedestrian_stationary
2488-3392,2488,3392,car,person,102.002,125.626,0,,,0,138,14.54,388.1,1152.7,86.3,219.0,46.3,219.0,-76.3,yes,pedestrian_stationary
2586-3392,2586,3392,car,person,102.002,126.326,0,,,0,138,16.171,323.7,787.3,67.4,224.5,334.3,219.0,-190.8,yes,pedestrian_stationary
2729-3392,2729,3392,car,person,102.002,111.612,0,,,0,59,16.698,442.1,1359.0,88.4,139.5,14.0,140.9,-18.0,no,pedestrian_stationary
2749-3392,2749,3392,truck,person,102.002,109.009,0,,,0,45,5.396,601.4,844.6,191.4,235.4,291.0,140.9,-67.8,yes,pedestrian_stationary
2785-3392,2785,3392,car,person,102.002,125.325,0,,,0,138,7.957,112.6,1098.3,218.5,261.3,391.5,219.0,-337.9,yes,pedestrian_stationary
2855-3393,3393,2855,car,person,102.002,107.007,0,,,0,4,12.861,78.1,1491.8,122.9,265.7,220.4,206.6,-363.3,yes,vehicle_not_moving
2860-3392,2860,3392,car,person,102.002,126.326,0,,,0,138,124.287,43.4,714.7,11.9,214.6,20.3,219.0,-82.4,yes,pedestrian_stationary
2952-3393,3393,2952,car,person,102.002,107.407,0,,,0,8,1.177,69.0,191.3,182.5,310.7,220.4,120.5,-363.3,yes,vehicle_not_moving
2990-3392,2990,3392,car,person,102.002,103.303,0,,,0,14,12.637,495.2,1489.7,120.9,140.9,0.0,140.9,,no,pedestrian_stationary
3050-3392,3050,3392,bus,person,102.002,126.326,0,,,0,138,4.803,7.5,411.2,118.9,263.6,263.6,219.0,-252.1,yes,pedestrian_stationary
3090-3392,3090,3392,car,person,102.002,118.618,0,,,0,129,5.57,512.0,979.8,256.2,328.4,373.9,149.5,-101.2,yes,pedestrian_stationary
3114-3393,3393,3114,car,person,102.002,102.803,0,,,0,9,7.137,391.4,1153.4,169.2,220.4,220.4,0.0,-3.6,no,pedestrian_stationary
3142-3392,3142,3392,car,person,102.002,113.914,0,,,0,82,2.871,425.4,695.4,426.4,450.7,541.7,140.9,-115.4,yes,pedestrian_stationary
3145-3392,3145,3392,bus,person,102.002,104.304,0,,,0,24,8.303,484.0,863.0,124.5,140.9,0.0,140.9,,no,pedestrian_stationary
3147-3393,3393,3147,car,person,102.002,123.423,0,,,0,157,7.283,35.2,1437.7,262.9,397.9,368.0,117.9,-363.3,yes,pedestrian_not_in_crosswalk
3172-3392,3172,3392,car,person,102.002,105.205,0,,,0,33,9.055,637.9,777.3,99.7,140.9,0.0,140.9,,no,pedestrian_stationary
3213-3393,3393,3213,car,person,102.002,102.903,0,,,0,10,11.397,597.6,1922.7,173.7,220.4,220.4,0.0,-138.5,yes,pedestrian_stationary
3235-3392,3235,3392,car,person,102.002,106.506,0,,,0,45,,2292.3,2292.3,0.0,192.1,108.5,140.9,-16.5,yes,pedestrian_stationary
3243-3392,3243,3392,car,person,102.002,108.208,0,,,0,45,12.235,190.9,1034.0,107.2,492.8,581.0,140.9,-561.4,yes,pedestrian_stationary
3244-3393,3393,3244,car,person,102.002,103.704,0,,,0,18,8.7,26.0,1399.9,171.5,220.4,220.4,0.0,-363.3,yes,pedestrian_stationary
3258-3392,3258,3392,car,person,102.002,104.705,0,,,0,28,8.109,229.2,960.7,138.4,140.9,0.0,140.9,,no,pedestrian_stationary
3261-3392,3261,3392,car,person,102.002,103.503,0,,,0,16,15.165,1059.7,1342.6,93.1,140.9,0.0,140.9,,no,pedestrian_stationary
3313-3393,3393,3313,car,person,102.002,123.423,0,,,0,174,6.654,1175.6,1358.8,273.2,427.6,368.0,163.6,-363.3,yes,vehicle_not_moving
3315-3392,3315,3392,truck,person,102.002,103.203,0,,,0,13,,1578.1,1578.1,0.0,140.9,0.0,140.9,,no,pedestrian_stationary
3318-3393,3393,3318,car,person,102.002,103.003,0,,,0,11,3.95,262.9,471.0,131.8,220.4,220.4,0.0,-309.8,yes,pedestrian_stationary
3331-3393,3393,3331,car,person,102.002,104.504,0,,,0,26,2.122,4.2,219.4,115.4,220.4,220.4,0.0,-363.3,yes,vehicle_not_moving
3334-3393,3393,3334,car,person,102.002,123.423,0,,,0,138,6.382,220.4,1251.0,281.7,416.8,368.0,274.5,-363.3,yes,vehicle_not_moving
3336-3392,3336,3392,bus,person,102.002,117.818,0,,,0,121,5.305,1.5,470.4,133.9,140.9,6.3,140.9,-15.9,no,pedestrian_stationary
3339-3393,3393,3339,car,person,102.002,107.507,0,,,0,55,12.571,288.0,1994.8,176.3,220.4,220.4,216.8,-363.3,yes,vehicle_not_moving
3350-3393,3393,3350,car,person,102.002,105.606,0,,,0,37,5.105,4.5,1060.9,259.9,265.4,220.4,141.3,-363.3,yes,vehicle_not_moving
3363-3393,3393,3363,car,person,102.002,116.116,0,,,0,49,7.774,624.3,1665.4,296.0,368.0,368.0,207.3,-363.3,yes,vehicle_not_moving
3364-3393,3393,3364,car,person,102.002,104.705,0,,,0,28,11.173,71.5,1748.9,173.7,220.4,220.4,0.0,-363.3,yes,pedestrian_stationary
3365-3392,3365,3392,car,person,102.002,105.606,0,,,0,37,33.927,1725.4,2343.9,69.3,140.9,114.8,140.9,129.1,no,pedestrian_stationary
3377-3392,3377,3392,car,person,102.002,106.106,0,,,0,42,8.107,229.1,879.3,138.4,140.9,0.0,140.9,0.0,no,pedestrian_stationary
3378-3392,3378,3392,car,person,102.002,121.822,0,,,0,138,5.32,71.5,1131.8,262.2,433.1,376.7,200.2,-222.7,yes,pedestrian_stationary
3384-3392,3384,3392,car,person,102.002,110.811,0,,,0,51,6.493,286.7,855.9,155.5,890.6,900.9,140.9,-759.5,yes,pedestrian_stationary
3385-3393,3393,3385,car,person,102.002,105.706,0,,,0,38,11.225,74.7,1729.3,173.9,220.4,220.4,0.0,-363.3,yes,pedestrian_stationary
3392-3393,3393,3392,car,person,102.002,123.423,0,,,0,138,5.884,307.5,1250.6,292.7,466.3,368.0,219.0,-363.3,yes,pedestrian_stationary
25-3403,25,3403,truck,person,102.202,127.527,0,,,0,254,137.241,16.1,2212.4,16.2,88.4,34.3,88.4,-106.3,yes,pedestrian_stationary
1469-3403,1469,3403,car,person,102.202,127.527,0,,,0,254,150.483,35.6,2293.2,15.3,88.4,6.3,88.4,-30.4,no,pedestrian_stationary
1665-3403,1665,3403,truck,person,102.202,115.115,0,,,0,130,,1366.4,1366.4,0.0,125.5,125.5,65.2,-94.0,yes,pedestrian_stationary
2009-3403,2009,3403,car,person,102.202,127.527,0,,,0,254,14.073,306.0,541.0,56.0,379.5,379.5,88.4,-306.5,yes,pedestrian_stationary
2135-3403,2135,3403,car,person,102.202,127.527,0,,,0,254,6.094,81.2,506.3,99.4,389.3,389.3,88.4,-431.0,yes,pedestrian_stationary
2199-3403,2199,3403,car,person,102.202,127.527,0,,,0,254,3.368,5.4,338.6,170.6,318.6,312.5,88.4,-97.1,yes,pedestrian_stationary
2206-3403,2206,3403,car,person,102.202,127.527,0,,,0,254,2.549,1.5,170.7,79.4,397.8,397.8,88.4,-439.7,yes,pedestrian_stationary
2233-3403,2233,3403,car,person,102.202,121.722,0,,,0,196,10.646,3.8,1162.7,109.3,116.4,112.9,77.4,-0.0,no,pedestrian_stationary
2299-3403,2299,3403,bus,person,102.202,127.527,0,,,0,254,5.978,1.2,858.4,171.3,409.8,409.8,88.4,-238.2,yes,pedestrian_stationary
2438-3403,2438,3403,car,person,102.202,103.403,0,,,0,13,,2151.6,2151.6,0.0,0.0,0.0,0.0,,no,pedestrian_stationary
2463-3403,2463,3403,bus,person,102.202,108.108,0,,,0,60,143.768,306.2,1937.7,14.2,123.6,123.6,15.4,-64.9,yes,pedestrian_stationary
2470-3403,2470,3403,car,person,102.202,126.526,0,,,0,244,4.531,22.3,186.6,58.4,499.0,510.8,77.4,-533.2,yes,pedestrian_stationary
2488-3403,2488,3403,car,person,102.202,125.626,0,,,0,235,66.272,483.3,2050.8,32.0,77.4,46.3,77.4,-76.3,yes,pedestrian_stationary
2586-3403,2586,3403,car,person,102.202,127.527,0,,,0,254,33.201,280.4,321.5,49.4,355.2,334.3,88.4,-190.8,yes,pedestrian_stationary
2729-3403,2729,3403,car,person,102.202,111.612,0,,,0,95,162.259,262.2,2315.4,14.4,15.4,14.0,15.4,-18.0,no,pedestrian_stationary
2749-3403,2749,3403,truck,person,102.202,109.009,0,,,0,69,66.693,179.0,179.0,13.2,291.0,291.0,15.4,-67.8,yes,pedestrian_stationary
2785-3403,2785,3403,car,person,102.202,125.325,0,,,0,232,13.954,160.9,437.4,31.3,391.5,391.5,77.4,-337.9,yes,pedestrian_stationary
2860-3403,2860,3403,car,person,102.202,127.527,0,,,0,254,27.967,118.2,1133.9,41.3,88.4,20.3,88.4,-82.4,yes,pedestrian_stationary
2990-3403,2990,3403,car,person,102.202,103.303,0,,,0,12,,2507.2,2507.2,0.0,0.0,0.0,0.0,,no,pedestrian_stationary
3050-3403,3050,3403,bus,person,102.202,127.527,0,,,0,254,2.883,25.5,341.2,218.2,299.0,299.0,88.4,-252.1,yes,pedestrian_stationary
3090-3403,3090,3403,car,person,102.202,118.618,0,,,0,165,1.504,218.5,252.2,267.5,373.9,373.9,65.2,-101.2,yes,pedestrian_stationary
3142-3403,3142,3403,car,person,102.202,113.914,0,,,0,118,0.441,106.9,115.4,439.0,541.7,541.7,65.2,-115.4,yes,pedestrian_stationary
3145-3403,3145,3403,bus,person,102.202,104.304,0,,,0,22,,2002.8,2002.8,0.0,0.0,0.0,0.0,,no,pedestrian_stationary
3172-3403,3172,3403,car,person,102.202,105.205,0,,,0,31,,1789.0,1789.0,0.0,0.0,0.0,0.0,,no,pedestrian_stationary
3235-3403,3235,3403,car,person,102.202,106.506,0,,,0,44,,1333.8,1333.8,0.0,108.5,108.5,15.4,-4.1,yes,pedestrian_stationary
3243-3403,3243,3403,car,person,102.202,108.208,0,,,0,61,183.645,1095.4,1740.0,13.7,581.0,581.0,15.4,-561.4,yes,pedestrian_stationary
3258-3403,3258,3403,car,person,102.202,104.705,0,,,0,26,,2232.5,2232.5,0.0,0.0,0.0,0.0,,no,pedestrian_stationary
3261-3403,3261,3403,car,person,102.202,103.503,0,,,0,14,,2234.4,2234.4,0.0,0.0,0.0,0.0,,no,pedestrian_stationary
3315-3403,3315,3403,truck,person,102.202,103.203,0,,,0,11,,619.5,619.5,0.0,0.0,0.0,0.0,,no,pedestrian_stationary
3336-3403,3336,3403,bus,person,102.202,117.818,0,,,0,157,114.643,0.5,1744.2,15.4,65.2,6.3,65.2,-15.9,no,pedestrian_stationary
3365-3403,3365,3403,car,person,102.202,105.606,0,,,0,35,18.687,1059.3,1386.8,74.6,114.8,114.8,15.4,129.1,no,pedestrian_stationary
3377-3403,3377,3403,car,person,102.202,106.106,0,,,0,40,145.21,30.2,2222.4,15.3,15.4,0.0,15.4,0.0,no,pedestrian_stationary
3384-3403,3384,3403,car,person,102.202,110.811,0,,,0,87,251.643,702.9,702.9,9.8,900.9,900.9,15.4,-759.5,yes,pedestrian_stationary
3393-3403,3393,3403,car,person,102.202,123.423,0,,,0,213,1.432,16.7,245.1,270.7,366.1,368.0,77.4,-363.3,yes,pedestrian_stationary
2952-3415,3415,2952,car,person,102.502,107.407,0,,,0,3,,3453.7,3453.7,0.0,120.5,0.0,120.5,0.0,no,vehicle_not_moving
3114-3415,3415,3114,car,person,102.502,102.803,0,,,0,4,,2324.7,2324.7,0.0,0.0,0.0,0.0,0.0,no,pedestrian_stationary
3147-3415,3415,3147,car,person,102.502,107.908,0,,,0,53,631.943,730.0,730.0,1.2,90.9,0.0,90.9,0.0,no,pedestrian_not_in_crosswalk
3207-3415,3415,3207,car,person,102.502,107.908,0,,,0,55,,2334.7,2334.7,0.0,153.9,0.0,153.9,0.0,no,vehicle_not_moving
3213-3415,3415,3213,car,person,102.502,102.903,0,,,0,5,,1551.0,1551.0,0.0,0.0,0.0,0.0,0.0,no,pedestrian_stationary
3244-3415,3415,3244,car,person,102.502,103.704,0,,,0,13,,2039.1,2039.1,0.0,0.0,0.0,0.0,0.0,no,pedestrian_stationary
3313-3415,3415,3313,car,person,102.502,107.908,0,,,0,34,4.973,284.9,609.5,148.3,163.6,0.0,163.6,0.0,no,vehicle_not_moving
3318-3415,3415,3318,car,person,102.502,103.003,0,,,0,6,,3038.9,3038.9,0.0,0.0,0.0,0.0,0.0,no,pedestrian_stationary
3331-3415,3415,3331,car,person,102.502,104.504,0,,,0,21,,3200.0,3200.0,0.0,0.0,0.0,0.0,0.0,no,vehicle_not_moving
3334-3415,3415,3334,car,person,102.502,107.908,0,,,0,14,10.371,261.8,816.1,83.4,102.5,0.0,102.5,0.0,no,vehicle_not_moving
3339-3415,3415,3339,car,person,102.502,107.507,0,,,0,50,5.96,4.8,1104.3,185.4,216.8,0.0,216.8,0.0,no,pedestrian_stationary
3350-3415,3415,3350,car,person,102.502,105.606,0,,,0,32,,2248.8,2248.8,0.0,0.0,0.0,0.0,0.0,no,vehicle_not_moving
3363-3415,3415,3363,car,person,102.502,107.908,0,,,0,44,4.208,1.3,489.8,163.1,192.0,0.0,192.0,0.0,no,vehicle_not_moving
3364-3415,3415,3364,car,person,102.502,104.705,0,,,0,23,,1589.0,1589.0,0.0,0.0,0.0,0.0,0.0,no,pedestrian_stationary
3372-3415,3415,3372,car,person,102.502,107.407,0,,,0,6,,3395.9,3395.9,0.0,145.5,0.0,145.5,0.0,no,vehicle_not_moving
3385-3415,3415,3385,car,person,102.502,105.706,0,,,0,33,,1578.0,1578.0,0.0,0.0,0.0,0.0,0.0,no,pedestrian_stationary
3392-3415,3415,3392,car,person,102.502,107.908,0,,,0,40,8.121,229.2,878.1,138.4,140.9,0.0,140.9,0.0,no,vehicle_not_moving
3403-3415,3415,3403,car,person,102.502,107.908,0,,,0,55,145.211,27.8,2220.0,15.3,15.4,0.0,15.4,0.0,no,pedestrian_stationary
25-3419,25,3419,truck,person,102.703,107.608,0,,,0,9,11.757,19.1,1512.5,135.4,161.1,34.3,161.1,-106.3,yes,pedestrian_stationary
1469-3419,1469,3419,car,person,102.703,107.608,0,,,0,9,12.227,189.0,1594.4,134.0,161.1,0.0,161.1,-0.0,no,pedestrian_stationary
1665-3419,1665,3419,truck,person,102.703,107.608,0,,,0,9,,1774.8,1774.8,0.0,161.1,54.6,161.1,-58.7,yes,pedestrian_stationary
2009-3419,2009,3419,car,person,102.703,107.608,0,,,0,9,,279.5,279.5,0.0,161.1,0.0,161.1,-0.0,no,pedestrian_stationary
2135-3419,2135,3419,car,person,102.703,107.608,0,,,0,9,1.888,118.8,183.4,110.8,161.1,9.0,161.1,-22.5,no,pedestrian_stationary
2199-3419,2199,3419,car,person,102.703,107.608,0,,,0,9,2.379,18.0,350.3,147.3,161.1,0.0,161.1,-0.0,no,pedestrian_stationary
2206-3419,2206,3419,car,person,102.703,107.608,0,,,0,9,20.3,105.2,105.3,5.2,168.2,14.6,161.1,-58.7,yes,pedestrian_stationary
2233-3419,2233,3419,car,person,102.703,107.608,0,,,0,9,4.244,54.5,589.2,139.0,161.1,0.0,161.1,-0.0,no,pedestrian_stationary
2237-3419,2237,3419,car,person,102.703,107.608,0,,,0,9,1.529,4.4,246.1,161.1,161.1,0.0,161.1,-0.0,no,pedestrian_stationary
2299-3419,2299,3419,bus,person,102.703,107.608,0,,,0,9,7.178,78.8,900.3,134.6,161.1,0.0,161.1,-0.0,no,pedestrian_stationary
2438-3419,2438,3419,car,person,102.703,103.403,0,,,0,8,14.288,851.4,1567.7,112.1,135.5,0.0,135.5,,no,pedestrian_stationary
2463-3419,2463,3419,bus,person,102.703,107.608,0,,,0,9,11.932,72.3,1361.3,114.4,123.6,123.6,161.1,-64.9,yes,pedestrian_stationary
2470-3419,2470,3419,car,person,102.703,107.608,0,,,0,9,36.077,217.2,217.2,9.8,161.1,18.8,161.1,-73.2,yes,pedestrian_stationary
2488-3419,2488,3419,car,person,102.703,107.608,0,,,0,9,8.939,44.3,1413.2,158.1,161.1,11.9,161.1,-0.0,no,pedestrian_stationary
2586-3419,2586,3419,car,person,102.703,107.608,0,,,0,9,,475.2,475.2,0.0,161.1,0.0,161.1,-0.0,no,pedestrian_stationary
2729-3419,2729,3419,car,person,102.703,107.608,0,,,0,9,10.662,30.0,1675.6,157.2,161.1,14.0,161.1,-18.0,no,pedestrian_stationary
2749-3419,2749,3419,truck,person,102.703,107.608,0,,,0,9,4.228,315.4,381.2,103.9,273.9,291.0,161.1,-48.9,yes,pedestrian_stationary
2785-3419,2785,3419,car,person,102.703,107.608,0,,,0,9,89.119,801.3,801.3,10.5,161.1,57.1,161.1,-98.2,yes,pedestrian_stationary
2860-3419,2860,3419,car,person,102.703,107.608,0,,,0,9,4.364,224.6,660.1,151.5,161.1,0.0,161.1,-0.0,no,pedestrian_stationary
2990-3419,2990,3419,car,person,102.703,103.303,0,,,0,7,16.604,965.5,1903.2,116.5,135.5,0.0,135.5,,no,pedestrian_stationary
3050-3419,3050,3419,bus,person,102.703,107.608,0,,,0,9,3.539,63.5,639.9,182.0,187.4,95.2,161.1,-252.1,yes,pedestrian_stationary
3090-3419,3090,3419,car,person,102.703,107.608,0,,,0,9,2.194,91.5,434.6,297.7,373.9,373.9,161.1,-101.2,yes,pedestrian_stationary
3142-3419,3142,3419,car,person,102.703,107.608,0,,,0,9,1.337,262.6,294.2,454.2,508.7,541.7,161.1,-115.4,yes,pedestrian_stationary
3145-3419,3145,3419,bus,person,102.703,104.304,0,,,0,9,9.231,124.8,1291.2,139.9,161.1,0.0,161.1,,no,pedestrian_stationary
3172-3419,3172,3419,car,person,102.703,105.205,0,,,0,9,7.222,128.8,1102.7,152.7,161.1,0.0,161.1,,no,pedestrian_stationary
3235-3419,3235,3419,car,person,102.703,106.506,0,,,0,9,,1934.9,1934.9,0.0,172.6,108.5,161.1,179.9,yes,pedestrian_stationary
3243-3419,3243,3419,car,person,102.703,107.608,0,,,0,9,,1475.8,1475.8,0.0,550.9,581.0,161.1,-561.4,yes,pedestrian_stationary
3258-3419,3258,3419,car,person,102.703,104.705,0,,,0,9,11.754,19.5,1514.2,135.4,161.1,0.0,161.1,,no,pedestrian_stationary
3261-3419,3261,3419,car,person,102.703,103.503,0,,,0,9,14.656,874.6,1647.9,113.1,135.5,0.0,135.5,,no,pedestrian_stationary
3315-3419,3315,3419,truck,person,102.703,103.203,0,,,0,6,,1217.8,1217.8,0.0,135.5,0.0,135.5,,no,pedestrian_stationary
3336-3419,3336,3419,bus,person,102.703,107.608,0,,,0,9,8.248,28.1,1044.2,134.7,161.1,6.3,161.1,-15.9,no,pedestrian_stationary
3365-3419,3365,3419,car,person,102.703,105.606,0,,,0,9,,1985.4,1985.4,0.0,161.1,0.0,161.1,,no,pedestrian_stationary
3377-3419,3377,3419,car,person,102.703,106.106,0,,,0,9,11.753,19.3,1514.1,135.4,161.1,0.0,161.1,0.0,no,pedestrian_stationary
3378-3419,3378,3419,car,person,102.703,107.608,0,,,0,9,6.111,8.2,1274.0,269.9,271.7,313.3,161.1,-222.7,yes,pedestrian_stationary
3384-3419,3384,3419,car,person,102.703,107.608,0,,,0,9,57.524,928.9,934.3,16.2,900.9,900.9,161.1,-759.5,yes,pedestrian_stationary
3393-3419,3393,3419,car,person,102.703,107.608,0,,,0,9,11.676,138.3,1757.7,158.2,210.6,210.6,161.1,-363.3,yes,pedestrian_stationary
3415-3419,3415,3419,car,person,102.703,107.608,0,,,0,9,11.755,19.9,1513.5,135.4,161.1,0.0,161.1,0.0,no,pedestrian_stationary
3114-3421,3421,3114,car,person,102.803,102.803,0,,,0,1,,1358.0,1358.0,0.0,0.0,0.0,0.0,,no,pedestrian_stationary
3147-3421,3421,3147,car,person,102.803,124.324,0,,,0,156,6.62,208.0,1362.5,271.0,490.6,439.3,117.9,-225.4,yes,vehicle_not_moving
3207-3421,3421,3207,car,person,102.803,113.714,0,,,0,65,2.615,187.8,327.7,304.2,334.7,324.0,155.5,-123.1,yes,vehicle_not_moving
3213-3421,3421,3213,car,person,102.803,102.903,0,,,0,2,,2093.2,2093.2,0.0,0.0,0.0,0.0,,no,pedestrian_stationary
3244-3421,3421,3244,car,person,102.803,103.704,0,,,0,10,6.803,41.9,1464.5,228.7,229.0,229.0,0.0,-120.8,yes,pedestrian_stationary
3313-3421,3421,3313,car,person,102.803,126.126,0,,,0,166,5.526,598.5,1226.0,291.2,460.4,439.3,155.5,-225.4,yes,vehicle_not_moving
3318-3421,3421,3318,car,person,102.803,103.003,0,,,0,3,3.466,303.9,692.6,199.8,222.4,222.4,0.0,,no,pedestrian_stationary
3331-3421,3421,3331,car,person,102.803,104.504,0,,,0,18,2.96,294.3,449.4,188.6,229.0,229.0,0.0,-121.9,yes,pedestrian_stationary
3334-3421,3421,3334,car,person,102.803,126.126,0,,,0,130,5.326,5.2,1057.2,281.0,464.7,439.3,274.5,-225.4,yes,vehicle_not_moving
3339-3421,3421,3339,car,person,102.803,107.507,0,,,0,47,15.154,213.0,2011.4,145.6,169.1,229.0,216.8,-121.9,yes,vehicle_not_moving
3350-3421,3421,3350,car,person,102.803,105.606,0,,,0,29,5.905,1.8,1045.3,229.0,229.0,229.0,0.0,-121.9,yes,vehicle_not_moving
3363-3421,3421,3363,car,person,102.803,116.116,0,,,0,41,6.074,643.6,2024.3,352.7,439.3,439.3,207.3,-123.1,yes,vehicle_not_moving
3364-3421,3421,3364,car,person,102.803,104.705,0,,,0,20,8.787,19.0,1785.2,227.9,229.0,229.0,0.0,-121.9,yes,pedestrian_stationary
3372-3421,3421,3372,car,person,102.803,107.407,0,,,0,3,3.5,421.3,435.5,133.6,338.6,229.0,125.5,-121.9,yes,vehicle_not_moving
3385-3421,3421,3385,car,person,102.803,105.706,0,,,0,30,8.836,23.2,1690.9,227.8,229.0,229.0,0.0,-121.9,yes,pedestrian_stationary
3392-3421,3421,3392,car,person,102.803,126.126,0,,,0,130,4.864,438.3,1193.1,350.0,515.5,439.3,219.0,-225.4,yes,vehicle_not_moving
3403-3421,3421,3403,car,person,102.803,126.126,0,,,5,234,0.28,0.4,60.2,375.8,439.3,439.3,77.4,-225.4,yes,pedestrian_stationary
3419-3421,3421,3419,car,person,102.803,107.608,0,,,0,8,12.302,74.5,1612.2,147.4,148.4,229.0,161.1,-121.9,yes,pedestrian_stationary
3147-3425,3425,3147,car,person,102.903,113.213,0,,,0,104,,1277.7,1277.7,0.0,124.7,47.8,117.9,-1.1,no,vehicle_not_moving
3207-3425,3425,3207,car,person,102.903,113.213,0,,,0,64,,2294.3,2294.3,0.0,154.5,47.8,155.5,-1.1,no,vehicle_not_moving
3213-3425,3425,3213,car,person,102.903,102.903,0,,,0,1,,1576.6,1576.6,0.0,0.0,0.0,0.0,,no,pedestrian_stationary
3244-3425,3425,3244,car,person,102.903,103.704,0,,,0,9,,2002.1,2002.1,0.0,0.0,0.0,0.0,0.0,no,pedestrian_stationary
3313-3425,3425,3313,car,person,102.903,113.213,0,,,0,83,29.705,1076.5,1113.8,37.5,155.5,47.8,155.5,-1.1,no,vehicle_not_moving
3318-3425,3425,3318,car,person,102.903,103.003,0,,,0,2,,2916.7,2916.7,0.0,0.0,0.0,0.0,,no,pedestrian_stationary
3331-3425,3425,3331,car,person,102.903,104.504,0,,,0,17,,3064.7,3064.7,0.0,0.0,0.0,0.0,0.0,no,pedestrian_stationary
3334-3425,3425,3334,car,person,102.903,113.213,0,,,0,56,18.989,142.0,1173.3,72.4,288.9,47.8,274.5,-1.1,no,vehicle_not_moving
3339-3425,3425,3339,car,person,102.903,107.507,0,,,0,46,9.235,730.7,1248.6,136.3,216.8,0.0,216.8,0.0,no,vehicle_not_moving
3350-3425,3425,3350,car,person,102.903,105.606,0,,,0,28,,2188.2,2188.2,0.0,0.0,0.0,0.0,0.0,no,vehicle_not_moving
3363-3425,3425,3363,car,person,102.903,113.213,0,,,0,40,9.565,712.1,1031.5,107.8,207.3,47.8,207.3,-1.1,no,vehicle_not_moving
3364-3425,3425,3364,car,person,102.903,104.705,0,,,0,19,,1609.1,1609.1,0.0,0.0,0.0,0.0,0.0,no,pedestrian_stationary
3372-3425,3425,3372,car,person,102.903,107.407,0,,,0,2,,3308.6,3308.6,0.0,116.9,0.0,116.9,0.0,no,vehicle_not_moving
3385-3425,3425,3385,car,person,102.903,105.706,0,,,0,29,,1599.2,1599.2,0.0,0.0,0.0,0.0,0.0,no,pedestrian_stationary
3392-3425,3425,3392,car,person,102.903,113.213,0,,,0,66,17.169,478.9,1213.8,77.3,137.0,47.8,137.0,-1.1,no,vehicle_not_moving
3403-3425,3425,3403,car,person,102.903,113.213,0,,,0,104,68.034,238.2,2147.7,32.1,65.2,47.8,65.2,-1.1,no,pedestrian_stationary
3419-3425,3425,3419,car,person,102.903,107.608,0,,,0,7,9.635,9.5,1508.0,157.6,161.1,0.0,161.1,0.0,no,vehicle_not_moving
3147-3431,3431,3147,car,person,103.103,121.321,0,,,0,153,6.257,238.2,1502.2,314.9,588.7,551.3,117.9,-337.2,yes,vehicle_not_moving
3207-3431,3431,3207,car,person,103.103,113.714,0,,,0,62,0.662,4.4,100.5,231.9,364.2,364.2,155.5,-337.2,yes,vehicle_not_moving
3244-3431,3431,3244,car,person,103.103,103.704,0,,,0,7,20.82,1387.2,1543.2,74.3,176.4,176.4,0.0,279.5,no,pedestrian_stationary
3313-3431,3431,3313,car,person,103.103,121.321,0,,,0,162,5.092,355.3,1346.2,361.8,547.9,551.3,155.5,-337.2,yes,vehicle_not_moving
3331-3431,3431,3331,car,person,103.103,104.504,0,,,0,15,12.115,319.5,394.5,33.6,176.4,176.4,0.0,-337.2,yes,pedestrian_stationary
3334-3431,3431,3334,car,person,103.103,121.321,0,,,0,127,5.174,617.9,1181.8,336.6,574.4,551.3,274.5,-337.2,yes,vehicle_not_moving
3339-3431,3431,3339,car,person,103.103,107.507,0,,,0,44,90.663,95.4,2434.7,27.2,199.3,176.4,216.8,-337.2,yes,vehicle_not_moving
3350-3431,3431,3350,car,person,103.103,105.606,0,,,0,26,18.385,6.6,1318.0,72.7,176.4,176.4,0.0,-337.2,yes,vehicle_not_moving
3363-3431,3431,3363,car,person,103.103,116.116,0,,,0,38,5.208,132.9,2170.8,444.6,551.3,551.3,207.3,-337.2,yes,vehicle_not_moving
3364-3431,3431,3364,car,person,103.103,104.705,0,,,0,17,26.631,236.9,1977.4,75.0,176.4,176.4,0.0,-337.2,yes,pedestrian_stationary
3385-3431,3431,3385,car,person,103.103,105.706,0,,,0,27,26.718,35.5,1988.4,75.2,176.4,176.4,0.0,-337.2,yes,pedestrian_stationary
3392-3431,3431,3392,car,person,103.103,121.321,0,,,0,127,4.685,1142.1,1339.1,383.8,600.0,551.3,165.7,-337.2,yes,vehicle_not_moving
3403-3431,3431,3403,car,person,103.103,121.321,0,,,0,183,1.16,1.0,283.8,375.0,551.3,551.3,65.2,-337.2,yes,pedestrian_stationary
3419-3431,3431,3419,car,person,103.103,107.608,0,,,0,5,69.911,13.9,2035.6,29.6,261.3,176.4,161.1,-337.2,yes,vehicle_not_moving
25-3445,25,3445,truck,person,103.603,127.527,0,,,0,164,5.496,94.3,512.8,174.1,210.3,34.3,210.3,-106.3,yes,pedestrian_stationary
1469-3445,1469,3445,car,person,103.603,127.527,0,,,0,164,5.919,22.2,696.1,166.8,210.3,6.3,210.3,-30.4,no,pedestrian_stationary
1665-3445,1665,3445,truck,person,103.603,115.115,0,,,0,113,34.741,822.5,2049.4,91.8,239.1,125.5,210.3,-58.7,yes,pedestrian_stationary
2009-3445,2009,3445,car,person,103.603,127.527,0,,,0,164,15.331,449.7,449.7,76.0,317.4,379.5,210.3,-306.5,yes,pedestrian_stationary
2135-3445,2135,3445,car,person,103.603,127.527,0,,,0,164,16.255,169.7,169.7,62.8,371.6,389.3,210.3,-431.0,yes,pedestrian_stationary
2199-3445,2199,3445,car,person,103.603,127.527,0,,,0,164,10.762,227.4,230.8,37.8,210.3,312.5,210.3,-97.1,yes,pedestrian_stationary
2206-3445,2206,3445,car,person,103.603,127.527,0,,,0,164,27.651,371.5,376.9,49.7,326.8,397.8,210.3,-439.7,yes,pedestrian_stationary
2233-3445,2233,3445,car,person,103.603,121.722,0,,,0,158,3.58,253.7,253.7,95.5,210.3,112.9,210.3,-0.0,no,pedestrian_stationary
2237-3445,2237,3445,car,person,103.603,125.826,0,,,0,164,23.5,303.5,303.5,51.6,210.3,169.9,210.3,-14.5,no,pedestrian_stationary
2299-3445,2299,3445,bus,person,103.603,127.527,0,,,0,164,1.718,36.7,280.5,163.2,347.2,409.8,210.3,-238.2,yes,pedestrian_stationary
2463-3445,2463,3445,bus,person,103.603,108.108,0,,,0,46,8.117,643.9,1064.1,131.1,210.3,123.6,210.3,8.3,yes,pedestrian_stationary
2470-3445,2470,3445,car,person,103.603,126.526,0,,,0,164,18.753,445.0,563.1,119.2,399.1,510.8,210.3,-533.2,yes,pedestrian_stationary
2488-3445,2488,3445,car,person,103.603,125.626,0,,,0,164,7.636,577.1,1050.8,137.6,210.3,46.3,210.3,-76.3,yes,pedestrian_stationary
2586-3445,2586,3445,car,person,103.603,127.527,0,,,0,164,20.596,119.9,792.8,76.2,219.8,334.3,210.3,-190.8,yes,pedestrian_stationary
2729-3445,2729,3445,car,person,103.603,111.612,0,,,0,78,8.494,543.0,1262.8,148.7,210.3,7.7,210.3,-18.0,no,pedestrian_stationary
2749-3445,2749,3445,truck,person,103.603,109.009,0,,,0,52,5.068,630.2,681.6,145.4,290.2,291.0,210.3,-48.9,yes,pedestrian_stationary
2785-3445,2785,3445,car,person,103.603,125.325,0,,,0,164,22.438,61.9,1112.6,98.9,281.4,391.5,210.3,-337.9,yes,pedestrian_stationary
2860-3445,2860,3445,car,person,103.603,127.527,0,,,0,164,82.02,716.0,716.0,17.2,210.3,20.3,210.3,-82.4,yes,pedestrian_stationary
3050-3445,3050,3445,bus,person,103.603,127.527,0,,,0,164,4.496,298.6,350.3,104.2,299.0,299.0,210.3,-252.1,yes,pedestrian_stationary
3090-3445,3090,3445,car,person,103.603,118.618,0,,,0,139,4.715,624.2,979.5,285.5,323.4,373.9,210.3,-101.2,yes,pedestrian_stationary
3142-3445,3142,3445,car,person,103.603,113.914,0,,,0,101,1.698,451.4,563.8,390.6,533.2,533.2,210.3,-115.4,yes,pedestrian_stationary
3145-3445,3145,3445,bus,person,103.603,104.304,0,,,0,8,7.48,480.3,991.4,132.5,157.8,0.0,157.8,,no,pedestrian_stationary
3172-3445,3172,3445,car,person,103.603,105.205,0,,,0,17,7.655,635.4,788.4,110.2,180.4,0.0,180.4,,no,pedestrian_stationary
3235-3445,3235,3445,car,person,103.603,106.506,0,,,0,30,,2303.8,2303.8,0.0,180.4,0.0,180.4,,no,pedestrian_stationary
3243-3445,3243,3445,car,person,103.603,108.208,0,,,0,47,5.611,20.4,1051.8,210.1,465.4,465.4,210.3,-561.4,yes,pedestrian_stationary
3258-3445,3258,3445,car,person,103.603,104.705,0,,,0,12,6.408,224.2,1108.6,174.2,180.4,0.0,180.4,,no,pedestrian_stationary
3336-3445,3336,3445,bus,person,103.603,117.818,0,,,0,139,2.49,25.0,344.9,165.0,210.3,0.0,210.3,-15.9,no,pedestrian_stationary
3365-3445,3365,3445,car,person,103.603,105.606,0,,,0,21,,2351.5,2351.5,0.0,180.4,0.0,180.4,,no,pedestrian_stationary
3377-3445,3377,3445,car,person,103.603,106.106,0,,,0,26,6.018,224.0,911.4,174.2,180.4,0.0,180.4,,no,pedestrian_stationary
3378-3445,3378,3445,car,person,103.603,121.822,0,,,0,159,5.428,335.4,1225.1,323.4,471.7,376.7,210.3,-222.7,yes,pedestrian_stationary
3384-3445,3384,3445,car,person,103.603,110.811,0,,,0,70,7.481,210.4,803.7,136.5,758.1,900.9,210.3,-759.5,yes,pedestrian_stationary
3393-3445,3393,3445,car,person,103.603,123.423,0,,,0,164,5.98,1248.9,1326.5,292.5,432.2,368.0,210.3,-83.2,yes,pedestrian_stationary
3415-3445,3415,3445,car,person,103.603,107.908,0,,,0,44,5.497,98.2,705.0,174.1,210.3,0.0,210.3,0.0,no,pedestrian_stationary
3421-3445,3421,3445,car,person,103.603,126.126,0,,,0,164,4.598,52.3,1260.0,386.6,542.8,439.3,210.3,-225.4,yes,pedestrian_stationary
3425-3445,3425,3445,car,person,103.603,113.213,0,,,0,94,7.784,551.9,1113.1,143.0,210.3,47.8,210.3,-1.1,no,pedestrian_stationary
3431-3445,3431,3445,car,person,103.603,121.321,0,,,0,154,4.287,1273.0,1369.9,459.9,653.7,551.3,210.3,-337.2,yes,pedestrian_stationary
25-3449,25,3449,truck,person,103.704,107.908,0,,,0,43,13.195,109.4,1574.4,120.3,120.6,34.3,120.6,-106.3,yes,pedestrian_stationary
1469-3449,1469,3449,car,person,103.704,107.908,0,,,0,43,14.081,281.4,1661.3,118.9,120.6,0.0,120.6,-0.0,no,pedestrian_stationary
1665-3449,1665,3449,truck,person,103.704,107.908,0,,,0,43,,1796.3,1796.3,0.0,120.6,71.2,120.6,-58.7,yes,pedestrian_stationary
2009-3449,2009,3449,car,person,103.704,107.908,0,,,0,43,,283.7,283.7,0.0,120.6,0.0,120.6,-0.0,no,pedestrian_stationary
2135-3449,2135,3449,car,person,103.704,107.908,0,,,0,43,2.011,110.4,191.2,97.2,120.6,9.0,120.6,-22.5,no,pedestrian_stationary
2199-3449,2199,3449,car,person,103.704,107.908,0,,,0,43,3.97,181.0,426.9,109.8,120.6,0.0,120.6,-0.0,no,pedestrian_stationary
2206-3449,2206,3449,car,person,103.704,107.908,0,,,0,43,8.309,17.0,103.9,12.5,122.5,14.6,120.6,-58.7,yes,pedestrian_stationary
2233-3449,2233,3449,car,person,103.704,107.908,0,,,0,43,5.823,197.9,661.2,115.3,120.6,0.0,120.6,-0.0,no,pedestrian_stationary
2237-3449,2237,3449,car,person,103.704,107.908,0,,,0,43,4.094,246.2,327.8,82.0,120.6,0.0,120.6,-0.0,no,pedestrian_stationary
2299-3449,2299,3449,bus,person,103.704,107.908,0,,,0,43,8.184,135.3,965.1,119.5,120.6,0.0,120.6,-0.0,no,pedestrian_stationary
2463-3449,2463,3449,bus,person,103.704,107.908,0,,,0,43,30.609,1068.8,1464.6,48.0,92.9,123.6,120.6,45.9,yes,pedestrian_stationary
2470-3449,2470,3449,car,person,103.704,107.908,0,,,0,43,32.642,236.2,246.8,8.5,127.2,18.8,120.6,-73.2,yes,pedestrian_stationary
2488-3449,2488,3449,car,person,103.704,107.908,0,,,0,43,15.525,896.2,1494.7,96.9,120.6,11.9,120.6,-0.0,no,pedestrian_stationary
2586-3449,2586,3449,car,person,103.704,107.908,0,,,0,43,,499.1,499.1,0.0,120.6,0.0,120.6,-0.0,no,pedestrian_stationary
2729-3449,2729,3449,car,person,103.704,107.908,0,,,0,43,17.709,993.4,1756.7,99.7,120.6,7.7,120.6,-18.0,no,pedestrian_stationary
2749-3449,2749,3449,truck,person,103.704,107.908,0,,,0,43,28.907,418.8,418.8,15.0,291.0,291.0,120.6,-48.9,yes,pedestrian_stationary
2785-3449,2785,3449,car,person,103.704,107.908,0,,,0,43,87.574,822.4,827.4,9.8,120.6,57.1,120.6,-96.0,yes,pedestrian_stationary
2860-3449,2860,3449,car,person,103.704,107.908,0,,,0,43,14.813,674.0,735.5,50.0,120.6,0.0,120.6,-0.0,no,pedestrian_stationary
3050-3449,3050,3449,bus,person,103.704,107.908,0,,,0,43,5.177,123.4,717.0,141.3,154.2,95.2,120.6,-252.1,yes,pedestrian_stationary
3090-3449,3090,3449,car,person,103.704,107.908,0,,,0,43,2.406,446.4,467.7,286.7,373.9,373.9,120.6,-101.2,yes,pedestrian_stationary
3142-3449,3142,3449,car,person,103.704,107.908,0,,,0,43,1.791,311.4,326.3,185.8,527.6,527.6,120.6,-115.4,yes,pedestrian_stationary
3145-3449,3145,3449,bus,person,103.704,104.304,0,,,0,7,11.856,380.4,1363.0,115.9,120.6,0.0,120.6,,no,pedestrian_stationary
3172-3449,3172,3449,car,person,103.704,105.205,0,,,0,16,11.14,551.0,1181.2,106.9,120.6,0.0,120.6,,no,pedestrian_stationary
3235-3449,3235,3449,car,person,103.704,106.506,0,,,0,29,,1962.2,1962.2,0.0,120.6,0.0,120.6,,no,pedestrian_stationary
3243-3449,3243,3449,car,person,103.704,107.908,0,,,0,43,,1802.7,1802.7,0.0,431.9,431.9,120.6,-561.4,yes,pedestrian_stationary
3258-3449,3258,3449,car,person,103.704,104.705,0,,,0,11,13.192,108.7,1575.8,120.3,120.6,0.0,120.6,,no,pedestrian_stationary
3336-3449,3336,3449,bus,person,103.704,107.908,0,,,0,43,9.362,141.9,1108.6,119.6,120.6,0.0,120.6,-7.9,no,pedestrian_stationary
3365-3449,3365,3449,car,person,103.704,105.606,0,,,0,20,,2012.6,2012.6,0.0,120.6,0.0,120.6,,no,pedestrian_stationary
3377-3449,3377,3449,car,person,103.704,106.106,0,,,0,25,13.191,108.5,1575.7,120.3,120.6,0.0,120.6,,no,pedestrian_stationary
3378-3449,3378,3449,car,person,103.704,107.908,0,,,0,43,6.399,11.3,1208.4,226.3,228.4,228.4,120.6,-222.7,yes,pedestrian_stationary
3384-3449,3384,3449,car,person,103.704,107.908,0,,,0,43,202.25,929.8,929.8,4.6,900.9,900.9,120.6,-759.5,yes,pedestrian_stationary
3393-3449,3393,3449,car,person,103.704,107.908,0,,,0,43,18.211,184.4,1682.6,97.1,99.2,126.0,120.6,-83.2,yes,pedestrian_stationary
3415-3449,3415,3449,car,person,103.704,107.908,0,,,0,43,13.191,109.2,1575.8,120.3,120.6,0.0,120.6,0.0,no,pedestrian_stationary
3421-3449,3421,3449,car,person,103.704,107.908,0,,,0,43,10.442,141.3,1538.0,180.3,181.9,181.9,120.6,-121.9,yes,pedestrian_stationary
3425-3449,3425,3449,car,person,103.704,107.908,0,,,0,43,16.328,927.9,1589.0,98.5,120.6,0.0,120.6,0.0,no,pedestrian_stationary
3431-3449,3431,3449,car,person,103.704,107.908,0,,,0,43,26.403,35.2,1971.6,74.7,176.4,176.4,120.6,-337.2,yes,pedestrian_stationary
25-3458,25,3458,truck,person,104.104,111.011,0,,,0,23,2.782,5.9,473.3,187.3,189.4,34.3,189.4,-106.3,yes,pedestrian_stationary
1469-3458,1469,3458,car,person,104.104,111.011,0,,,0,23,3.848,200.7,603.6,177.1,189.4,6.3,189.4,-30.4,no,pedestrian_stationary
1665-3458,1665,3458,truck,person,104.104,111.011,0,,,0,23,,2299.2,2299.2,0.0,220.1,122.0,189.4,-58.7,yes,pedestrian_stationary
2009-3458,2009,3458,car,person,104.104,111.011,0,,,0,23,,708.7,708.7,0.0,189.4,0.0,189.4,-0.0,no,pedestrian_stationary
2135-3458,2135,3458,car,person,104.104,111.011,0,,,0,23,,447.3,447.3,0.0,189.4,9.0,189.4,-22.5,no,pedestrian_stationary
2199-3458,2199,3458,car,person,104.104,111.011,0,,,0,23,,298.1,298.1,0.0,189.4,0.0,189.4,-0.0,no,pedestrian_stationary
2206-3458,2206,3458,car,person,104.104,111.011,0,,,0,23,,645.7,645.7,0.0,189.4,12.8,189.4,-52.9,yes,pedestrian_stationary
2233-3458,2233,3458,car,person,104.104,111.011,0,,,0,23,14.764,231.1,232.9,15.8,189.4,0.0,189.4,-0.0,no,pedestrian_stationary
2237-3458,2237,3458,car,person,104.104,111.011,0,,,0,23,,468.6,468.6,0.0,189.4,0.0,189.4,-0.0,no,pedestrian_stationary
2299-3458,2299,3458,bus,person,104.104,111.011,0,,,0,23,1.885,149.0,163.1,147.8,189.4,0.0,189.4,-0.0,no,pedestrian_stationary
2463-3458,2463,3458,bus,person,104.104,108.108,0,,,0,23,16.211,941.0,964.3,64.3,189.4,123.6,189.4,105.6,yes,pedestrian_stationary
2470-3458,2470,3458,car,person,104.104,111.011,0,,,0,23,107.61,733.6,846.6,12.6,190.4,18.8,189.4,-73.2,yes,pedestrian_stationary
2488-3458,2488,3458,car,person,104.104,111.011,0,,,0,23,12.816,888.3,925.2,84.2,182.7,46.3,189.4,-45.9,yes,pedestrian_stationary
2586-3458,2586,3458,car,person,104.104,111.011,0,,,0,23,,1069.2,1069.2,0.0,189.4,0.0,189.4,-0.0,no,pedestrian_stationary
2729-3458,2729,3458,car,person,104.104,111.011,0,,,0,23,12.249,945.8,1080.4,103.0,189.4,0.0,189.4,-18.0,no,pedestrian_stationary
2749-3458,2749,3458,truck,person,104.104,109.009,0,,,0,23,4.72,640.9,843.6,180.7,273.9,273.9,189.4,-48.9,yes,pedestrian_stationary
2785-3458,2785,3458,car,person,104.104,111.011,0,,,0,23,,1383.5,1383.5,0.0,227.8,57.1,189.4,-109.0,yes,pedestrian_stationary
2860-3458,2860,3458,car,person,104.104,111.011,0,,,0,23,,769.3,769.3,0.0,189.4,6.7,189.4,-16.6,no,pedestrian_stationary
3050-3458,3050,3458,bus,person,104.104,111.011,0,,,0,23,17.064,342.4,346.1,20.3,249.0,95.2,189.4,-252.1,yes,pedestrian_stationary
3090-3458,3090,3458,car,person,104.104,111.011,0,,,0,23,5.023,723.9,867.6,295.1,338.2,373.9,189.4,-101.2,yes,pedestrian_stationary
3142-3458,3142,3458,car,person,104.104,111.011,0,,,0,23,2.267,563.8,670.9,328.1,503.0,503.0,189.4,-115.4,yes,pedestrian_stationary
3145-3458,3145,3458,bus,person,104.104,104.304,0,,,0,3,7.041,374.2,807.2,114.6,129.4,0.0,129.4,,no,pedestrian_stationary
3172-3458,3172,3458,car,person,104.104,105.205,0,,,0,12,7.584,559.9,646.9,92.7,179.1,0.0,179.1,,no,pedestrian_stationary
3235-3458,3235,3458,car,person,104.104,106.506,0,,,0,23,,2587.8,2587.8,0.0,189.4,0.0,189.4,,no,pedestrian_stationary
3243-3458,3243,3458,car,person,104.104,108.208,0,,,0,23,9.7,859.6,1084.9,135.4,264.3,431.9,189.4,-261.3,yes,pedestrian_stationary
3258-3458,3258,3458,car,person,104.104,104.705,0,,,0,7,5.271,87.8,895.1,172.2,176.1,0.0,176.1,,no,pedestrian_stationary
3336-3458,3336,3458,bus,person,104.104,111.011,0,,,0,23,1.739,146.5,165.2,158.4,189.4,0.0,189.4,-1.0,no,pedestrian_stationary
3365-3458,3365,3458,car,person,104.104,105.606,0,,,0,16,,2635.5,2635.5,0.0,179.9,0.0,179.9,,no,pedestrian_stationary
3377-3458,3377,3458,car,person,104.104,106.106,0,,,0,21,3.68,87.6,649.4,177.0,179.9,0.0,179.9,,no,pedestrian_stationary
3378-3458,3378,3458,car,person,104.104,111.011,0,,,0,23,14.797,47.2,2023.4,136.7,141.0,139.4,189.4,-222.7,yes,pedestrian_stationary
3384-3458,3384,3458,car,person,104.104,110.811,0,,,0,23,6.187,967.5,967.5,191.3,712.0,900.9,189.4,-759.5,yes,pedestrian_stationary
3393-3458,3393,3458,car,person,104.104,111.011,0,,,0,23,8.103,388.0,2275.2,280.8,304.8,304.8,189.4,-83.2,yes,pedestrian_stationary
3415-3458,3415,3458,car,person,104.104,107.908,0,,,0,23,2.795,46.0,476.3,187.1,189.4,0.0,189.4,0.0,no,pedestrian_stationary
3421-3458,3421,3458,car,person,104.104,111.011,0,,,0,23,18.689,188.1,2443.9,130.8,133.8,148.4,189.4,-123.1,yes,pedestrian_stationary
3425-3458,3425,3458,car,person,104.104,111.011,0,,,0,23,12.35,893.1,959.0,93.8,189.4,47.8,189.4,-1.1,no,pedestrian_stationary
3431-3458,3431,3458,car,person,104.104,111.011,0,,,0,23,74.806,41.5,2594.7,34.7,189.4,98.8,189.4,-337.2,yes,pedestrian_stationary
25-3465,25,3465,truck,person,104.304,108.508,0,,,0,43,8.69,42.1,1560.0,181.6,181.7,34.3,181.7,-106.3,yes,pedestrian_stationary
1469-3465,1469,3465,car,person,104.304,108.508,0,,,0,43,9.183,73.6,1646.8,181.2,181.7,0.0,181.7,-0.0,no,pedestrian_stationary
1665-3465,1665,3465,truck,person,104.304,108.508,0,,,0,43,,1789.6,1789.6,0.0,192.1,85.6,181.7,-58.7,yes,pedestrian_stationary
2009-3465,2009,3465,car,person,104.304,108.508,0,,,0,43,,280.5,280.5,0.0,181.7,0.0,181.7,-0.0,no,pedestrian_stationary
2135-3465,2135,3465,car,person,104.304,108.508,0,,,0,43,1.475,115.2,183.1,132.3,181.7,9.0,181.7,-22.5,no,pedestrian_stationary
2199-3465,2199,3465,car,person,104.304,108.508,0,,,0,43,2.43,131.7,412.5,171.3,181.7,0.0,181.7,-0.0,no,pedestrian_stationary
2206-3465,2206,3465,car,person,104.304,108.508,0,,,0,43,,111.5,111.5,0.0,182.9,12.8,181.7,-52.9,yes,pedestrian_stationary
2233-3465,2233,3465,car,person,104.304,108.508,0,,,0,43,3.665,115.9,646.5,177.8,181.7,0.0,181.7,-0.0,no,pedestrian_stationary
2237-3465,2237,3465,car,person,104.304,108.508,0,,,0,43,2.413,215.9,315.6,133.3,181.7,0.0,181.7,-0.0,no,pedestrian_stationary
2299-3465,2299,3465,bus,person,104.304,108.508,0,,,0,43,5.301,13.4,950.6,181.5,181.7,0.0,181.7,-0.0,no,pedestrian_stationary
2463-3465,2463,3465,bus,person,104.304,108.108,0,,,0,39,9.733,791.0,1472.8,151.3,179.4,123.6,181.7,105.6,yes,pedestrian_stationary
2470-3465,2470,3465,car,person,104.304,108.508,0,,,0,43,34.81,243.5,243.5,8.3,181.7,18.8,181.7,-73.2,yes,pedestrian_stationary
2488-3465,2488,3465,car,person,104.304,108.508,0,,,0,43,9.56,741.6,1483.8,155.5,181.7,11.9,181.7,-0.0,no,pedestrian_stationary
2586-3465,2586,3465,car,person,104.304,108.508,0,,,0,43,,493.8,493.8,0.0,181.7,0.0,181.7,-0.0,no,pedestrian_stationary
2729-3465,2729,3465,car,person,104.304,108.508,0,,,0,43,10.971,805.9,1742.8,159.1,181.7,0.0,181.7,-18.0,no,pedestrian_stationary
2749-3465,2749,3465,truck,person,104.304,108.508,0,,,0,43,,409.1,409.1,0.0,240.6,258.3,181.7,-48.9,yes,pedestrian_stationary
2785-3465,2785,3465,car,person,104.304,108.508,0,,,0,43,90.325,824.8,824.8,9.6,186.1,57.1,181.7,-109.0,yes,pedestrian_stationary
2860-3465,2860,3465,car,person,104.304,108.508,0,,,0,43,8.149,630.9,726.3,89.2,181.7,6.7,181.7,-16.6,no,pedestrian_stationary
3050-3465,3050,3465,bus,person,104.304,108.508,0,,,0,43,4.177,123.0,703.5,170.8,181.7,95.2,181.7,-252.1,yes,pedestrian_stationary
3090-3465,3090,3465,car,person,104.304,108.508,0,,,0,43,2.402,446.5,468.8,280.1,373.9,373.9,181.7,-101.2,yes,pedestrian_stationary
3142-3465,3142,3465,car,person,104.304,108.508,0,,,0,43,,370.1,370.1,0.0,490.6,490.6,181.7,-115.4,yes,pedestrian_stationary
3145-3465,3145,3465,bus,person,104.304,104.304,0,,,0,1,,1400.8,1400.8,0.0,0.0,0.0,0.0,,no,pedestrian_stationary
3172-3465,3172,3465,car,person,104.304,105.205,0,,,0,10,6.96,415.4,1166.8,168.1,181.7,0.0,181.7,,no,pedestrian_stationary
3235-3465,3235,3465,car,person,104.304,106.506,0,,,0,23,,1959.2,1959.2,0.0,181.7,0.0,181.7,,no,pedestrian_stationary
3243-3465,3243,3465,car,person,104.304,108.208,0,,,0,40,13.371,1143.6,1912.9,143.1,307.5,431.9,181.7,105.5,yes,pedestrian_stationary
3258-3465,3258,3465,car,person,104.304,104.705,0,,,0,5,8.69,42.8,1561.5,181.6,181.7,0.0,181.7,,no,pedestrian_stationary
3336-3465,3336,3465,bus,person,104.304,108.508,0,,,0,43,6.109,4.6,1094.4,181.6,181.7,0.0,181.7,-0.5,no,pedestrian_stationary
3365-3465,3365,3465,car,person,104.304,105.606,0,,,0,14,,2009.6,2009.6,0.0,181.7,0.0,181.7,,no,pedestrian_stationary
3377-3465,3377,3465,car,person,104.304,106.106,0,,,0,19,8.689,42.9,1561.4,181.6,181.7,0.0,181.7,,no,pedestrian_stationary
3378-3465,3378,3465,car,person,104.304,108.508,0,,,0,43,11.893,9.1,1222.8,106.2,132.2,106.6,181.7,-200.5,yes,pedestrian_stationary
3384-3465,3384,3465,car,person,104.304,108.508,0,,,0,43,,922.7,922.7,0.0,900.9,900.9,181.7,-759.5,yes,pedestrian_stationary
3393-3465,3393,3465,car,person,104.304,108.508,0,,,0,43,15.032,182.9,1663.7,116.8,122.1,121.5,181.7,-83.2,yes,pedestrian_stationary
3415-3465,3415,3465,car,person,104.304,107.908,0,,,0,37,8.69,40.6,1561.5,181.6,181.7,0.0,181.7,0.0,no,pedestrian_stationary
3421-3465,3421,3465,car,person,104.304,108.508,0,,,0,43,12.259,105.0,1552.2,142.6,143.6,148.4,181.7,-123.1,yes,pedestrian_stationary
3425-3465,3425,3465,car,person,104.304,108.508,0,,,0,43,10.041,754.7,1575.2,157.7,181.7,14.8,181.7,0.0,no,pedestrian_stationary
3431-3465,3431,3465,car,person,104.304,108.508,0,,,0,43,137.829,81.3,1960.2,14.5,179.4,33.5,181.7,-295.7,yes,pedestrian_stationary
3147-3477,3477,3147,car,person,104.605,114.114,0,,,0,96,1.172,337.4,393.1,501.0,936.9,892.8,117.9,-857.2,yes,vehicle_not_moving
3207-3477,3477,3207,car,person,104.605,113.714,0,,,0,47,,650.7,650.7,0.0,996.3,892.8,155.5,-857.2,yes,vehicle_not_moving
3313-3477,3477,3313,car,person,104.605,114.114,0,,,0,75,2.051,539.9,594.0,441.6,909.1,892.8,88.9,-857.2,yes,vehicle_not_moving
3334-3477,3477,3334,car,person,104.605,114.114,0,,,0,55,2.189,326.2,516.4,352.1,986.5,892.8,274.5,-857.2,yes,pedestrian_not_in_crosswalk
3339-3477,3477,3339,car,person,104.605,107.507,0,,,0,30,6.564,1008.6,1087.7,169.4,442.8,442.8,0.0,-298.2,yes,vehicle_not_moving
3350-3477,3477,3350,car,person,104.605,105.606,0,,,0,11,,626.5,626.5,0.0,220.5,220.5,0.0,-298.2,yes,pedestrian_stationary
3363-3477,3477,3363,car,person,104.605,114.114,0,,,0,23,2.344,385.3,614.6,445.0,793.1,892.8,207.3,-857.2,yes,vehicle_not_moving
3364-3477,3477,3364,car,person,104.605,104.705,0,,,0,2,,1016.1,1016.1,0.0,0.0,0.0,0.0,,no,pedestrian_stationary
3385-3477,3477,3385,car,person,104.605,105.706,0,,,0,12,18.059,914.3,981.9,54.8,220.5,220.5,0.0,-298.2,yes,pedestrian_stationary
3392-3477,3477,3392,car,person,104.605,114.114,0,,,0,58,2.236,470.2,674.1,398.7,876.4,892.8,131.6,-857.2,yes,vehicle_not_moving
3403-3477,3477,3403,car,person,104.605,114.114,0,,,0,96,,643.9,643.9,0.0,892.8,892.8,65.2,-857.2,yes,pedestrian_stationary
3445-3477,3477,3445,car,person,104.605,114.114,0,,,0,93,3.272,3.7,708.6,297.9,785.2,892.8,210.3,-857.2,yes,vehicle_not_moving
3449-3477,3477,3449,car,person,104.605,107.908,0,,,0,34,18.035,915.8,915.8,55.0,542.3,542.3,0.0,-298.2,yes,vehicle_not_moving
3458-3477,3477,3458,car,person,104.605,111.011,0,,,0,18,3.778,968.4,968.8,339.7,892.8,892.8,189.4,-857.2,yes,vehicle_not_moving
3465-3477,3477,3465,car,person,104.605,108.508,0,,,0,40,17.974,922.4,922.4,55.9,677.1,677.1,179.4,-298.2,yes,vehicle_not_moving
25-3480,25,3480,truck,person,104.705,108.709,0,,,0,41,1258.834,3199.6,3208.5,2.5,34.3,34.3,0.0,-106.3,yes,pedestrian_stationary
1469-3480,1469,3480,car,person,104.705,108.709,0,,,0,41,,3282.4,3282.4,0.0,0.0,0.0,0.0,-0.0,no,pedestrian_stationary
1665-3480,1665,3480,truck,person,104.705,108.709,0,,,0,41,151.885,1080.1,1222.5,8.0,89.8,89.8,0.0,-58.7,yes,pedestrian_stationary
2009-3480,2009,3480,car,person,104.705,108.709,0,,,0,41,,1602.8,1602.8,0.0,0.0,0.0,0.0,-0.0,no,pedestrian_stationary
2135-3480,2135,3480,car,person,104.705,108.709,0,,,0,41,199.995,102.7,1798.9,9.0,9.0,9.0,0.0,-22.5,no,pedestrian_stationary
2199-3480,2199,3480,car,person,104.705,108.709,0,,,0,41,,2027.5,2027.5,0.0,0.0,0.0,0.0,-0.0,no,pedestrian_stationary
2206-3480,2206,3480,car,person,104.705,108.709,0,,,0,41,985.723,1590.2,1597.5,1.6,11.5,11.5,0.0,-52.9,yes,pedestrian_stationary
2233-3480,2233,3480,car,person,104.705,108.709,0,,,0,41,,2272.8,2272.8,0.0,0.0,0.0,0.0,-0.0,no,pedestrian_stationary
2237-3480,2237,3480,car,person,104.705,108.709,0,,,0,41,,1862.3,1862.3,0.0,0.0,0.0,0.0,-0.0,no,pedestrian_stationary
2299-3480,2299,3480,bus,person,104.705,108.709,0,,,0,41,,2594.9,2594.9,0.0,0.0,0.0,0.0,-0.0,no,pedestrian_stationary
2463-3480,2463,3480,bus,person,104.705,108.108,0,,,0,35,,2919.5,2919.5,0.0,25.5,25.5,0.0,105.6,yes,pedestrian_stationary
2470-3480,2470,3480,car,person,104.705,108.709,0,,,0,41,410.537,1289.2,1396.3,3.4,18.8,18.8,0.0,-73.2,yes,pedestrian_stationary
2488-3480,2488,3480,car,person,104.705,108.709,0,,,0,41,,2954.0,2954.0,0.0,11.9,11.9,0.0,-0.0,no,pedestrian_stationary
2586-3480,2586,3480,car,person,104.705,108.709,0,,,0,41,,1235.3,1235.3,0.0,0.0,0.0,0.0,-0.0,no,pedestrian_stationary
2729-3480,2729,3480,car,person,104.705,108.709,0,,,0,41,,3221.1,3221.1,0.0,0.0,0.0,0.0,-9.0,no,pedestrian_stationary
2749-3480,2749,3480,truck,person,104.705,108.709,0,,,0,41,,1684.9,1684.9,0.0,257.1,257.1,0.0,-48.9,yes,pedestrian_stationary
2785-3480,2785,3480,car,person,104.705,108.709,0,,,0,41,21.53,20.8,978.7,45.6,57.1,57.1,0.0,-109.0,yes,pedestrian_stationary
2860-3480,2860,3480,car,person,104.705,108.709,0,,,0,41,,2021.9,2021.9,0.0,6.7,6.7,0.0,-16.6,no,pedestrian_stationary
3050-3480,3050,3480,bus,person,104.705,108.709,0,,,0,41,31.911,49.6,2298.5,72.2,95.2,95.2,0.0,-252.1,yes,pedestrian_stationary
3090-3480,3090,3480,car,person,104.705,108.709,0,,,0,41,,952.5,952.5,0.0,373.9,373.9,0.0,-101.2,yes,pedestrian_stationary
3142-3480,3142,3480,car,person,104.705,108.709,0,,,0,41,,1823.5,1823.5,0.0,461.0,461.0,0.0,-115.4,yes,pedestrian_stationary
3147-3481,3481,3147,car,person,104.705,109.209,0,,,0,46,,841.2,841.2,0.0,123.6,66.0,90.9,-267.4,yes,vehicle_not_moving
3172-3480,3172,3480,car,person,104.705,105.205,0,,,0,6,,2725.2,2725.2,0.0,0.0,0.0,0.0,,no,pedestrian_stationary
3207-3481,3481,3207,car,person,104.705,109.209,0,,,0,46,,2581.8,2581.8,0.0,145.9,66.0,145.9,-267.4,yes,vehicle_not_moving
3235-3480,3235,3480,car,person,104.705,106.506,0,,,0,19,,373.5,373.5,0.0,0.0,0.0,0.0,,no,pedestrian_stationary
3243-3480,3243,3480,car,person,104.705,108.208,0,,,0,36,,3465.0,3465.0,0.0,431.9,431.9,0.0,105.5,yes,pedestrian_stationary
3258-3480,3258,3480,car,person,104.705,104.705,0,,,0,1,,3218.3,3218.3,0.0,0.0,0.0,0.0,,no,pedestrian_stationary
3313-3481,3481,3313,car,person,104.705,109.209,0,,,0,25,,621.7,621.7,0.0,112.9,66.0,84.9,-267.4,yes,vehicle_not_moving
3334-3481,3481,3334,car,person,104.705,109.209,0,,,0,6,17.483,262.2,844.7,52.8,274.5,66.0,274.5,-267.4,yes,pedestrian_not_in_crosswalk
3336-3480,3336,3480,bus,person,104.705,108.709,0,,,0,41,,2738.9,2738.9,0.0,0.0,0.0,0.0,-0.0,no,pedestrian_stationary
3339-3481,3481,3339,car,person,104.705,107.507,0,,,0,29,98.172,1073.2,1102.7,11.2,66.0,66.0,0.0,-267.4,yes,vehicle_not_moving
3350-3481,3481,3350,car,person,104.705,105.606,0,,,0,10,445.554,2176.2,2247.1,5.0,62.1,62.1,0.0,-267.4,yes,pedestrian_stationary
3363-3481,3481,3363,car,person,104.705,109.209,0,,,0,22,3.535,42.2,351.9,172.2,208.8,66.0,192.0,-267.4,yes,vehicle_not_moving
3364-3481,3481,3364,car,person,104.705,104.705,0,,,0,1,,1590.0,1590.0,0.0,0.0,0.0,0.0,,no,pedestrian_stationary
3365-3480,3365,3480,car,person,104.705,105.606,0,,,0,10,,459.7,459.7,0.0,0.0,0.0,0.0,,no,pedestrian_stationary
3377-3480,3377,3480,car,person,104.705,106.106,0,,,0,15,,3210.7,3210.7,0.0,0.0,0.0,0.0,,no,pedestrian_stationary
3378-3480,3378,3480,car,person,104.705,108.709,0,,,0,41,81.881,359.2,359.2,5.9,106.6,106.6,0.0,-142.1,yes,pedestrian_stationary
3384-3480,3384,3480,car,person,104.705,108.709,0,,,0,41,,2000.5,2000.5,0.0,900.9,900.9,0.0,-759.5,yes,pedestrian_stationary
3385-3481,3481,3385,car,person,104.705,105.706,0,,,0,11,195.637,1533.7,1576.4,8.1,66.0,66.0,0.0,-267.4,yes,pedestrian_stationary
3392-3481,3481,3392,car,person,104.705,109.209,0,,,0,18,8.387,30.7,875.7,114.8,150.4,66.0,130.9,-267.4,yes,vehicle_not_moving
3393-3480,3393,3480,car,person,104.705,108.709,0,,,0,41,3.724,120.3,152.3,64.0,92.1,92.1,0.0,-83.2,yes,pedestrian_stationary
3403-3481,3481,3403,car,person,104.705,109.209,0,,,0,46,105.766,12.2,2210.8,21.0,70.3,66.0,15.4,-267.4,yes,pedestrian_stationary
3415-3480,3415,3480,car,person,104.705,107.908,0,,,0,33,,3210.7,3210.7,0.0,0.0,0.0,0.0,,no,pedestrian_stationary
3421-3480,3421,3480,car,person,104.705,108.709,0,,,0,41,5.762,351.5,390.1,78.8,148.4,148.4,0.0,-123.1,yes,pedestrian_stationary
3425-3480,3425,3480,car,person,104.705,108.709,0,,,0,41,,3053.1,3053.1,0.0,15.7,15.7,0.0,0.0,no,pedestrian_stationary
3431-3480,3431,3480,car,person,104.705,108.709,0,,,0,41,17.52,64.0,382.4,22.7,35.9,35.9,0.0,-111.5,yes,pedestrian_stationary
3445-3481,3481,3445,car,person,104.705,109.209,0,,,0,43,5.481,20.2,617.6,174.9,210.3,66.0,210.3,-267.4,yes,vehicle_not_moving
3449-3481,3481,3449,car,person,104.705,107.908,0,,,0,33,195.67,1530.7,1573.4,8.0,66.0,66.0,0.0,-267.4,yes,vehicle_not_moving
3458-3481,3481,3458,car,person,104.705,109.209,0,,,0,17,2.781,22.0,474.0,187.1,197.5,66.0,189.4,-267.4,yes,vehicle_not_moving
3465-3481,3481,3465,car,person,104.705,108.508,0,,,0,39,8.613,3.7,1559.1,181.2,186.8,66.0,179.4,-267.4,yes,vehicle_not_moving
3477-3480,3477,3480,car,person,104.705,108.709,0,,,0,41,,1111.5,1111.5,0.0,707.4,707.4,0.0,-298.2,yes,pedestrian_stationary
3480-3481,3481,3480,car,person,104.705,108.709,0,,,0,41,706.914,3065.4,3208.3,4.5,66.0,66.0,0.0,-267.4,yes,pedestrian_stationary
25-3490,25,3490,truck,person,105.105,117.017,0,,,0,120,10.8,33.3,2150.3,234.3,234.9,32.4,234.9,-106.3,yes,pedestrian_stationary
1469-3490,1469,3490,car,person,105.105,117.017,0,,,0,120,11.199,206.7,2234.0,232.7,234.9,6.3,234.9,-30.4,no,pedestrian_stationary
1665-3490,1665,3490,truck,person,105.105,115.115,0,,,0,101,37.62,1192.9,1208.1,32.2,310.8,125.5,234.9,-58.7,yes,pedestrian_stationary
2009-3490,2009,3490,car,person,105.105,117.017,0,,,0,120,4.228,15.9,548.0,223.4,234.9,41.3,234.9,-0.0,no,pedestrian_stationary
2135-3490,2135,3490,car,person,105.105,117.017,0,,,0,120,4.803,4.0,720.2,233.5,234.9,19.5,234.9,-22.5,no,pedestrian_stationary
2199-3490,2199,3490,car,person,105.105,117.017,0,,,0,120,5.197,107.6,792.3,232.5,234.9,154.4,234.9,-0.0,no,pedestrian_stationary
2206-3490,2206,3490,car,person,105.105,117.017,0,,,0,120,3.931,20.4,381.2,233.5,234.9,77.9,234.9,-6.6,yes,pedestrian_stationary
2233-3490,2233,3490,car,person,105.105,117.017,0,,,0,120,6.86,32.4,1158.4,232.6,234.9,45.2,234.9,-0.0,no,pedestrian_stationary
2237-3490,2237,3490,car,person,105.105,117.017,0,,,0,120,5.18,11.1,748.3,229.7,234.9,42.5,234.9,-4.5,no,pedestrian_stationary
2299-3490,2299,3490,bus,person,105.105,117.017,0,,,0,120,8.186,60.0,1491.4,233.9,234.9,33.5,234.9,-12.5,no,pedestrian_stationary
2463-3490,2463,3490,bus,person,105.105,108.108,0,,,0,31,10.797,866.8,2271.4,211.7,234.9,0.0,234.9,,no,pedestrian_stationary
2488-3490,2488,3490,car,person,105.105,117.017,0,,,0,120,10.834,823.1,2067.3,214.4,234.9,46.3,234.9,-76.3,yes,pedestrian_stationary
2586-3490,2586,3490,car,person,105.105,117.017,0,,,0,120,2.96,82.7,278.1,205.0,234.9,28.8,234.9,-33.4,no,pedestrian_stationary
2729-3490,2729,3490,car,person,105.105,111.612,0,,,0,66,12.108,924.0,2359.1,214.1,234.9,0.0,234.9,-9.0,no,pedestrian_stationary
2749-3490,2749,3490,truck,person,105.105,109.009,0,,,0,40,5.281,403.2,1006.8,213.4,240.6,240.6,234.9,-37.1,yes,pedestrian_stationary
2785-3490,2785,3490,car,person,105.105,117.017,0,,,0,120,4.187,305.4,456.7,200.6,273.9,172.8,234.9,-109.0,yes,pedestrian_stationary
2860-3490,2860,3490,car,person,105.105,117.017,0,,,0,120,6.818,107.9,1105.7,205.8,234.9,13.1,234.9,-50.0,yes,pedestrian_stationary
3050-3490,3050,3490,bus,person,105.105,117.017,0,,,0,120,6.701,0.1,1245.7,288.7,290.4,95.2,234.9,-252.1,yes,pedestrian_stationary
3090-3490,3090,3490,car,person,105.105,117.017,0,,,0,120,33.276,807.5,1049.6,52.8,373.8,373.9,234.9,-101.2,yes,pedestrian_stationary
3142-3490,3142,3490,car,person,105.105,113.914,0,,,0,89,21.857,865.5,1932.3,100.2,419.1,419.1,234.9,-115.4,yes,pedestrian_stationary
3147-3492,3492,3147,car,person,105.105,113.814,0,,,0,88,1109.694,1458.3,1458.3,1.7,117.9,15.5,117.9,-46.8,yes,vehicle_not_moving
3172-3490,3172,3490,car,person,105.105,105.205,0,,,0,2,,2657.1,2657.1,0.0,0.0,0.0,0.0,,no,pedestrian_stationary
3207-3492,3492,3207,car,person,105.105,113.714,0,,,0,42,,2617.0,2617.0,0.0,155.5,15.5,155.5,-46.8,yes,vehicle_not_moving
3235-3490,3235,3490,car,person,105.105,106.506,0,,,0,15,,432.5,432.5,0.0,219.8,0.0,219.8,,no,pedestrian_stationary
3243-3490,3243,3490,car,person,105.105,108.208,0,,,0,32,12.612,740.9,2782.1,223.2,234.9,0.0,234.9,,no,pedestrian_stationary
3313-3492,3492,3313,car,person,105.105,113.814,0,,,0,67,,1220.9,1220.9,0.0,88.9,15.5,88.9,-46.8,yes,vehicle_not_moving
3334-3492,3492,3334,car,person,105.105,113.814,0,,,0,52,20.245,136.5,1347.7,72.0,277.6,15.5,274.5,-46.8,yes,pedestrian_not_in_crosswalk
3336-3490,3336,3490,bus,person,105.105,117.017,0,,,0,120,8.808,68.6,1680.1,233.9,234.9,0.0,234.9,-0.0,no,pedestrian_stationary
3339-3492,3492,3339,car,person,105.105,107.507,0,,,0,25,,1336.7,1336.7,0.0,0.0,0.0,0.0,0.0,no,vehicle_not_moving
3350-3492,3492,3350,car,person,105.105,105.606,0,,,0,6,,2276.0,2276.0,0.0,0.0,0.0,0.0,0.0,no,pedestrian_stationary
3363-3492,3492,3363,car,person,105.105,113.814,0,,,0,18,9.609,706.5,1093.0,113.7,207.3,15.5,207.3,-46.8,yes,vehicle_not_moving
3365-3490,3365,3490,car,person,105.105,105.606,0,,,0,6,,514.3,514.3,0.0,202.6,0.0,202.6,,no,pedestrian_stationary
3377-3490,3377,3490,car,person,105.105,106.106,0,,,0,11,13.613,32.1,2947.8,217.5,217.5,0.0,217.5,,no,pedestrian_stationary
3384-3490,3384,3490,car,person,105.105,110.811,0,,,0,58,12.514,23.0,2180.0,222.7,683.7,900.9,234.9,-759.5,yes,pedestrian_stationary
3385-3492,3492,3385,car,person,105.105,105.706,0,,,0,7,,1686.1,1686.1,0.0,0.0,0.0,0.0,0.0,no,pedestrian_stationary
3392-3492,3492,3392,car,person,105.105,113.814,0,,,0,50,64.574,457.1,1289.3,20.0,120.9,15.5,120.9,-46.8,yes,vehicle_not_moving
3393-3490,3393,3490,car,person,105.105,117.017,0,,,0,120,1.783,120.4,256.5,214.1,340.0,368.0,234.9,-81.3,yes,pedestrian_stationary
3403-3492,3492,3403,car,person,105.105,113.814,0,,,0,88,71.271,248.8,2243.5,31.9,65.2,15.5,65.2,-46.8,yes,pedestrian_stationary
3415-3490,3415,3490,car,person,105.105,107.908,0,,,0,29,10.948,34.5,2550.5,233.0,233.4,0.0,233.4,,no,pedestrian_stationary
3421-3490,3421,3490,car,person,105.105,117.017,0,,,0,120,0.5,78.5,105.1,366.1,439.3,439.3,234.9,-123.1,yes,pedestrian_stationary
3425-3490,3425,3490,car,person,105.105,113.213,0,,,0,82,11.294,847.0,2126.5,214.7,234.9,47.8,234.9,-1.1,no,pedestrian_stationary
3431-3490,3431,3490,car,person,105.105,117.017,0,,,0,120,1.293,310.1,324.4,374.9,551.3,551.3,234.9,-109.4,yes,pedestrian_stationary
3445-3492,3492,3445,car,person,105.105,113.814,0,,,0,85,8.135,544.9,1191.1,146.4,210.3,15.5,210.3,-46.8,yes,vehicle_not_moving
3449-3492,3492,3449,car,person,105.105,107.908,0,,,0,29,,1683.4,1683.4,0.0,0.0,0.0,0.0,0.0,no,vehicle_not_moving
3458-3492,3492,3458,car,person,105.105,111.011,0,,,0,13,12.229,923.5,1025.6,93.8,189.4,15.5,189.4,-46.8,yes,vehicle_not_moving
3465-3492,3492,3465,car,person,105.105,108.508,0,,,0,35,10.529,779.9,1669.5,158.6,179.4,12.6,179.4,-46.8,yes,vehicle_not_moving
3477-3490,3477,3490,car,person,105.105,114.114,0,,,0,91,24.019,137.0,1107.6,101.1,813.8,892.8,234.9,-857.2,yes,pedestrian_stationary
3480-3492,3492,3480,car,person,105.105,108.709,0,,,0,37,,3147.9,3147.9,0.0,12.6,12.6,0.0,-46.8,yes,pedestrian_stationary
3481-3490,3481,3490,car,person,105.105,109.209,0,,,0,42,10.788,34.4,2371.2,234.3,234.9,66.0,234.9,-267.4,yes,pedestrian_stationary
3490-3492,3492,3490,car,person,105.105,113.814,0,,,0,88,11.759,885.6,2217.4,214.5,234.9,15.5,234.9,-46.8,yes,pedestrian_stationary
25-3499,25,3499,truck,person,105.305,127.527,0,,,0,155,9.008,13.6,769.6,120.6,287.1,32.4,287.1,-106.3,yes,pedestrian_stationary
1469-3499,1469,3499,car,person,105.305,127.527,0,,,0,155,10.535,421.0,922.3,113.2,287.1,6.3,287.1,-30.4,no,pedestrian_stationary
1665-3499,1665,3499,truck,person,105.305,115.115,0,,,0,65,106.491,2052.8,2052.8,27.5,196.8,125.5,129.4,-14.7,yes,pedestrian_stationary
2009-3499,2009,3499,car,person,105.305,127.527,0,,,0,155,21.302,1.0,444.1,101.4,270.4,379.5,287.1,-306.5,yes,pedestrian_stationary
2135-3499,2135,3499,car,person,105.305,127.527,0,,,0,155,14.464,56.3,167.0,91.7,328.6,389.3,287.1,-431.0,yes,pedestrian_stationary
2199-3499,2199,3499,car,person,105.305,127.527,0,,,0,155,13.553,227.4,231.6,26.6,265.5,312.5,287.1,-97.1,yes,pedestrian_stationary
2206-3499,2206,3499,car,person,105.305,127.527,0,,,0,155,20.288,369.9,369.9,98.3,319.4,397.8,287.1,-439.7,yes,pedestrian_stationary
2233-3499,2233,3499,car,person,105.305,121.722,0,,,0,131,3.989,31.0,299.3,175.3,287.1,112.9,287.1,-0.0,no,pedestrian_stationary
2237-3499,2237,3499,car,person,105.305,125.826,0,,,0,155,7.206,297.9,297.9,138.2,249.1,169.9,287.1,-14.5,no,pedestrian_stationary
2299-3499,2299,3499,bus,person,105.305,127.527,0,,,0,155,1.972,126.6,361.3,233.0,318.6,409.8,287.1,-238.2,yes,pedestrian_stationary
2463-3499,2463,3499,bus,person,105.305,108.108,0,,,0,29,22.596,1043.4,1188.9,55.3,129.4,0.0,129.4,,no,pedestrian_stationary
2470-3499,2470,3499,car,person,105.305,126.526,0,,,0,155,25.026,424.3,557.4,95.7,395.6,510.8,287.1,-533.2,yes,pedestrian_stationary
2488-3499,2488,3499,car,person,105.305,125.626,0,,,0,155,13.287,1004.7,1159.0,117.1,293.8,46.3,287.1,-76.3,yes,pedestrian_stationary
2586-3499,2586,3499,car,person,105.305,127.527,0,,,0,155,21.784,128.4,784.0,101.1,289.6,334.3,287.1,-190.8,yes,pedestrian_stationary
2729-3499,2729,3499,car,person,105.305,111.612,0,,,0,47,21.474,1122.9,1363.1,69.6,129.4,0.0,129.4,-4.5,no,pedestrian_stationary
2749-3499,2749,3499,truck,person,105.305,109.009,0,,,0,38,65.18,558.7,558.7,8.6,237.6,237.6,129.4,-37.1,yes,pedestrian_stationary
2785-3499,2785,3499,car,person,105.305,125.325,0,,,0,155,21.177,118.9,1108.2,117.8,428.0,391.5,287.1,-337.9,yes,pedestrian_stationary
2860-3499,2860,3499,car,person,105.305,127.527,0,,,0,155,7.174,0.6,714.1,176.2,287.1,20.3,287.1,-82.4,yes,pedestrian_stationary
3050-3499,3050,3499,bus,person,105.305,127.527,0,,,0,155,5.367,327.4,417.2,127.9,273.2,299.0,287.1,-252.1,yes,pedestrian_stationary
3090-3499,3090,3499,car,person,105.305,118.618,0,,,0,100,3.073,569.1,742.7,282.0,373.9,373.9,177.4,-101.2,yes,pedestrian_stationary
3142-3499,3142,3499,car,person,105.305,113.914,0,,,0,53,,585.1,585.1,0.0,398.4,398.4,129.4,-115.4,yes,pedestrian_stationary
3235-3499,3235,3499,car,person,105.305,106.506,0,,,0,13,,2295.3,2295.3,0.0,120.0,0.0,120.0,,no,pedestrian_stationary
3243-3499,3243,3499,car,person,105.305,108.208,0,,,0,30,12.262,366.9,1360.7,118.2,129.4,0.0,129.4,,no,pedestrian_stationary
3336-3499,3336,3499,bus,person,105.305,117.818,0,,,0,92,5.812,244.4,447.7,109.9,129.4,0.0,129.4,-0.0,no,pedestrian_stationary
3365-3499,3365,3499,car,person,105.305,105.606,0,,,0,4,,2343.2,2343.2,0.0,89.7,0.0,89.7,,no,pedestrian_stationary
3377-3499,3377,3499,car,person,105.305,106.106,0,,,0,9,10.497,243.9,1199.2,114.2,120.0,0.0,120.0,,no,pedestrian_stationary
3378-3499,3378,3499,car,person,105.305,121.822,0,,,0,132,6.187,309.8,1107.9,231.0,411.0,376.7,287.1,-142.1,yes,pedestrian_stationary
3384-3499,3384,3499,car,person,105.305,110.811,0,,,0,47,13.361,51.3,991.7,97.7,789.7,900.9,129.4,-759.5,yes,pedestrian_stationary
3393-3499,3393,3499,car,person,105.305,123.423,0,,,0,148,6.79,776.5,1197.2,229.6,361.1,368.0,287.1,-68.1,yes,pedestrian_stationary
3415-3499,3415,3499,car,person,105.305,107.908,0,,,0,27,9.022,246.3,1017.8,120.4,129.4,0.0,129.4,,no,pedestrian_stationary
3421-3499,3421,3499,car,person,105.305,126.126,0,,,0,155,5.051,280.1,1070.0,325.2,485.9,439.3,287.1,-225.4,yes,pedestrian_stationary
3425-3499,3425,3499,car,person,105.305,113.213,0,,,0,47,20.284,1037.0,1245.9,65.6,129.4,47.8,129.4,-1.1,no,pedestrian_stationary
3431-3499,3431,3499,car,person,105.305,121.321,0,,,0,127,4.605,3.2,1186.6,403.7,593.3,551.3,287.1,-134.3,yes,pedestrian_stationary
3477-3499,3477,3499,car,person,105.305,114.114,0,,,0,55,5.903,8.7,883.9,166.9,816.0,892.8,129.4,-857.2,yes,pedestrian_stationary
3481-3499,3481,3499,car,person,105.305,109.209,0,,,0,40,9.003,234.6,914.8,120.4,129.4,66.0,129.4,16.4,yes,pedestrian_stationary
3492-3499,3492,3499,car,person,105.305,113.814,0,,,0,52,20.838,1079.5,1317.4,68.0,129.4,15.5,129.4,-46.8,yes,pedestrian_stationary
3147-3505,3505,3147,car,person,105.606,110.911,0,,,0,54,,886.5,886.5,0.0,91.9,0.0,91.9,0.0,no,vehicle_not_moving
3207-3505,3505,3207,car,person,105.606,110.911,0,,,0,37,,2687.7,2687.7,0.0,155.5,0.0,155.5,0.0,no,vehicle_not_moving
3313-3505,3505,3313,car,person,105.606,110.911,0,,,0,36,,670.5,670.5,0.0,84.9,0.0,84.9,0.0,no,pedestrian_not_in_crosswalk
3334-3505,3505,3334,car,person,105.606,110.911,0,,,0,23,17.56,259.7,889.7,52.7,274.5,0.0,274.5,0.0,no,pedestrian_not_in_crosswalk
3339-3505,3505,3339,car,person,105.606,107.507,0,,,0,20,,1103.8,1103.8,0.0,0.0,0.0,0.0,0.0,no,pedestrian_stationary
3350-3505,3505,3350,car,person,105.606,105.606,0,,,0,1,,2249.4,2249.4,0.0,0.0,0.0,0.0,,no,pedestrian_stationary
3363-3505,3505,3363,car,person,105.606,110.911,0,,,0,13,4.186,5.7,317.6,145.5,192.0,0.0,192.0,0.0,no,vehicle_not_moving
3385-3505,3505,3385,car,person,105.606,105.706,0,,,0,2,,1578.6,1578.6,0.0,0.0,0.0,0.0,,no,pedestrian_stationary
3392-3505,3505,3392,car,person,105.606,110.911,0,,,0,16,10.952,325.9,875.9,81.4,120.9,0.0,120.9,0.0,no,vehicle_not_moving
3403-3505,3505,3403,car,person,105.606,110.911,0,,,0,54,145.204,14.2,2213.1,15.3,15.4,0.0,15.4,0.0,no,pedestrian_stationary
3445-3505,3505,3445,car,person,105.606,110.911,0,,,0,51,5.499,95.6,525.3,161.8,210.3,0.0,210.3,0.0,no,vehicle_not_moving
3449-3505,3505,3449,car,person,105.606,107.908,0,,,0,24,,1574.7,1574.7,0.0,0.0,0.0,0.0,0.0,no,vehicle_not_moving
3458-3505,3505,3458,car,person,105.606,110.911,0,,,0,8,2.79,43.9,475.9,187.3,189.4,0.0,189.4,0.0,no,vehicle_not_moving
3465-3505,3505,3465,car,person,105.606,108.508,0,,,0,30,,1560.4,1560.4,0.0,0.0,0.0,0.0,0.0,no,vehicle_not_moving
3480-3505,3505,3480,car,person,105.606,108.709,0,,,0,32,,3209.8,3209.8,0.0,0.0,0.0,0.0,0.0,no,pedestrian_stationary
3490-3505,3505,3490,car,person,105.606,110.911,0,,,0,54,10.798,32.3,2274.0,234.3,234.9,0.0,234.9,0.0,no,vehicle_not_moving
3499-3505,3505,3499,car,person,105.606,110.911,0,,,0,44,9.013,244.9,827.4,120.5,129.4,0.0,129.4,0.0,no,vehicle_not_moving
25-3518,25,3518,truck,person,106.106,121.121,0,,,0,104,11.079,126.0,944.7,112.9,169.9,27.7,169.9,-98.9,yes,pedestrian_stationary
1469-3518,1469,3518,car,person,106.106,121.121,0,,,0,104,12.184,298.2,1099.8,110.7,169.9,6.3,169.9,-30.4,no,pedestrian_stationary
1665-3518,1665,3518,truck,person,106.106,115.115,0,,,0,44,267.464,2061.4,2061.4,10.4,188.8,125.5,113.5,3.2,yes,pedestrian_stationary
2009-3518,2009,3518,car,person,106.106,121.121,0,,,0,104,8.453,103.6,439.1,102.6,304.1,304.1,169.9,-0.0,no,pedestrian_stationary
2135-3518,2135,3518,car,person,106.106,121.121,0,,,0,104,4.839,11.1,158.9,149.2,216.2,216.2,169.9,-22.5,no,pedestrian_stationary
2199-3518,2199,3518,car,person,106.106,121.121,0,,,0,104,6.403,224.6,233.1,132.9,294.7,294.7,169.9,-63.7,yes,pedestrian_stationary
2206-3518,2206,3518,car,person,106.106,121.121,0,,,0,104,8.567,79.8,369.8,127.2,240.0,240.0,169.9,-20.5,yes,pedestrian_stationary
2233-3518,2233,3518,car,person,106.106,121.121,0,,,0,104,4.299,82.4,350.8,162.1,163.1,112.9,169.9,-0.0,no,pedestrian_stationary
2237-3518,2237,3518,car,person,106.106,121.121,0,,,0,104,6.53,81.2,302.4,148.4,149.0,141.8,169.9,-14.5,no,pedestrian_stationary
2299-3518,2299,3518,bus,person,106.106,121.121,0,,,0,104,4.497,164.1,401.0,144.8,218.9,218.9,169.9,-12.5,no,pedestrian_stationary
2463-3518,2463,3518,bus,person,106.106,108.108,0,,,0,21,17.254,969.3,1255.9,74.4,113.5,0.0,113.5,,no,pedestrian_stationary
2470-3518,2470,3518,car,person,106.106,121.121,0,,,0,104,12.683,159.0,554.3,105.3,430.3,430.3,169.9,-73.2,yes,pedestrian_stationary
2488-3518,2488,3518,car,person,106.106,121.121,0,,,0,104,18.189,923.8,1248.7,71.0,190.2,46.3,169.9,-76.3,yes,pedestrian_stationary
2586-3518,2586,3518,car,person,106.106,121.121,0,,,0,104,15.549,68.3,781.1,80.3,333.7,333.7,169.9,-33.4,no,pedestrian_stationary
2729-3518,2729,3518,car,person,106.106,111.612,0,,,0,29,18.105,1020.7,1472.4,84.8,113.5,0.0,113.5,-0.1,no,pedestrian_stationary
2749-3518,2749,3518,truck,person,106.106,109.009,0,,,0,29,,562.9,562.9,0.0,113.5,0.0,113.5,,no,pedestrian_stationary
2785-3518,2785,3518,car,person,106.106,121.121,0,,,0,104,,1123.9,1123.9,0.0,391.5,391.5,169.9,-337.9,yes,pedestrian_stationary
2860-3518,2860,3518,car,person,106.106,121.121,0,,,0,104,8.792,340.2,721.9,149.8,169.9,13.1,169.9,-50.0,yes,pedestrian_stationary
3050-3518,3050,3518,bus,person,106.106,121.121,0,,,0,104,4.607,73.1,471.5,152.9,218.8,218.8,169.9,-234.8,yes,pedestrian_stationary
3090-3518,3090,3518,car,person,106.106,118.618,0,,,0,79,4.177,609.6,673.9,167.6,340.8,340.8,169.9,-64.4,yes,pedestrian_stationary
3142-3518,3142,3518,car,person,106.106,113.914,0,,,0,32,1609.191,759.3,759.3,0.9,326.8,326.8,113.5,-79.3,yes,pedestrian_stationary
3235-3518,3235,3518,car,person,106.106,106.506,0,,,0,5,,2292.7,2292.7,0.0,113.5,0.0,113.5,,no,pedestrian_stationary
3243-3518,3243,3518,car,person,106.106,108.208,0,,,0,22,15.513,122.9,1455.8,93.8,113.5,0.0,113.5,,no,pedestrian_stationary
3336-3518,3336,3518,bus,person,106.106,117.818,0,,,0,71,7.165,171.5,592.9,110.8,169.9,0.0,169.9,-0.0,no,pedestrian_stationary
3377-3518,3377,3518,car,person,106.106,106.106,0,,,0,1,,1285.6,1285.6,0.0,0.0,0.0,0.0,,no,pedestrian_stationary
3378-3518,3378,3518,car,person,106.106,121.121,0,,,0,104,7.262,94.2,1109.2,198.6,415.7,376.7,169.9,-142.1,yes,pedestrian_stationary
3384-3518,3384,3518,car,person,106.106,110.811,0,,,0,29,14.144,14.8,1226.7,93.7,859.5,900.9,113.5,-759.5,yes,pedestrian_stationary
3393-3518,3393,3518,car,person,106.106,121.121,0,,,0,104,6.385,319.8,1215.2,244.0,352.8,368.0,169.9,-68.1,yes,pedestrian_stationary
3415-3518,3415,3518,car,person,106.106,107.908,0,,,0,19,11.094,129.1,1140.8,112.9,113.5,0.0,113.5,,no,pedestrian_stationary
3421-3518,3421,3518,car,person,106.106,121.121,0,,,0,104,5.2,268.8,1114.1,280.5,488.0,439.3,169.9,-225.4,yes,pedestrian_stationary
3425-3518,3425,3518,car,person,106.106,113.213,0,,,0,29,16.679,945.6,1332.2,82.1,113.5,47.8,113.5,-1.1,no,pedestrian_stationary
3431-3518,3431,3518,car,person,106.106,121.121,0,,,0,104,4.605,1142.8,1232.3,366.9,597.1,551.3,169.9,-134.3,yes,pedestrian_stationary
3477-3518,3477,3518,car,person,106.106,114.114,0,,,0,34,6.432,84.8,862.3,145.2,825.0,892.8,113.5,-857.2,yes,pedestrian_stationary
3481-3518,3481,3518,car,person,106.106,109.209,0,,,0,29,11.073,129.0,1057.3,112.9,113.5,0.0,113.5,,no,pedestrian_stationary
3492-3518,3492,3518,car,person,106.106,113.814,0,,,0,31,17.399,983.7,1419.4,83.7,113.5,15.5,113.5,-46.8,yes,pedestrian_stationary
3505-3518,3505,3518,car,person,106.106,110.911,0,,,0,29,11.086,125.7,991.4,112.9,113.5,0.0,113.5,0.0,no,pedestrian_stationary
3147-3526,3526,3147,car,person,106.506,124.324,0,,,0,119,9.224,663.9,1464.4,202.0,399.0,401.0,117.9,-287.6,yes,vehicle_not_moving
3207-3526,3526,3207,car,person,106.506,113.714,0,,,0,28,2.349,64.5,223.9,221.4,289.5,276.1,155.5,-120.8,yes,vehicle_not_moving
3313-3526,3526,3313,car,person,106.506,127.527,0,,,0,141,7.893,55.1,1311.4,226.7,396.7,401.0,140.3,-287.6,yes,pedestrian_not_in_crosswalk
3334-3526,3526,3334,car,person,106.506,127.227,0,,,0,119,6.44,212.9,1111.5,257.8,414.8,401.0,274.5,-287.6,yes,pedestrian_not_in_crosswalk
3339-3526,3526,3339,car,person,106.506,107.507,0,,,0,11,21.565,34.5,2440.6,115.4,125.7,125.7,0.0,-71.5,yes,pedestrian_stationary
3363-3526,3526,3363,car,person,106.506,116.116,0,,,0,4,6.978,65.5,2191.6,325.3,401.0,401.0,207.3,-287.6,yes,vehicle_not_moving
3392-3526,3526,3392,car,person,106.506,126.326,0,,,0,93,6.418,221.3,1301.2,266.1,447.1,401.0,219.0,-287.6,yes,pedestrian_not_in_crosswalk
3403-3526,3526,3403,car,person,106.506,127.527,0,,,0,211,1.316,0.6,187.7,243.1,401.0,401.0,88.4,-287.6,yes,pedestrian_stationary
3445-3526,3526,3445,car,person,106.506,127.527,0,,,0,135,5.216,1101.1,1369.8,331.2,500.9,401.0,210.3,-287.6,yes,vehicle_not_moving
3449-3526,3526,3449,car,person,106.506,107.908,0,,,0,15,17.446,31.9,1932.7,114.9,125.7,125.7,0.0,-71.5,yes,pedestrian_stationary
3465-3526,3526,3465,car,person,106.506,108.508,0,,,0,21,17.571,29.7,1894.9,114.9,125.7,125.7,0.0,-71.5,yes,vehicle_not_moving
3480-3526,3526,3480,car,person,106.506,108.709,0,,,0,23,4.459,198.2,369.2,101.1,125.7,125.7,0.0,-71.5,yes,pedestrian_stationary
3490-3526,3526,3490,car,person,106.506,117.017,0,,,0,106,1.594,86.6,219.5,240.1,401.0,401.0,234.9,-287.6,yes,vehicle_not_moving
3499-3526,3526,3499,car,person,106.506,127.527,0,,,0,143,5.781,846.1,1151.3,261.0,438.8,401.0,287.1,-287.6,yes,vehicle_not_moving
3518-3526,3526,3518,car,person,106.506,121.121,0,,,0,100,5.759,300.7,1192.7,237.2,449.9,401.0,169.9,-287.6,yes,vehicle_not_moving
25-3530,25,3530,truck,person,106.807,111.712,0,,,0,50,7.945,154.4,1061.2,133.8,137.0,27.7,137.0,-98.9,yes,pedestrian_stationary
1469-3530,1469,3530,car,person,106.807,111.712,0,,,0,50,9.077,328.2,1164.5,128.5,137.0,6.3,137.0,-30.4,no,pedestrian_stationary
1665-3530,1665,3530,truck,person,106.807,111.712,0,,,0,50,,2176.0,2176.0,0.0,212.9,125.5,137.0,3.2,no,pedestrian_stationary
2009-3530,2009,3530,car,person,106.807,111.712,0,,,0,50,,532.9,532.9,0.0,137.0,0.0,137.0,-0.0,no,pedestrian_stationary
2135-3530,2135,3530,car,person,106.807,111.712,0,,,0,50,,261.7,261.7,0.0,137.0,9.0,137.0,-22.5,no,pedestrian_stationary
2199-3530,2199,3530,car,person,106.807,111.712,0,,,0,50,,222.7,222.7,0.0,137.0,0.0,137.0,-0.0,no,pedestrian_stationary
2206-3530,2206,3530,car,person,106.807,111.712,0,,,0,50,,466.0,466.0,0.0,137.0,0.0,137.0,-0.0,no,pedestrian_stationary
2233-3530,2233,3530,car,person,106.807,111.712,0,,,0,50,5.009,238.3,270.7,63.5,137.0,0.0,137.0,-0.0,no,pedestrian_stationary
2237-3530,2237,3530,car,person,106.807,111.712,0,,,0,50,,340.8,340.8,0.0,137.0,0.0,137.0,-0.0,no,pedestrian_stationary
2299-3530,2299,3530,bus,person,106.807,111.712,0,,,0,50,3.859,175.8,472.5,122.4,137.0,0.0,137.0,-0.0,no,pedestrian_stationary
2463-3530,2463,3530,bus,person,106.807,108.108,0,,,0,14,17.848,986.3,1174.5,65.8,137.0,0.0,137.0,,no,pedestrian_stationary
2470-3530,2470,3530,car,person,106.807,111.712,0,,,0,50,59.768,401.7,659.0,12.8,137.0,18.8,137.0,-73.2,yes,pedestrian_stationary
2488-3530,2488,3530,car,person,106.807,111.712,0,,,0,50,16.046,944.0,1170.5,72.9,137.0,46.3,137.0,-45.9,yes,pedestrian_stationary
2586-3530,2586,3530,car,person,106.807,111.712,0,,,0,50,,882.8,882.8,0.0,137.0,0.0,137.0,-0.0,no,pedestrian_stationary
2729-3530,2729,3530,car,person,106.807,111.612,0,,,0,49,16.732,1050.0,1408.3,84.2,137.0,0.0,137.0,-0.0,no,pedestrian_stationary
2749-3530,2749,3530,truck,person,106.807,109.009,0,,,0,23,,605.7,605.7,0.0,137.0,0.0,137.0,,no,pedestrian_stationary
2785-3530,2785,3530,car,person,106.807,111.712,0,,,0,50,,1247.4,1247.4,0.0,182.3,57.1,137.0,-109.0,yes,pedestrian_stationary
2860-3530,2860,3530,car,person,106.807,111.712,0,,,0,50,,722.6,722.6,0.0,137.0,6.7,137.0,-16.6,no,pedestrian_stationary
3050-3530,3050,3530,bus,person,106.807,111.712,0,,,0,50,6.596,263.8,391.0,67.0,141.0,52.6,137.0,-201.0,yes,pedestrian_stationary
3090-3530,3090,3530,car,person,106.807,111.712,0,,,0,50,6.645,642.3,674.8,102.4,310.8,310.8,137.0,-64.4,yes,pedestrian_stationary
3142-3530,3142,3530,car,person,106.807,111.712,0,,,0,50,,862.2,862.2,0.0,291.5,291.5,137.0,-78.8,yes,pedestrian_stationary
3243-3530,3243,3530,car,person,106.807,108.208,0,,,0,15,12.886,744.7,1462.0,113.9,137.0,0.0,137.0,,no,pedestrian_stationary
3336-3530,3336,3530,bus,person,106.807,111.712,0,,,0,50,4.819,186.6,610.6,126.9,137.0,0.0,137.0,-0.0,no,pedestrian_stationary
3378-3530,3378,3530,car,person,106.807,111.712,0,,,0,50,8.998,36.6,1559.2,173.3,182.0,182.0,137.0,-142.1,yes,pedestrian_stationary
3384-3530,3384,3530,car,person,106.807,110.811,0,,,0,41,12.846,763.3,1441.1,112.6,701.1,701.1,137.0,-759.5,yes,pedestrian_stationary
3393-3530,3393,3530,car,person,106.807,111.712,0,,,0,50,4.977,326.0,1473.9,296.3,330.4,330.4,137.0,10.0,yes,pedestrian_stationary
3415-3530,3415,3530,car,person,106.807,107.908,0,,,0,12,8.045,157.0,1063.4,132.9,136.5,0.0,136.5,,no,pedestrian_stationary
3421-3530,3421,3530,car,person,106.807,111.712,0,,,0,50,21.98,395.0,1994.3,90.8,115.6,97.7,137.0,-123.1,yes,pedestrian_stationary
3425-3530,3425,3530,car,person,106.807,111.712,0,,,0,50,15.957,966.5,1244.3,78.6,137.0,47.8,137.0,-1.1,no,pedestrian_stationary
3431-3530,3431,3530,car,person,106.807,111.712,0,,,0,50,58.411,20.9,2390.8,42.0,140.1,52.1,137.0,-94.1,yes,pedestrian_stationary
3477-3530,3477,3530,car,person,106.807,111.712,0,,,0,50,8.299,945.1,945.1,139.6,892.8,892.8,137.0,-857.2,yes,pedestrian_stationary
3481-3530,3481,3530,car,person,106.807,109.209,0,,,0,25,7.93,156.8,1061.0,133.8,137.0,0.0,137.0,,no,pedestrian_stationary
3492-3530,3492,3530,car,person,106.807,111.712,0,,,0,50,16.312,1011.6,1341.3,82.2,137.0,15.5,137.0,-46.8,yes,pedestrian_stationary
3505-3530,3505,3530,car,person,106.807,110.911,0,,,0,42,7.943,154.9,1063.2,133.9,137.0,0.0,137.0,0.0,no,pedestrian_stationary
3526-3530,3526,3530,car,person,106.807,111.712,0,,,0,50,12.753,26.9,1977.2,174.2,176.9,176.9,137.0,-120.8,yes,pedestrian_stationary
3147-3540,3540,3147,car,person,107.608,116.316,0,,,0,88,0.85,205.9,303.3,583.1,983.7,963.9,117.9,-870.3,yes,vehicle_not_moving
3147-3541,3541,3147,car,person,107.608,111.612,0,,,0,41,,1025.8,1025.8,0.0,91.9,0.0,91.9,,no,vehicle_not_moving
3207-3540,3540,3207,car,person,107.608,113.714,0,,,0,17,,771.0,771.0,0.0,963.9,963.9,155.5,-870.3,yes,vehicle_not_moving
3207-3541,3541,3207,car,person,107.608,111.612,0,,,0,17,,2908.2,2908.2,0.0,155.5,0.0,155.5,,no,vehicle_not_moving
3313-3540,3540,3313,car,person,107.608,116.316,0,,,0,88,1.525,198.9,482.3,511.7,1026.9,963.9,88.9,-870.3,yes,vehicle_not_moving
3313-3541,3541,3313,car,person,107.608,111.612,0,,,0,41,,801.3,801.3,0.0,78.2,0.0,78.2,,no,vehicle_not_moving
3334-3540,3540,3334,car,person,107.608,116.316,0,,,0,77,1.091,15.4,383.7,583.8,1010.9,963.9,274.5,-870.3,yes,pedestrian_not_in_crosswalk
3334-3541,3541,3334,car,person,107.608,111.612,0,,,0,30,17.555,259.9,922.0,52.7,274.5,0.0,274.5,,no,pedestrian_not_in_crosswalk
3392-3540,3540,3392,car,person,107.608,116.316,0,,,0,61,1.978,378.0,555.8,435.6,1033.6,963.9,120.9,-870.3,yes,pedestrian_not_in_crosswalk
3392-3541,3541,3392,car,person,107.608,111.612,0,,,0,14,143.869,808.7,913.3,6.6,120.9,0.0,120.9,,no,pedestrian_not_in_crosswalk
3403-3540,3540,3403,car,person,107.608,116.316,0,,,0,88,,753.8,753.8,0.0,963.9,963.9,65.2,-870.3,yes,pedestrian_stationary
3403-3541,3541,3403,car,person,107.608,111.612,0,,,0,41,202.46,13.7,2213.0,10.9,10.9,0.0,10.9,,no,pedestrian_stationary
3445-3540,3540,3445,car,person,107.608,116.316,0,,,0,85,2.303,512.0,666.6,418.6,912.0,963.9,144.1,-870.3,yes,vehicle_not_moving
3445-3541,3541,3445,car,person,107.608,111.612,0,,,0,38,7.024,314.4,522.3,99.5,144.1,0.0,144.1,,no,vehicle_not_moving
3449-3540,3540,3449,car,person,107.608,107.908,0,,,0,4,51.981,1186.9,1194.9,23.1,201.2,201.2,0.0,-30.6,no,pedestrian_stationary
3449-3541,3541,3449,car,person,107.608,107.908,0,,,0,4,,1575.8,1575.8,0.0,0.0,0.0,0.0,,no,pedestrian_stationary
3465-3540,3540,3465,car,person,107.608,108.508,0,,,0,10,25.973,1124.5,1171.8,45.1,201.2,201.2,0.0,-72.6,yes,pedestrian_stationary
3465-3541,3541,3465,car,person,107.608,108.508,0,,,0,10,,1561.5,1561.5,0.0,0.0,0.0,0.0,,no,pedestrian_stationary
3480-3540,3540,3480,car,person,107.608,108.709,0,,,0,12,,967.1,967.1,0.0,220.1,220.1,0.0,-72.6,yes,pedestrian_stationary
3480-3541,3541,3480,car,person,107.608,108.709,0,,,0,12,,3210.7,3210.7,0.0,0.0,0.0,0.0,,no,pedestrian_stationary
3490-3540,3540,3490,car,person,107.608,116.316,0,,,0,88,24.086,716.7,720.2,101.0,916.2,963.9,234.9,-870.3,yes,vehicle_not_moving
3490-3541,3541,3490,car,person,107.608,111.612,0,,,0,41,10.798,154.8,2246.9,234.3,234.9,0.0,234.9,,no,vehicle_not_moving
3499-3540,3540,3499,car,person,107.608,116.316,0,,,0,54,3.341,217.9,784.2,321.5,920.9,963.9,107.4,-870.3,yes,vehicle_not_moving
3499-3541,3541,3499,car,person,107.608,111.612,0,,,0,24,10.01,435.2,796.5,95.7,107.4,0.0,107.4,,no,vehicle_not_moving
3518-3540,3540,3518,car,person,107.608,116.316,0,,,0,41,3.076,282.9,758.3,316.9,940.0,963.9,96.3,-870.3,yes,vehicle_not_moving
3518-3541,3541,3518,car,person,107.608,111.612,0,,,0,14,14.423,570.7,971.1,80.6,94.2,0.0,94.2,,no,vehicle_not_moving
3530-3540,3540,3530,car,person,107.608,111.712,0,,,0,42,4.029,945.1,945.5,314.4,931.7,931.7,137.0,-72.6,yes,vehicle_not_moving
3530-3541,3541,3530,car,person,107.608,111.612,0,,,0,41,7.944,219.4,1063.2,133.8,137.0,0.0,137.0,,no,vehicle_not_moving
3147-3551,3551,3147,bus,person,107.908,111.812,0,,,0,40,144.998,1265.7,1265.7,9.7,117.9,0.0,117.9,,no,vehicle_not_moving
3207-3551,3551,3207,bus,person,107.908,111.812,0,,,0,14,,2084.7,2084.7,0.0,155.5,0.0,155.5,,no,vehicle_not_moving
3313-3551,3551,3313,bus,person,107.908,111.812,0,,,0,40,,1079.8,1079.8,0.0,82.8,0.0,82.8,,no,vehicle_not_moving
3334-3551,3551,3334,bus,person,107.908,111.812,0,,,0,32,15.755,112.7,1062.1,67.4,274.5,0.0,274.5,,no,pedestrian_not_in_crosswalk
3392-3551,3551,3392,bus,person,107.908,111.812,0,,,0,16,131.789,195.3,984.6,7.6,120.9,0.0,120.9,,no,pedestrian_not_in_crosswalk
3403-3551,3551,3403,bus,person,107.908,111.812,0,,,0,40,144.926,555.9,1424.9,9.8,10.9,0.0,10.9,,no,pedestrian_stationary
3445-3551,3551,3445,bus,person,107.908,111.812,0,,,0,37,,897.3,897.3,0.0,144.1,0.0,144.1,,no,vehicle_not_moving
3449-3551,3551,3449,bus,person,107.908,107.908,0,,,0,1,,923.3,923.3,0.0,0.0,0.0,0.0,,no,pedestrian_stationary
3465-3551,3551,3465,bus,person,107.908,108.508,0,,,0,7,,911.0,911.0,0.0,0.0,0.0,0.0,,no,pedestrian_stationary
3480-3551,3551,3480,bus,person,107.908,108.709,0,,,0,9,,2330.5,2330.5,0.0,0.0,0.0,0.0,,no,pedestrian_stationary
3490-3551,3551,3490,bus,person,107.908,111.812,0,,,0,40,7.947,700.9,1455.0,212.9,234.9,0.0,234.9,,no,vehicle_not_moving
3499-3551,3551,3499,bus,person,107.908,111.812,0,,,0,21,,798.3,798.3,0.0,107.4,0.0,107.4,,no,vehicle_not_moving
3518-3551,3551,3518,bus,person,107.908,111.812,0,,,0,11,,817.0,817.0,0.0,94.2,0.0,94.2,,no,vehicle_not_moving
3530-3551,3551,3530,bus,person,107.908,111.712,0,,,0,39,94.667,748.2,749.5,7.9,137.0,0.0,137.0,,no,vehicle_not_moving
3147-3560,3560,3147,car,person,108.108,112.312,0,,,0,43,,1057.5,1057.5,0.0,117.9,0.0,117.9,0.0,no,vehicle_not_moving
3207-3560,3560,3207,car,person,108.108,112.312,0,,,0,12,,2968.0,2968.0,0.0,155.5,0.0,155.5,0.0,no,vehicle_not_moving
3313-3560,3560,3313,car,person,108.108,112.312,0,,,0,43,,826.2,826.2,0.0,88.9,0.0,88.9,0.0,no,vehicle_not_moving
3334-3560,3560,3334,car,person,108.108,112.312,0,,,0,37,,945.3,945.3,0.0,274.5,0.0,274.5,0.0,no,pedestrian_not_in_crosswalk
3392-3560,3560,3392,car,person,108.108,112.312,0,,,0,21,143.471,808.7,929.2,6.7,105.9,0.0,105.9,0.0,no,pedestrian_not_in_crosswalk
3403-3560,3560,3403,car,person,108.108,112.312,0,,,0,43,202.454,14.1,2213.0,10.9,10.9,0.0,10.9,0.0,no,pedestrian_stationary
3445-3560,3560,3445,car,person,108.108,112.312,0,,,0,40,7.112,439.6,513.7,97.7,144.1,0.0,144.1,0.0,no,vehicle_not_moving
3465-3560,3560,3465,car,person,108.108,108.508,0,,,0,5,,1561.4,1561.4,0.0,0.0,0.0,0.0,0.0,no,pedestrian_stationary
3480-3560,3560,3480,car,person,108.108,108.709,0,,,0,7,,3210.7,3210.7,0.0,0.0,0.0,0.0,0.0,no,pedestrian_stationary
3490-3560,3560,3490,car,person,108.108,112.312,0,,,0,43,11.021,49.3,2209.4,228.0,228.8,0.0,228.8,0.0,no,vehicle_not_moving
3499-3560,3560,3499,car,person,108.108,112.312,0,,,0,19,10.006,434.8,776.5,95.7,107.4,0.0,107.4,0.0,no,vehicle_not_moving
3518-3560,3560,3518,car,person,108.108,112.312,0,,,0,9,15.579,713.5,965.1,72.2,94.2,0.0,94.2,0.0,no,vehicle_not_moving
3530-3560,3560,3530,car,person,108.108,111.712,0,,,0,37,8.19,232.3,1063.1,129.8,133.1,0.0,133.1,0.0,no,vehicle_not_moving
25-3588,25,3588,truck,person,108.909,120.621,0,,,0,31,2.966,129.5,307.2,137.6,255.7,27.7,255.7,-98.9,yes,pedestrian_stationary
1469-3588,1469,3588,car,person,108.909,120.621,0,,,0,31,3.458,273.6,476.5,139.5,255.7,6.3,255.7,-30.4,no,pedestrian_stationary
1665-3588,1665,3588,truck,person,108.909,115.115,0,,,0,31,,2577.6,2577.6,0.0,277.6,125.5,159.6,3.2,no,pedestrian_stationary
2009-3588,2009,3588,car,person,108.909,120.621,0,,,0,31,,809.9,809.9,0.0,261.2,260.9,255.7,-0.0,no,pedestrian_stationary
2135-3588,2135,3588,car,person,108.909,120.621,0,,,0,31,,560.2,560.2,0.0,255.7,206.6,255.7,-0.0,no,pedestrian_stationary
2199-3588,2199,3588,car,person,108.909,120.621,0,,,0,31,,415.0,415.0,0.0,292.2,270.8,255.7,-63.7,yes,pedestrian_stationary
2206-3588,2206,3588,car,person,108.909,120.621,0,,,0,31,,773.2,773.2,0.0,268.7,179.0,255.7,-20.5,no,pedestrian_stationary
2233-3588,2233,3588,car,person,108.909,120.621,0,,,0,31,,287.2,287.2,0.0,262.6,112.9,255.7,-0.0,no,pedestrian_stationary
2237-3588,2237,3588,car,person,108.909,120.621,0,,,0,31,,590.6,590.6,0.0,263.7,133.3,255.7,-14.5,no,pedestrian_stationary
2299-3588,2299,3588,bus,person,108.909,120.621,0,,,0,31,4.714,245.9,246.6,63.5,257.3,209.8,255.7,-12.5,no,pedestrian_stationary
2470-3588,2470,3588,car,person,108.909,120.621,0,,,0,31,221.132,904.2,956.9,4.3,372.2,372.2,255.7,-66.6,yes,pedestrian_stationary
2488-3588,2488,3588,car,person,108.909,120.621,0,,,0,31,12.564,960.6,1071.1,94.5,248.1,46.3,255.7,-76.3,yes,pedestrian_stationary
2586-3588,2586,3588,car,person,108.909,120.621,0,,,0,31,,1177.9,1177.9,0.0,319.4,319.4,255.7,-33.4,no,pedestrian_stationary
2729-3588,2729,3588,car,person,108.909,111.612,0,,,0,28,22.472,1161.2,1204.0,56.0,159.6,0.0,159.6,,no,pedestrian_stationary
2749-3588,2749,3588,truck,person,108.909,109.009,0,,,0,2,,835.8,835.8,0.0,0.0,0.0,0.0,,no,pedestrian_stationary
2785-3588,2785,3588,car,person,108.909,120.621,0,,,0,31,,1569.6,1569.6,0.0,391.5,391.5,255.7,-337.9,yes,pedestrian_stationary
2860-3588,2860,3588,car,person,108.909,120.621,0,,,0,31,279.114,861.0,861.0,6.2,255.7,13.1,255.7,-50.0,yes,pedestrian_stationary
3050-3588,3050,3588,bus,person,108.909,120.621,0,,,0,31,146.848,382.3,382.3,8.6,258.1,218.8,255.7,-234.8,yes,pedestrian_stationary
3090-3588,3090,3588,car,person,108.909,118.618,0,,,0,31,16.707,778.8,778.9,73.0,255.7,200.6,255.7,-50.2,yes,pedestrian_stationary
3142-3588,3142,3588,car,person,108.909,113.914,0,,,0,31,23.03,954.7,1091.5,47.4,176.4,176.4,159.6,-64.3,yes,pedestrian_stationary
3336-3588,3336,3588,bus,person,108.909,117.818,0,,,0,31,3.779,270.3,282.1,93.7,255.7,0.0,255.7,-0.0,no,pedestrian_stationary
3378-3588,3378,3588,car,person,108.909,120.621,0,,,0,31,6.089,553.4,1369.8,289.5,347.1,376.7,255.7,-54.9,yes,pedestrian_stationary
3384-3588,3384,3588,car,person,108.909,110.811,0,,,0,20,8.744,572.1,1065.4,123.1,159.6,0.0,159.6,,no,pedestrian_stationary
3393-3588,3393,3588,car,person,108.909,120.621,0,,,0,31,5.743,183.3,1392.1,299.3,368.0,368.0,255.7,-66.8,yes,pedestrian_stationary
3421-3588,3421,3588,car,person,108.909,120.621,0,,,0,31,7.136,645.1,1312.5,287.8,434.5,439.3,255.7,-225.4,yes,pedestrian_stationary
3425-3588,3425,3588,car,person,108.909,113.213,0,,,0,31,25.416,1005.2,1104.2,45.2,159.6,47.8,159.6,-1.1,no,pedestrian_stationary
3431-3588,3431,3588,car,person,108.909,120.621,0,,,0,31,5.821,805.5,1731.0,366.0,471.0,551.3,255.7,-134.3,yes,pedestrian_stationary
3477-3588,3477,3588,car,person,108.909,114.114,0,,,0,31,8.667,538.1,767.2,121.5,765.9,892.8,159.6,-857.2,yes,pedestrian_stationary
3481-3588,3481,3588,car,person,108.909,109.209,0,,,0,4,9.081,354.2,852.5,93.9,103.2,0.0,103.2,,no,pedestrian_stationary
3492-3588,3492,3588,car,person,108.909,113.814,0,,,0,31,24.711,1011.9,1150.9,49.1,159.6,15.5,159.6,-43.7,yes,pedestrian_stationary
3505-3588,3505,3588,car,person,108.909,110.911,0,,,0,21,4.846,280.9,624.3,139.3,159.6,0.0,159.6,,no,pedestrian_stationary
3526-3588,3526,3588,car,person,108.909,120.621,0,,,0,31,8.444,21.0,1445.0,247.4,330.5,401.0,255.7,-287.6,yes,pedestrian_stationary
3540-3588,3540,3588,car,person,108.909,116.316,0,,,0,31,4.252,542.9,657.1,297.4,826.2,963.9,198.3,-870.3,yes,pedestrian_stationary
3541-3588,3541,3588,car,person,108.909,111.612,0,,,0,28,4.382,281.5,542.6,139.3,159.6,0.0,159.6,,no,pedestrian_stationary
3551-3588,3551,3588,bus,person,108.909,111.812,0,,,0,30,,780.1,780.1,0.0,159.6,0.0,159.6,,no,pedestrian_stationary
3560-3588,3560,3588,car,person,108.909,112.312,0,,,0,31,4.378,264.1,471.1,139.3,159.6,0.0,159.6,0.0,no,pedestrian_stationary
3147-3600,3600,3147,car,person,109.309,113.213,0,,,0,40,,1143.9,1143.9,0.0,117.9,0.0,117.9,,no,vehicle_not_moving
3313-3600,3600,3313,car,person,109.309,113.213,0,,,0,40,,882.6,882.6,0.0,88.9,0.0,88.9,,no,vehicle_not_moving
3334-3600,3600,3334,car,person,109.309,113.213,0,,,0,40,,1119.3,1119.3,0.0,209.3,0.0,209.3,,no,vehicle_not_moving
3392-3600,3600,3392,car,person,109.309,113.213,0,,,0,30,143.875,946.6,955.4,6.6,105.8,0.0,105.8,,no,pedestrian_not_in_crosswalk
3403-3600,3600,3403,car,person,109.309,113.213,0,,,0,40,299.205,2204.8,2213.0,7.4,65.2,0.0,65.2,,no,pedestrian_stationary
3445-3600,3600,3445,car,person,109.309,113.213,0,,,0,40,7.934,464.8,514.1,76.1,122.6,0.0,122.6,,no,vehicle_not_moving
3490-3600,3600,3490,car,person,109.309,113.213,0,,,0,40,20.809,49.8,2150.7,103.4,103.4,0.0,103.4,,no,vehicle_not_moving
3499-3600,3600,3499,car,person,109.309,113.213,0,,,0,7,13.589,507.6,771.9,66.9,89.5,0.0,89.5,,no,vehicle_not_moving
3530-3600,3600,3530,car,person,109.309,111.712,0,,,0,25,,1063.2,1063.2,0.0,0.0,0.0,0.0,,no,vehicle_not_moving
3588-3600,3600,3588,car,person,109.309,113.213,0,,,0,27,4.382,130.7,471.4,139.3,159.6,0.0,159.6,,no,vehicle_not_moving
3147-3603,3603,3147,car,person,109.409,124.324,0,,,0,90,5.3,42.9,1427.6,344.1,529.6,472.6,117.9,-195.3,yes,vehicle_not_moving
3313-3603,3603,3313,car,person,109.409,127.527,0,,,0,121,4.941,205.9,1242.7,394.6,471.7,472.6,140.3,-195.3,yes,vehicle_not_moving
3334-3603,3603,3334,car,person,109.409,127.227,0,,,0,112,3.521,39.8,1048.7,376.8,518.1,472.6,220.4,-195.3,yes,vehicle_not_moving
3392-3603,3603,3392,car,person,109.409,126.326,0,,,0,93,4.638,112.0,1249.8,407.1,561.1,472.6,219.0,-195.3,yes,pedestrian_not_in_crosswalk
3403-3603,3603,3403,car,person,109.409,127.527,0,,,0,182,0.306,5.7,71.5,469.2,472.6,472.6,88.4,-195.3,yes,pedestrian_stationary
3445-3603,3603,3445,car,person,109.409,127.527,0,,,0,109,4.35,80.2,1294.8,487.9,574.2,472.6,147.1,-195.3,yes,vehicle_not_moving
3490-3603,3603,3490,car,person,109.409,117.017,0,,,0,77,0.494,20.9,107.6,464.4,472.6,472.6,110.1,-195.3,yes,vehicle_not_moving
3499-3603,3603,3499,car,person,109.409,127.527,0,,,0,114,3.81,572.9,1112.3,427.6,524.4,472.6,287.1,-195.3,yes,vehicle_not_moving
3518-3603,3603,3518,car,person,109.409,121.121,0,,,0,75,3.361,610.3,1099.2,421.8,543.2,472.6,169.9,-195.3,yes,pedestrian_not_in_crosswalk
3530-3603,3603,3530,car,person,109.409,111.712,0,,,0,24,38.314,260.8,2516.7,67.2,129.9,129.9,0.0,-195.3,yes,vehicle_not_moving
3588-3603,3603,3588,car,person,109.409,120.621,0,,,0,26,5.752,164.8,1440.6,377.7,472.0,472.6,255.7,-195.3,yes,vehicle_not_moving
3147-3614,3614,3147,car,person,109.71,114.014,0,,,0,44,,1170.1,1170.1,0.0,117.9,0.0,117.9,0.0,no,vehicle_not_moving
3313-3614,3614,3313,car,person,109.71,114.014,0,,,0,44,,900.9,900.9,0.0,88.9,0.0,88.9,0.0,no,vehicle_not_moving
3334-3614,3614,3334,car,person,109.71,114.014,0,,,0,44,,1173.3,1173.3,0.0,131.0,0.0,131.0,0.0,no,vehicle_not_moving
3392-3614,3614,3392,car,person,109.71,114.014,0,,,0,38,144.601,947.1,955.9,6.6,105.8,0.0,105.8,0.0,no,pedestrian_not_in_crosswalk
3403-3614,3614,3403,car,person,109.71,114.014,0,,,0,44,298.323,2204.8,2213.1,7.4,65.2,0.0,65.2,0.0,no,pedestrian_stationary
3445-3614,3614,3445,car,person,109.71,114.014,0,,,0,44,8.461,463.8,514.8,66.8,117.6,0.0,117.6,0.0,no,vehicle_not_moving
3490-3614,3614,3490,car,person,109.71,114.014,0,,,0,44,19.551,50.5,2150.8,110.0,110.1,0.0,110.1,0.0,no,vehicle_not_moving
3499-3614,3614,3499,car,person,109.71,114.014,0,,,0,10,14.168,508.3,771.0,62.6,88.5,0.0,88.5,0.0,no,vehicle_not_moving
3518-3614,3614,3518,car,person,109.71,114.014,0,,,0,4,19.465,775.2,946.4,51.3,96.3,0.0,96.3,0.0,no,pedestrian_not_in_crosswalk
3530-3614,3614,3530,car,person,109.71,111.712,0,,,0,21,,1063.2,1063.2,0.0,0.0,0.0,0.0,0.0,no,vehicle_not_moving
3588-3614,3614,3588,car,person,109.71,114.014,0,,,0,23,4.389,131.4,370.5,139.2,159.6,0.0,159.6,0.0,no,vehicle_not_moving
25-3620,25,3620,truck,person,110.11,127.527,0,,,0,22,60.206,306.9,3135.5,55.5,156.5,27.7,156.5,-98.9,yes,pedestrian_stationary
1469-3620,1469,3620,car,person,110.11,127.527,0,,,0,22,60.243,136.7,3197.4,56.6,156.5,6.3,156.5,-30.4,no,pedestrian_stationary
1665-3620,1665,3620,truck,person,110.11,115.115,0,,,0,22,14.334,430.3,1212.5,88.9,112.7,125.5,111.3,3.2,no,pedestrian_stationary
2009-3620,2009,3620,car,person,110.11,127.527,0,,,0,22,10.767,1328.5,1361.3,143.5,436.8,379.5,156.5,-306.5,yes,pedestrian_stationary
2135-3620,2135,3620,car,person,110.11,127.527,0,,,0,22,8.891,1208.5,1268.2,179.2,441.3,389.3,156.5,-431.0,yes,pedestrian_stationary
2199-3620,2199,3620,car,person,110.11,127.527,0,,,0,22,5.857,501.2,1074.5,236.1,365.1,312.5,156.5,-97.1,yes,pedestrian_stationary
2206-3620,2206,3620,car,person,110.11,127.527,0,,,0,22,4.501,742.0,795.1,251.5,447.9,397.8,156.5,-439.7,yes,pedestrian_stationary
2233-3620,2233,3620,car,person,110.11,121.722,0,,,0,22,26.586,198.0,2232.7,93.6,151.7,112.9,156.5,-0.0,no,pedestrian_stationary
2237-3620,2237,3620,car,person,110.11,125.826,0,,,0,22,7.359,504.0,1349.1,205.1,232.3,169.9,156.5,-14.5,no,pedestrian_stationary
2299-3620,2299,3620,bus,person,110.11,127.527,0,,,0,22,10.062,1435.3,1489.4,209.7,459.8,409.8,156.5,-238.2,yes,pedestrian_stationary
2470-3620,2470,3620,car,person,110.11,126.526,0,,,0,22,5.002,808.4,809.2,205.0,564.4,510.8,156.5,-533.2,yes,pedestrian_stationary
2488-3620,2488,3620,car,person,110.11,125.626,0,,,0,22,53.624,16.1,2962.3,62.4,165.4,44.2,156.5,-76.3,yes,pedestrian_stationary
2586-3620,2586,3620,car,person,110.11,127.527,0,,,0,22,9.385,1069.4,1069.8,135.1,383.1,334.3,156.5,-190.8,yes,pedestrian_stationary
2729-3620,2729,3620,car,person,110.11,111.612,0,,,0,16,,3197.0,3197.0,0.0,84.1,0.0,84.1,,no,pedestrian_stationary
2785-3620,2785,3620,car,person,110.11,125.325,0,,,0,22,15.16,32.2,925.2,77.9,411.8,391.5,156.5,-337.9,yes,pedestrian_stationary
2860-3620,2860,3620,car,person,110.11,127.527,0,,,0,22,27.573,26.6,1885.0,78.1,153.9,20.3,156.5,-82.4,yes,pedestrian_stationary
3050-3620,3050,3620,bus,person,110.11,127.527,0,,,0,22,6.647,721.9,997.5,222.3,315.0,299.0,156.5,-234.8,yes,pedestrian_stationary
3090-3620,3090,3620,car,person,110.11,118.618,0,,,0,22,2729.9,2330.2,2330.2,1.2,248.9,171.0,156.5,-50.2,yes,pedestrian_stationary
3142-3620,3142,3620,car,person,110.11,113.914,0,,,0,22,,3124.5,3124.5,0.0,198.8,119.0,111.3,-37.2,yes,pedestrian_stationary
3336-3620,3336,3620,bus,person,110.11,117.818,0,,,0,22,,2697.7,2697.7,0.0,156.5,0.0,156.5,-0.0,no,pedestrian_stationary
3378-3620,3378,3620,car,person,110.11,121.822,0,,,0,22,50.388,47.0,426.4,53.2,431.5,376.7,156.5,-54.9,yes,pedestrian_stationary
3384-3620,3384,3620,car,person,110.11,110.811,0,,,0,8,,3387.2,3387.2,0.0,84.1,0.0,84.1,,no,pedestrian_stationary
3393-3620,3393,3620,car,person,110.11,123.423,0,,,0,22,46.37,84.3,195.6,62.3,412.6,368.0,156.5,-66.8,yes,pedestrian_stationary
3421-3620,3421,3620,car,person,110.11,126.126,0,,,0,22,12.473,20.8,340.8,61.6,495.0,439.3,156.5,-225.4,yes,pedestrian_stationary
3425-3620,3425,3620,car,person,110.11,113.213,0,,,0,22,,3052.2,3052.2,0.0,111.3,0.0,111.3,,no,pedestrian_stationary
3477-3620,3477,3620,car,person,110.11,114.114,0,,,0,22,,3366.3,3366.3,0.0,558.8,558.8,111.3,-857.2,yes,pedestrian_stationary
3492-3620,3492,3620,car,person,110.11,113.814,0,,,0,22,,3143.3,3143.3,0.0,111.3,15.5,111.3,56.0,yes,pedestrian_stationary
3505-3620,3505,3620,car,person,110.11,110.911,0,,,0,9,,3168.4,3168.4,0.0,84.1,0.0,84.1,,no,pedestrian_stationary
3526-3620,3526,3620,car,person,110.11,127.527,0,,,0,22,1.691,34.7,187.7,115.3,442.9,401.0,156.5,-287.6,yes,pedestrian_stationary
3540-3620,3540,3620,car,person,110.11,116.316,0,,,0,22,,1794.1,1794.1,0.0,999.1,963.9,156.5,-870.3,yes,pedestrian_stationary
3541-3620,3541,3620,car,person,110.11,111.612,0,,,0,16,,3168.3,3168.3,0.0,84.1,0.0,84.1,,no,pedestrian_stationary
3551-3620,3551,3620,bus,person,110.11,111.812,0,,,0,18,,2296.8,2296.8,0.0,84.1,0.0,84.1,,no,pedestrian_stationary
3560-3620,3560,3620,car,person,110.11,112.312,0,,,0,22,,3168.3,3168.3,0.0,84.1,0.0,84.1,,no,pedestrian_stationary
3600-3620,3600,3620,car,person,110.11,113.213,0,,,0,22,,3168.3,3168.3,0.0,111.3,0.0,111.3,,no,pedestrian_stationary
3603-3620,3603,3620,car,person,110.11,127.527,0,,,0,22,3.5,91.2,392.1,126.1,538.5,472.6,156.5,-101.0,yes,pedestrian_stationary
3614-3620,3614,3620,car,person,110.11,114.014,0,,,0,22,,3168.4,3168.4,0.0,111.3,0.0,111.3,0.0,no,pedestrian_stationary
3147-3633,3633,3147,car,person,110.41,124.324,0,,,0,80,8.512,1101.9,1424.4,217.0,530.5,441.6,117.9,-288.0,yes,vehicle_not_moving
3313-3633,3633,3313,car,person,110.41,127.527,0,,,0,111,6.078,1285.0,1339.1,282.3,539.3,441.6,140.3,-288.0,yes,vehicle_not_moving
3334-3633,3633,3334,car,person,110.41,127.227,0,,,0,102,4.146,455.4,1239.3,361.9,585.3,441.6,220.4,-288.0,yes,vehicle_not_moving
3392-3633,3633,3392,car,person,110.41,126.326,0,,,0,92,6.412,1325.2,1330.0,253.1,594.1,441.6,219.0,-288.0,yes,vehicle_not_moving
3403-3633,3633,3403,car,person,110.41,127.527,0,,,0,172,0.24,45.3,55.3,396.7,444.7,441.6,88.4,-288.0,yes,pedestrian_stationary
3445-3633,3633,3445,car,person,110.41,127.527,0,,,0,99,5.296,1339.3,1356.3,335.5,572.8,441.6,147.1,-288.0,yes,vehicle_not_moving
3490-3633,3633,3490,car,person,110.41,117.017,0,,,0,67,2.388,210.5,724.6,303.4,462.9,375.2,110.1,-288.0,yes,vehicle_not_moving
3499-3633,3633,3499,car,person,110.41,127.527,0,,,0,108,3.801,564.7,1291.1,420.0,638.4,441.6,287.1,-288.0,yes,pedestrian_not_in_crosswalk
3518-3633,3633,3518,car,person,110.41,121.121,0,,,0,75,4.164,661.0,1104.8,424.5,468.3,441.6,169.9,-288.0,yes,pedestrian_not_in_crosswalk
3530-3633,3633,3530,car,person,110.41,111.712,0,,,0,14,,1843.4,1843.4,0.0,293.7,293.7,0.0,-5.1,no,pedestrian_stationary
3588-3633,3633,3588,car,person,110.41,120.621,0,,,0,16,6.007,1242.0,1777.9,366.0,471.9,441.6,255.7,-288.0,yes,vehicle_not_moving
3620-3633,3633,3620,car,person,110.41,127.527,0,,,0,19,2.871,16.7,666.4,348.3,436.8,441.6,156.5,-288.0,yes,vehicle_not_moving
3147-3641,3641,3147,car,person,110.711,114.915,0,,,0,43,,1211.9,1211.9,0.0,117.9,0.0,117.9,0.0,no,vehicle_not_moving
3147-3642,3642,3147,car,person,110.711,114.815,0,,,0,42,488.076,1832.2,1832.2,4.0,117.9,86.5,117.9,,no,vehicle_not_moving
3313-3641,3641,3313,car,person,110.711,114.915,0,,,0,43,,949.4,949.4,0.0,88.9,0.0,88.9,0.0,no,vehicle_not_moving
3313-3642,3642,3313,car,person,110.711,114.815,0,,,0,42,,1565.8,1565.8,0.0,156.5,86.5,88.9,,no,vehicle_not_moving
3334-3641,3641,3334,car,person,110.711,114.915,0,,,0,43,,1259.3,1259.3,0.0,92.6,0.0,92.6,0.0,no,vehicle_not_moving
3334-3642,3642,3334,car,person,110.711,114.815,0,,,0,42,,1805.5,1805.5,0.0,178.9,86.5,92.6,,no,vehicle_not_moving
3392-3641,3641,3392,car,person,110.711,114.915,0,,,0,43,208.014,952.5,957.3,4.6,105.8,0.0,105.8,0.0,no,vehicle_not_moving
3392-3642,3642,3392,car,person,110.711,114.815,0,,,0,42,,1530.3,1530.3,0.0,149.5,86.5,105.8,,no,vehicle_not_moving
3403-3641,3641,3403,car,person,110.711,114.915,0,,,0,43,298.022,2202.3,2210.6,7.4,65.2,0.0,65.2,0.0,no,pedestrian_stationary
3403-3642,3642,3403,car,person,110.711,114.815,0,,,0,42,75.405,2042.9,2295.5,30.7,86.5,86.5,65.2,,no,pedestrian_stationary
3445-3641,3641,3445,car,person,110.711,114.915,0,,,0,43,15.921,486.5,513.2,32.8,102.3,0.0,102.3,0.0,no,vehicle_not_moving
3445-3642,3642,3445,car,person,110.711,114.815,0,,,0,42,,1252.7,1252.7,0.0,102.3,86.5,102.3,,no,vehicle_not_moving
3490-3641,3641,3490,car,person,110.711,114.915,0,,,0,43,19.528,50.5,2148.2,110.0,110.1,0.0,110.1,0.0,no,vehicle_not_moving
3490-3642,3642,3490,car,person,110.711,114.815,0,,,0,42,22.598,900.0,2260.6,100.0,110.1,86.5,110.1,,no,vehicle_not_moving
3499-3641,3641,3499,car,person,110.711,114.915,0,,,0,16,15.814,627.5,768.8,50.8,82.0,0.0,82.0,0.0,no,pedestrian_not_in_crosswalk
3499-3642,3642,3499,car,person,110.711,114.815,0,,,0,15,,1320.3,1320.3,0.0,85.6,86.5,82.0,,no,pedestrian_not_in_crosswalk
3518-3641,3641,3518,car,person,110.711,114.915,0,,,0,13,23.291,807.9,944.2,42.5,96.3,0.0,96.3,0.0,no,pedestrian_not_in_crosswalk
3518-3642,3642,3518,car,person,110.711,114.815,0,,,0,12,,1430.0,1430.0,0.0,101.4,86.5,96.3,,no,pedestrian_not_in_crosswalk
3530-3641,3641,3530,car,person,110.711,111.712,0,,,0,11,,1060.3,1060.3,0.0,0.0,0.0,0.0,0.0,no,pedestrian_stationary
3530-3642,3642,3530,car,person,110.711,111.712,0,,,0,11,,1364.3,1364.3,0.0,86.5,86.5,0.0,,no,pedestrian_stationary
3588-3641,3641,3588,car,person,110.711,114.915,0,,,0,13,4.376,132.0,369.2,133.6,158.9,0.0,158.9,0.0,no,vehicle_not_moving
3588-3642,3642,3588,car,person,110.711,114.815,0,,,0,13,22.265,971.9,1141.3,51.3,158.9,86.5,158.9,,no,vehicle_not_moving
3620-3641,3641,3620,car,person,110.711,114.915,0,,,0,16,,3206.3,3206.3,0.0,111.3,0.0,111.3,0.0,no,vehicle_not_moving
3620-3642,3642,3620,car,person,110.711,114.815,0,,,0,16,,3216.9,3216.9,0.0,151.4,86.5,111.3,,no,vehicle_not_moving
3147-3661,3661,3147,car,person,111.612,116.116,0,,,0,46,1284.443,1263.4,1263.4,1.0,117.9,0.0,117.9,0.0,no,vehicle_not_moving
3313-3661,3661,3313,car,person,111.612,116.116,0,,,0,46,280.97,1015.5,1015.5,4.3,88.9,0.0,88.9,0.0,no,vehicle_not_moving
3334-3661,3661,3334,car,person,111.612,116.116,0,,,0,46,114.489,796.1,1313.8,12.1,68.7,0.0,68.7,0.0,no,vehicle_not_moving
3392-3661,3661,3392,car,person,111.612,116.116,0,,,0,46,,1019.4,1019.4,0.0,105.8,0.0,105.8,0.0,no,vehicle_not_moving
3403-3661,3661,3403,car,person,111.612,116.116,0,,,0,46,300.21,2204.9,2213.2,7.4,65.2,0.0,65.2,0.0,no,pedestrian_stationary
3445-3661,3661,3445,car,person,111.612,116.116,0,,,0,46,30.064,491.8,513.9,17.1,106.7,0.0,106.7,0.0,no,vehicle_not_moving
3490-3661,3661,3490,car,person,111.612,116.116,0,,,0,46,19.55,48.9,2150.7,110.0,110.1,0.0,110.1,0.0,no,vehicle_not_moving
3499-3661,3661,3499,car,person,111.612,116.116,0,,,0,28,21.04,668.8,770.1,37.8,72.5,0.0,72.5,0.0,no,pedestrian_not_in_crosswalk
3518-3661,3661,3518,car,person,111.612,116.116,0,,,0,25,35.574,894.9,945.5,27.3,96.3,0.0,96.3,0.0,no,pedestrian_not_in_crosswalk
3530-3661,3661,3530,car,person,111.612,111.712,0,,,0,2,,1062.9,1062.9,0.0,0.0,0.0,0.0,,no,pedestrian_stationary
3588-3661,3661,3588,car,person,111.612,116.116,0,,,0,4,2.97,129.9,307.8,119.4,198.3,0.0,198.3,0.0,no,vehicle_not_moving
3620-3661,3661,3620,car,person,111.612,116.116,0,,,0,7,,3249.7,3249.7,0.0,138.1,0.0,138.1,0.0,no,vehicle_not_moving
3147-3671,3671,3147,car,person,111.912,116.717,0,,,0,49,399.05,1768.3,1861.4,4.7,113.0,0.0,113.0,0.0,no,vehicle_not_moving
3313-3671,3671,3313,car,person,111.912,116.717,0,,,0,49,,1621.9,1621.9,0.0,88.9,0.0,88.9,0.0,no,vehicle_not_moving
3334-3671,3671,3334,car,person,111.912,116.717,0,,,0,49,163.872,1546.1,1825.6,11.5,68.7,0.0,68.7,0.0,no,vehicle_not_moving
3392-3671,3671,3392,car,person,111.912,116.717,0,,,0,49,,1574.6,1574.6,0.0,116.9,0.0,116.9,0.0,no,vehicle_not_moving
3403-3671,3671,3403,car,person,111.912,116.717,0,,,0,49,69.522,1929.8,2201.9,31.8,65.2,0.0,65.2,0.0,no,pedestrian_stationary
3445-3671,3671,3445,car,person,111.912,116.717,0,,,0,49,,1267.2,1267.2,0.0,117.2,0.0,117.2,0.0,no,vehicle_not_moving
3490-3671,3671,3490,car,person,111.912,116.717,0,,,0,49,21.761,899.7,2156.0,99.1,110.1,0.0,110.1,0.0,no,vehicle_not_moving
3499-3671,3671,3499,car,person,111.912,116.717,0,,,0,34,,1289.8,1289.8,0.0,72.5,0.0,72.5,0.0,no,pedestrian_not_in_crosswalk
3518-3671,3671,3518,car,person,111.912,116.717,0,,,0,31,,1408.9,1408.9,0.0,96.3,0.0,96.3,0.0,no,pedestrian_not_in_crosswalk
3588-3671,3671,3588,car,person,111.912,116.717,0,,,0,1,11.806,999.7,1111.4,100.6,255.7,0.0,255.7,0.0,no,vehicle_not_moving
3620-3671,3671,3620,car,person,111.912,116.717,0,,,0,4,,3163.2,3163.2,0.0,156.5,0.0,156.5,0.0,no,vehicle_not_moving
3147-3688,3688,3147,car,person,112.612,116.917,0,,,0,44,1291.349,1290.4,1290.4,1.0,80.3,0.0,80.3,0.0,no,vehicle_not_moving
3313-3688,3688,3313,car,person,112.612,116.917,0,,,0,44,281.306,1084.0,1084.0,4.3,70.0,0.0,70.0,0.0,no,vehicle_not_moving
3334-3688,3688,3334,car,person,112.612,116.917,0,,,0,44,66.29,590.4,1365.6,21.0,39.9,0.0,39.9,0.0,no,vehicle_not_moving
3392-3688,3688,3392,car,person,112.612,116.917,0,,,0,44,,1113.7,1113.7,0.0,116.9,0.0,116.9,0.0,no,vehicle_not_moving
3403-3688,3688,3403,car,person,112.612,116.917,0,,,0,44,299.36,2205.1,2214.8,7.4,65.2,0.0,65.2,0.0,no,pedestrian_stationary
3445-3688,3688,3445,car,person,112.612,116.917,0,,,0,44,,524.3,524.3,0.0,120.6,0.0,120.6,0.0,no,vehicle_not_moving
3490-3688,3688,3490,car,person,112.612,116.917,0,,,0,44,19.551,56.9,2150.8,110.0,110.1,0.0,110.1,0.0,no,vehicle_not_moving
3499-3688,3688,3499,car,person,112.612,116.917,0,,,0,36,39.013,734.8,770.5,19.8,63.0,0.0,63.0,0.0,no,pedestrian_not_in_crosswalk
3518-3688,3688,3518,car,person,112.612,116.917,0,,,0,33,45.643,925.7,945.9,20.9,96.3,0.0,96.3,0.0,no,pedestrian_not_in_crosswalk
3147-3711,3711,3147,car,person,113.413,124.324,0,,,0,50,5.781,52.7,1589.6,368.8,530.5,516.7,112.8,-159.5,yes,vehicle_not_moving
3313-3711,3711,3313,car,person,113.413,125.826,0,,,0,81,5.268,85.5,1408.3,429.2,538.3,516.7,140.3,-159.5,yes,vehicle_not_moving
3334-3711,3711,3334,car,person,113.413,125.826,0,,,0,72,3.914,61.8,1229.1,393.2,529.3,516.7,220.4,-159.5,yes,vehicle_not_moving
3392-3711,3711,3392,car,person,113.413,125.826,0,,,0,62,4.698,77.1,1415.4,445.1,558.1,516.7,219.0,-159.5,yes,vehicle_not_moving
3403-3711,3711,3403,car,person,113.413,125.826,0,,,0,125,0.974,15.2,239.5,491.3,516.7,516.7,77.4,-159.5,yes,vehicle_not_moving
3445-3711,3711,3445,car,person,113.413,125.826,0,,,0,69,4.605,36.7,1448.5,514.8,613.4,516.7,147.1,-159.5,yes,vehicle_not_moving
3490-3711,3711,3490,car,person,113.413,117.017,0,,,0,37,1.149,11.6,276.5,487.5,516.7,516.7,107.2,-159.5,yes,vehicle_not_moving
3499-3711,3711,3499,car,person,113.413,125.826,0,,,0,108,4.301,154.0,1279.0,457.9,550.5,516.7,287.1,-159.5,yes,vehicle_not_moving
3518-3711,3711,3518,car,person,113.413,121.121,0,,,0,75,3.831,24.7,1240.4,445.6,563.7,516.7,169.9,-159.5,yes,pedestrian_not_in_crosswalk
25-3716,25,3716,truck,person,113.513,117.517,0,,,0,41,,2070.0,2070.0,0.0,0.0,0.0,0.0,-0.0,no,pedestrian_stationary
1469-3716,1469,3716,car,person,113.513,117.517,0,,,0,41,,2154.0,2154.0,0.0,0.0,0.0,0.0,-0.0,no,pedestrian_stationary
1665-3716,1665,3716,truck,person,113.513,115.115,0,,,0,17,,1814.7,1814.7,0.0,0.0,0.0,0.0,,no,pedestrian_stationary
2009-3716,2009,3716,car,person,113.513,117.517,0,,,0,41,22.693,360.8,470.8,20.7,60.4,60.4,0.0,-0.0,no,pedestrian_stationary
2135-3716,2135,3716,car,person,113.513,117.517,0,,,0,41,17.818,140.3,622.4,34.9,48.1,48.1,0.0,-0.0,no,pedestrian_stationary
2199-3716,2199,3716,car,person,113.513,117.517,0,,,0,41,3.586,102.9,623.1,173.7,186.5,186.5,0.0,-0.0,no,pedestrian_stationary
2206-3716,2206,3716,car,person,113.513,117.517,0,,,0,41,3.817,3.3,266.6,72.8,78.0,78.0,0.0,-11.9,no,pedestrian_stationary
2233-3716,2233,3716,car,person,113.513,117.517,0,,,0,41,16.542,40.4,1044.0,63.1,66.1,66.1,0.0,-0.0,no,pedestrian_stationary
2237-3716,2237,3716,car,person,113.513,117.517,0,,,0,41,14.821,4.4,650.2,44.2,44.2,44.2,0.0,-4.5,no,pedestrian_stationary
2299-3716,2299,3716,bus,person,113.513,117.517,0,,,0,41,26.699,664.6,1380.3,51.7,65.0,65.0,0.0,-12.5,no,pedestrian_stationary
2470-3716,2470,3716,car,person,113.513,117.517,0,,,0,41,3.302,89.5,125.4,52.0,79.6,79.6,0.0,-48.1,yes,pedestrian_stationary
2488-3716,2488,3716,car,person,113.513,117.517,0,,,0,41,,1997.3,1997.3,0.0,39.9,39.9,0.0,-22.0,no,pedestrian_stationary
2586-3716,2586,3716,car,person,113.513,117.517,0,,,0,41,231.243,265.5,265.5,1.2,48.3,48.3,0.0,-33.4,no,pedestrian_stationary
2785-3716,2785,3716,car,person,113.513,117.517,0,,,0,41,,540.6,540.6,0.0,235.7,235.7,0.0,-0.0,no,pedestrian_stationary
2860-3716,2860,3716,car,person,113.513,117.517,0,,,0,41,81.44,55.1,1041.6,12.8,13.1,13.1,0.0,-50.0,yes,pedestrian_stationary
3050-3716,3050,3716,bus,person,113.513,117.517,0,,,0,41,16.564,12.1,1113.1,71.1,72.7,72.7,0.0,-234.8,yes,pedestrian_stationary
3090-3716,3090,3716,car,person,113.513,117.517,0,,,0,41,,1795.7,1795.7,0.0,113.7,113.7,0.0,-29.2,yes,pedestrian_stationary
3142-3716,3142,3716,car,person,113.513,113.914,0,,,0,5,,2115.5,2115.5,0.0,0.0,0.0,0.0,,no,pedestrian_stationary
3336-3716,3336,3716,bus,person,113.513,117.517,0,,,0,41,,1599.9,1599.9,0.0,0.0,0.0,0.0,-0.0,no,pedestrian_stationary
3378-3716,3378,3716,car,person,113.513,117.517,0,,,0,41,,147.7,147.7,0.0,376.7,376.7,0.0,-54.9,yes,pedestrian_stationary
3393-3716,3393,3716,car,person,113.513,117.517,0,,,0,41,,415.3,415.3,0.0,342.2,342.2,0.0,-49.8,yes,pedestrian_stationary
3421-3716,3421,3716,car,person,113.513,117.517,0,,,0,41,0.637,103.6,130.5,364.6,439.3,439.3,0.0,-77.0,yes,pedestrian_stationary
3431-3716,3431,3716,car,person,113.513,117.517,0,,,0,41,1.337,329.6,346.7,385.5,551.3,551.3,0.0,-134.3,yes,pedestrian_stationary
3477-3716,3477,3716,car,person,113.513,114.114,0,,,0,7,,2355.0,2355.0,0.0,0.0,0.0,0.0,,no,pedestrian_stationary
3492-3716,3492,3716,car,person,113.513,113.814,0,,,0,4,,2144.1,2144.1,0.0,0.0,0.0,0.0,,no,pedestrian_stationary
3526-3716,3526,3716,car,person,113.513,117.517,0,,,0,41,1.65,235.4,238.4,243.6,401.0,401.0,0.0,-287.6,yes,pedestrian_stationary
3540-3716,3540,3716,car,person,113.513,116.316,0,,,0,29,,2359.6,2359.6,0.0,0.0,0.0,0.0,,no,pedestrian_stationary
3603-3716,3603,3716,car,person,113.513,117.517,0,,,0,41,0.602,36.9,134.1,463.4,472.6,472.6,0.0,-45.5,yes,pedestrian_stationary
3614-3716,3614,3716,car,person,113.513,114.014,0,,,0,6,,2070.5,2070.5,0.0,0.0,0.0,0.0,,no,pedestrian_stationary
3633-3716,3633,3716,car,person,113.513,117.517,0,,,0,41,1.848,186.1,626.2,338.8,375.2,375.2,0.0,-195.7,yes,pedestrian_stationary
3641-3716,3641,3716,car,person,113.513,114.915,0,,,0,15,,2068.0,2068.0,0.0,0.0,0.0,0.0,,no,pedestrian_stationary
3642-3716,3642,3716,car,person,113.513,114.815,0,,,0,14,,2186.6,2186.6,0.0,0.0,0.0,0.0,,no,pedestrian_stationary
3661-3716,3661,3716,car,person,113.513,116.116,0,,,0,27,,2070.4,2070.4,0.0,0.0,0.0,0.0,,no,pedestrian_stationary
3671-3716,3671,3716,car,person,113.513,116.717,0,,,0,33,,2082.7,2082.7,0.0,0.0,0.0,0.0,,no,pedestrian_stationary
3688-3716,3688,3716,car,person,113.513,116.917,0,,,0,35,,2070.5,2070.5,0.0,0.0,0.0,0.0,0.0,no,pedestrian_stationary
3711-3716,3711,3716,car,person,113.513,117.517,0,,,0,41,1.285,17.3,304.8,488.0,516.7,516.7,0.0,-159.5,yes,pedestrian_stationary
3147-3721,3721,3147,car,person,114.014,117.918,0,,,0,40,1283.949,1303.8,1303.8,1.0,112.8,0.0,112.8,,no,vehicle_not_moving
3147-3722,3722,3147,car,person,114.014,119.019,0,,,0,44,29.823,319.4,2014.7,71.4,617.3,617.3,112.8,-823.1,yes,vehicle_not_moving
3313-3721,3721,3313,car,person,114.014,117.918,0,,,0,40,280.971,1119.2,1167.3,4.3,50.5,0.0,50.5,,no,vehicle_not_moving
3313-3722,3722,3313,car,person,114.014,119.019,0,,,0,51,31.434,62.7,2116.9,72.3,591.2,617.3,105.8,-823.1,yes,vehicle_not_moving
3334-3721,3721,3334,car,person,114.014,117.918,0,,,0,36,24.518,589.9,1362.6,55.8,183.8,0.0,183.8,,no,vehicle_not_moving
3334-3722,3722,3334,car,person,114.014,119.019,0,,,0,47,27.537,69.1,1856.5,75.0,594.9,617.3,220.4,-823.1,yes,vehicle_not_moving
3392-3721,3721,3392,car,person,114.014,117.918,0,,,0,40,,1193.2,1193.2,0.0,133.0,0.0,133.0,,no,vehicle_not_moving
3392-3722,3722,3392,car,person,114.014,119.019,0,,,0,51,17.287,52.7,1938.1,114.6,581.8,617.3,149.5,-823.1,yes,vehicle_not_moving
3403-3721,3721,3403,car,person,114.014,117.918,0,,,0,40,,2220.5,2220.5,0.0,0.0,0.0,0.0,,no,vehicle_not_moving
3403-3722,3722,3403,car,person,114.014,119.019,0,,,0,51,145.952,1059.4,1354.2,10.5,617.3,617.3,15.7,-823.1,yes,vehicle_not_moving
3445-3721,3721,3445,car,person,114.014,117.918,0,,,0,38,,634.6,634.6,0.0,120.6,0.0,120.6,,no,vehicle_not_moving
3445-3722,3722,3445,car,person,114.014,119.019,0,,,0,38,24.97,765.0,2493.1,108.0,544.6,617.3,120.6,-823.1,yes,vehicle_not_moving
3490-3721,3721,3490,car,person,114.014,117.017,0,,,0,31,,2150.8,2150.8,0.0,0.0,0.0,0.0,,no,vehicle_not_moving
3490-3722,3722,3490,car,person,114.014,117.017,0,,,0,31,,1379.7,1379.7,0.0,617.3,617.3,0.0,-823.1,yes,vehicle_not_moving
3499-3721,3721,3499,car,person,114.014,117.918,0,,,0,40,,783.2,783.2,0.0,71.4,0.0,71.4,,no,vehicle_not_moving
3499-3722,3722,3499,car,person,114.014,119.019,0,,,0,51,52.163,1321.2,2428.0,49.7,628.7,617.3,177.4,-823.1,yes,vehicle_not_moving
3518-3721,3721,3518,car,person,114.014,117.918,0,,,0,40,1314.715,953.9,953.9,0.7,169.9,0.0,169.9,,no,vehicle_not_moving
3518-3722,3722,3518,car,person,114.014,119.019,0,,,0,51,24.021,28.6,2257.9,99.9,638.0,617.3,169.9,-823.1,yes,vehicle_not_moving
3716-3721,3721,3716,car,person,114.014,117.517,0,,,0,36,,2070.5,2070.5,0.0,0.0,0.0,0.0,,no,pedestrian_stationary
3716-3722,3722,3716,car,person,114.014,117.517,0,,,0,36,,1430.1,1430.1,0.0,617.3,617.3,0.0,-823.1,yes,pedestrian_stationary
3147-3730,3730,3147,car,person,114.414,120.621,0,,,0,40,,1915.6,1915.6,0.0,112.8,27.9,112.8,-19.7,no,vehicle_not_moving
3313-3730,3730,3313,car,person,114.414,120.621,0,,,0,63,,1786.4,1786.4,0.0,121.7,27.9,121.7,-19.7,no,vehicle_not_moving
3334-3730,3730,3334,car,person,114.414,120.621,0,,,0,59,14.906,1221.3,1887.3,126.9,220.4,27.9,220.4,-19.7,no,vehicle_not_moving
3392-3730,3730,3392,car,person,114.414,120.621,0,,,0,52,,1765.4,1765.4,0.0,165.7,27.9,165.7,-19.7,no,vehicle_not_moving
3403-3730,3730,3403,car,person,114.414,120.621,0,,,0,63,467.434,1980.1,2246.8,4.9,27.9,27.9,15.7,-19.7,no,vehicle_not_moving
3445-3730,3730,3445,car,person,114.414,120.621,0,,,0,42,,1410.1,1410.1,0.0,147.1,27.9,147.1,-19.7,no,vehicle_not_moving
3490-3730,3730,3490,car,person,114.414,117.017,0,,,0,27,,2189.7,2189.7,0.0,27.9,27.9,0.0,-19.7,no,vehicle_not_moving
3499-3730,3730,3499,car,person,114.414,120.621,0,,,0,63,11.725,1027.2,1397.8,135.0,287.1,27.9,287.1,-19.7,no,vehicle_not_moving
3518-3730,3730,3518,car,person,114.414,120.621,0,,,0,63,30.874,1526.9,1526.9,56.2,169.9,27.9,169.9,-19.7,no,vehicle_not_moving
3716-3730,3730,3716,car,person,114.414,117.517,0,,,0,32,,2116.5,2116.5,0.0,27.9,27.9,0.0,-19.7,no,pedestrian_stationary
3147-3734,3734,3147,car,person,114.615,119.92,0,,,0,38,20.098,922.6,1753.1,89.9,112.8,135.4,112.8,-195.1,yes,vehicle_not_moving
3313-3734,3734,3313,car,person,114.615,119.92,0,,,0,54,17.137,254.0,1594.5,97.3,113.0,135.4,113.0,-195.1,yes,vehicle_not_moving
3334-3734,3734,3334,car,person,114.615,119.92,0,,,0,50,14.21,118.3,1648.7,117.1,220.4,135.4,220.4,-195.1,yes,vehicle_not_moving
3392-3734,3734,3392,car,person,114.615,119.92,0,,,0,50,26.091,537.6,1647.1,63.4,165.7,135.4,165.7,-195.1,yes,vehicle_not_moving
3403-3734,3734,3403,car,person,114.615,119.92,0,,,0,54,18.534,33.8,2166.3,122.9,135.4,135.4,15.7,-195.1,yes,vehicle_not_moving
3445-3734,3734,3445,car,person,114.615,119.92,0,,,0,33,34.718,124.9,1265.2,36.6,147.1,135.4,147.1,-195.1,yes,vehicle_not_moving
3490-3734,3734,3490,car,person,114.615,117.017,0,,,0,25,17.89,6.2,2108.0,123.9,135.4,135.4,0.0,-195.1,yes,vehicle_not_moving
3499-3734,3734,3499,car,person,114.615,119.92,0,,,0,54,10.358,777.2,1256.8,127.7,287.1,135.4,287.1,-195.1,yes,vehicle_not_moving
3518-3734,3734,3518,car,person,114.615,119.92,0,,,0,54,14.653,958.4,1393.2,96.4,169.9,135.4,169.9,-195.1,yes,vehicle_not_moving
3716-3734,3734,3716,car,person,114.615,117.517,0,,,0,30,17.189,29.9,2031.5,124.5,135.4,135.4,0.0,-195.1,yes,pedestrian_stationary
3147-3743,3743,3147,car,person,114.915,120.32,0,,,0,35,1293.29,1325.7,1325.8,1.0,112.8,0.0,112.8,0.0,no,vehicle_not_moving
3313-3743,3743,3313,car,person,114.915,120.32,0,,,0,55,281.384,1119.6,1200.6,4.3,113.5,0.0,113.5,0.0,no,vehicle_not_moving
3334-3743,3743,3334,car,person,114.915,120.32,0,,,0,51,24.52,589.4,1362.0,55.8,220.4,0.0,220.4,0.0,no,vehicle_not_moving
3392-3743,3743,3392,car,person,114.915,120.32,0,,,0,47,,1241.8,1241.8,0.0,165.7,0.0,165.7,0.0,no,vehicle_not_moving
3403-3743,3743,3403,car,person,114.915,120.32,0,,,0,55,960.039,2193.2,2219.2,2.3,15.7,0.0,15.7,0.0,no,pedestrian_stationary
3445-3743,3743,3445,car,person,114.915,120.32,0,,,0,34,,717.2,717.2,0.0,147.1,0.0,147.1,0.0,no,vehicle_not_moving
3490-3743,3743,3490,car,person,114.915,117.017,0,,,0,22,,2150.3,2150.3,0.0,0.0,0.0,0.0,0.0,no,vehicle_not_moving
3499-3743,3743,3499,car,person,114.915,120.32,0,,,0,55,15.761,815.2,815.2,60.1,287.1,0.0,287.1,0.0,no,vehicle_not_moving
3518-3743,3743,3518,car,person,114.915,120.32,0,,,0,55,,964.0,964.0,0.0,169.9,0.0,169.9,0.0,no,vehicle_not_moving
3716-3743,3743,3716,car,person,114.915,117.517,0,,,0,27,,2070.0,2070.0,0.0,0.0,0.0,0.0,0.0,no,pedestrian_stationary
25-3746,25,3746,truck,person,115.015,119.019,0,,,0,41,,1652.0,1652.0,0.0,0.0,0.0,0.0,-0.0,no,pedestrian_stationary
1469-3746,1469,3746,car,person,115.015,119.019,0,,,0,41,,1739.6,1739.6,0.0,0.0,0.0,0.0,-0.0,no,pedestrian_stationary
1665-3746,1665,3746,truck,person,115.015,115.115,0,,,0,2,,2133.0,2133.0,0.0,0.0,0.0,0.0,,no,pedestrian_stationary
2009-3746,2009,3746,car,person,115.015,119.019,0,,,0,41,,255.1,255.1,0.0,180.1,180.1,0.0,-0.0,no,pedestrian_stationary
2135-3746,2135,3746,car,person,115.015,119.019,0,,,0,41,8.748,115.5,197.2,24.2,109.9,109.9,0.0,-0.0,no,pedestrian_stationary
2199-3746,2199,3746,car,person,115.015,119.019,0,,,0,41,0.445,1.1,42.2,188.4,201.6,201.6,0.0,-63.7,yes,pedestrian_stationary
2206-3746,2206,3746,car,person,115.015,119.019,0,,,0,41,4.962,92.1,93.7,23.2,89.3,89.3,0.0,-20.5,no,pedestrian_stationary
2233-3746,2233,3746,car,person,115.015,119.019,0,,,0,41,5.402,21.3,606.8,112.3,112.9,112.9,0.0,-0.0,no,pedestrian_stationary
2237-3746,2237,3746,car,person,115.015,119.019,0,,,0,41,3.229,28.6,201.3,71.6,72.3,72.3,0.0,-14.5,no,pedestrian_stationary
2299-3746,2299,3746,bus,person,115.015,119.019,0,,,0,41,7.147,439.1,807.3,113.0,145.4,145.4,0.0,-12.5,no,pedestrian_stationary
2470-3746,2470,3746,car,person,115.015,119.019,0,,,0,41,,363.7,363.7,0.0,214.7,214.7,0.0,-48.1,yes,pedestrian_stationary
2488-3746,2488,3746,car,person,115.015,119.019,0,,,0,41,,1664.4,1664.4,0.0,39.9,39.9,0.0,-12.1,no,pedestrian_stationary
2586-3746,2586,3746,car,person,115.015,119.019,0,,,0,41,,440.1,440.1,0.0,208.6,208.6,0.0,-33.4,no,pedestrian_stationary
2785-3746,2785,3746,car,person,115.015,119.019,0,,,0,41,,852.2,852.2,0.0,383.1,383.1,0.0,5.4,no,pedestrian_stationary
2860-3746,2860,3746,car,person,115.015,119.019,0,,,0,41,70.572,238.7,780.3,11.1,13.1,13.1,0.0,-50.0,yes,pedestrian_stationary
3050-3746,3050,3746,bus,person,115.015,119.019,0,,,0,41,2.743,1.4,541.4,216.5,218.8,218.8,0.0,-234.8,yes,pedestrian_stationary
3090-3746,3090,3746,car,person,115.015,118.618,0,,,0,37,,1555.0,1555.0,0.0,87.9,87.9,0.0,-6.8,no,pedestrian_stationary
3147-3745,3745,3147,car,person,115.015,124.324,0,,,0,34,5.225,1024.0,1529.9,430.0,566.5,495.7,112.8,-129.2,yes,vehicle_not_moving
3313-3745,3745,3313,car,person,115.015,127.527,0,,,0,65,5.156,1038.3,1454.9,432.2,511.7,495.7,140.3,-129.2,yes,vehicle_not_moving
3334-3745,3745,3334,car,person,115.015,127.227,0,,,0,56,3.498,580.9,1358.0,438.7,546.1,495.7,220.4,-129.2,yes,vehicle_not_moving
3336-3746,3336,3746,bus,person,115.015,117.818,0,,,0,29,,1184.0,1184.0,0.0,0.0,0.0,0.0,,no,pedestrian_stationary
3378-3746,3378,3746,car,person,115.015,119.019,0,,,0,41,,384.7,384.7,0.0,374.8,374.8,0.0,-54.9,yes,pedestrian_stationary
3392-3745,3745,3392,car,person,115.015,126.326,0,,,0,46,4.579,1007.6,1443.7,454.8,600.9,495.7,219.0,-129.2,yes,vehicle_not_moving
3393-3746,3393,3746,car,person,115.015,119.019,0,,,0,41,,598.2,598.2,0.0,303.4,303.4,0.0,-49.8,yes,pedestrian_stationary
3403-3745,3745,3403,car,person,115.015,127.527,0,,,0,126,0.804,3.1,182.5,488.5,495.7,495.7,88.4,-129.2,yes,pedestrian_stationary
3421-3746,3421,3746,car,person,115.015,119.019,0,,,0,41,1.4,298.6,301.2,350.0,439.3,439.3,0.0,-225.4,yes,pedestrian_stationary
3431-3746,3431,3746,car,person,115.015,119.019,0,,,0,41,1.818,465.8,467.8,412.9,551.3,551.3,0.0,-134.3,yes,pedestrian_stationary
3445-3745,3745,3445,car,person,115.015,127.527,0,,,0,53,4.782,833.6,1452.9,520.0,608.8,495.7,147.1,-129.2,yes,vehicle_not_moving
3490-3745,3745,3490,car,person,115.015,117.017,0,,,0,21,1.49,29.8,684.8,485.8,495.7,495.7,0.0,-79.9,yes,vehicle_not_moving
3499-3745,3745,3499,car,person,115.015,127.527,0,,,0,92,4.051,568.3,1378.0,459.5,568.2,495.7,287.1,-129.2,yes,vehicle_not_moving
3518-3745,3745,3518,car,person,115.015,121.121,0,,,0,62,3.564,745.4,1197.3,496.1,574.6,495.7,169.9,-129.2,yes,vehicle_not_moving
3526-3746,3526,3746,car,person,115.015,119.019,0,,,0,41,2.174,357.5,395.5,241.2,401.0,401.0,0.0,-287.6,yes,pedestrian_stationary
3540-3746,3540,3746,car,person,115.015,116.316,0,,,0,14,,1981.4,1981.4,0.0,0.0,0.0,0.0,,no,pedestrian_stationary
3603-3746,3603,3746,car,person,115.015,119.019,0,,,0,41,1.229,209.3,290.1,457.7,472.6,472.6,0.0,-101.0,yes,pedestrian_stationary
3633-3746,3633,3746,car,person,115.015,119.019,0,,,0,41,1.391,292.8,467.4,376.9,441.6,441.6,0.0,-2.0,yes,pedestrian_stationary
3661-3746,3661,3746,car,person,115.015,116.116,0,,,0,12,,1652.5,1652.5,0.0,0.0,0.0,0.0,,no,pedestrian_stationary
3671-3746,3671,3746,car,person,115.015,116.717,0,,,0,18,,1723.7,1723.7,0.0,0.0,0.0,0.0,,no,pedestrian_stationary
3688-3746,3688,3746,car,person,115.015,116.917,0,,,0,20,,1652.6,1652.6,0.0,0.0,0.0,0.0,,no,pedestrian_stationary
3711-3746,3711,3746,car,person,115.015,119.019,0,,,0,41,2.165,414.6,444.2,486.7,516.7,516.7,0.0,-159.5,yes,pedestrian_stationary
3716-3745,3745,3716,car,person,115.015,117.517,0,,,0,26,1.324,21.2,551.9,485.3,495.7,495.7,0.0,-79.9,yes,pedestrian_stationary
3721-3746,3721,3746,car,person,115.015,117.918,0,,,0,30,,1652.5,1652.5,0.0,0.0,0.0,0.0,,no,pedestrian_stationary
3722-3746,3722,3746,car,person,115.015,119.019,0,,,0,41,,1905.3,1905.3,0.0,147.9,147.9,0.0,-706.0,yes,pedestrian_stationary
3730-3746,3730,3746,car,person,115.015,119.019,0,,,0,41,,1763.4,1763.4,0.0,27.9,27.9,0.0,-19.7,no,pedestrian_stationary
3734-3746,3734,3746,car,person,115.015,119.019,0,,,0,41,15.884,152.2,1648.6,111.9,115.9,115.9,0.0,-195.1,yes,pedestrian_stationary
3743-3746,3743,3746,car,person,115.015,119.019,0,,,0,41,,1652.1,1652.1,0.0,0.0,0.0,0.0,0.0,no,pedestrian_stationary
3745-3746,3745,3746,car,person,115.015,119.019,0,,,0,41,1.946,4.3,508.9,481.4,495.7,495.7,0.0,-91.7,yes,pedestrian_stationary
3147-3748,3748,3147,car,person,115.315,119.82,0,,,0,31,35.177,310.3,2420.3,69.0,515.6,493.2,112.8,-190.9,yes,vehicle_not_moving
3313-3748,3748,3313,car,person,115.315,119.82,0,,,0,46,38.247,177.4,2540.6,67.3,525.5,493.2,113.0,-190.9,yes,vehicle_not_moving
3334-3748,3748,3334,car,person,115.315,119.82,0,,,0,42,30.17,1525.6,2288.4,76.3,493.2,493.2,220.4,-190.9,yes,vehicle_not_moving
3392-3748,3748,3392,car,person,115.315,119.82,0,,,0,43,20.671,1561.8,2196.1,107.4,549.2,493.2,165.7,-190.9,yes,vehicle_not_moving
3403-3748,3748,3403,car,person,115.315,119.82,0,,,0,46,11.474,1259.4,1588.5,142.1,493.2,493.2,15.7,-190.9,yes,pedestrian_stationary
3445-3748,3748,3445,car,person,115.315,119.82,0,,,0,25,23.736,1118.3,2712.1,114.6,514.0,493.2,147.1,-190.9,yes,vehicle_not_moving
3490-3748,3748,3490,car,person,115.315,117.017,0,,,0,18,13.427,1614.9,1643.0,125.0,493.2,493.2,0.0,-190.9,yes,pedestrian_stationary
3499-3748,3748,3499,car,person,115.315,119.82,0,,,0,46,38.798,1775.5,2771.9,71.6,539.2,493.2,287.1,-190.9,yes,vehicle_not_moving
3518-3748,3748,3518,car,person,115.315,119.82,0,,,0,46,24.254,257.6,2684.9,110.7,540.9,493.2,169.9,-190.9,yes,vehicle_not_moving
3716-3748,3748,3716,car,person,115.315,117.517,0,,,0,23,15.451,1691.6,1714.6,113.0,493.2,493.2,0.0,-190.9,yes,pedestrian_stationary
3746-3748,3748,3746,car,person,115.315,119.019,0,,,0,38,36.565,2084.5,2088.8,57.5,493.2,493.2,0.0,-190.9,yes,pedestrian_stationary
3147-3773,3773,3147,car,person,116.116,122.823,0,,,0,23,4.539,1375.8,1680.6,468.2,725.6,642.6,112.8,-233.9,yes,vehicle_not_moving
3313-3773,3773,3313,car,person,116.116,122.823,0,,,0,54,4.11,579.5,1625.5,503.1,644.8,642.6,140.3,-233.9,yes,vehicle_not_moving
3334-3773,3773,3334,car,person,116.116,122.823,0,,,0,45,2.951,711.9,1472.4,591.2,647.5,642.6,220.4,-233.9,yes,vehicle_not_moving
3392-3773,3773,3392,car,person,116.116,122.823,0,,,0,35,3.888,1340.5,1429.6,510.6,756.3,642.6,219.0,-233.9,yes,vehicle_not_moving
3403-3773,3773,3403,car,person,116.116,122.823,0,,,0,68,0.893,30.4,264.7,597.0,642.6,642.6,77.4,-233.9,yes,pedestrian_stationary
3445-3773,3773,3445,car,person,116.116,122.823,0,,,0,42,3.854,1115.9,1709.0,591.9,743.0,642.6,147.1,-233.9,yes,vehicle_not_moving
3490-3773,3773,3490,car,person,116.116,117.017,0,,,0,10,2.032,56.3,1047.9,515.7,544.2,544.2,0.0,361.3,no,pedestrian_stationary
3499-3773,3773,3499,car,person,116.116,122.823,0,,,0,68,3.903,723.5,1642.6,558.7,696.8,642.6,287.1,-233.9,yes,vehicle_not_moving
3518-3773,3773,3518,car,person,116.116,121.121,0,,,0,51,3.071,855.3,1570.0,640.4,741.7,642.6,169.9,-233.9,yes,vehicle_not_moving
3716-3773,3773,3716,car,person,116.116,117.517,0,,,0,15,1.301,63.2,767.5,595.0,642.6,642.6,0.0,89.1,no,pedestrian_stationary
3746-3773,3773,3746,car,person,116.116,119.019,0,,,0,30,1.89,123.4,629.3,598.4,642.6,642.6,0.0,-233.9,yes,pedestrian_stationary
25-3784,25,3784,truck,person,116.416,127.527,0,,,0,40,3.532,187.2,327.1,275.5,289.6,0.0,289.6,-0.0,no,pedestrian_stationary
1469-3784,1469,3784,car,person,116.416,127.527,0,,,0,40,4.588,350.8,510.4,261.5,289.6,0.0,289.6,-0.0,no,pedestrian_stationary
2009-3784,2009,3784,car,person,116.416,127.527,0,,,0,40,,491.1,491.1,0.0,479.2,379.5,289.6,-306.5,yes,pedestrian_stationary
2135-3784,2135,3784,car,person,116.416,127.527,0,,,0,40,,207.2,207.2,0.0,434.7,389.3,289.6,-431.0,yes,pedestrian_stationary
2199-3784,2199,3784,car,person,116.416,127.527,0,,,0,40,7.267,179.5,185.3,25.5,449.7,312.5,289.6,-97.1,yes,pedestrian_stationary
2206-3784,2206,3784,car,person,116.416,127.527,0,,,0,40,,506.2,506.2,0.0,436.8,397.8,289.6,-439.7,yes,pedestrian_stationary
2233-3784,2233,3784,car,person,116.416,121.722,0,,,0,40,2.043,110.7,248.7,148.6,325.5,112.9,289.6,18.1,no,pedestrian_stationary
2237-3784,2237,3784,car,person,116.416,125.826,0,,,0,40,,316.4,316.4,0.0,325.0,169.9,289.6,-14.5,no,pedestrian_stationary
2299-3784,2299,3784,bus,person,116.416,127.527,0,,,0,40,0.826,118.6,120.6,281.0,408.1,409.8,289.6,-238.2,yes,pedestrian_stationary
2470-3784,2470,3784,car,person,116.416,126.526,0,,,0,40,,886.4,886.4,0.0,600.4,510.8,289.6,-533.2,yes,pedestrian_stationary
2488-3784,2488,3784,car,person,116.416,125.626,0,,,0,40,11.072,1068.4,1139.1,121.7,257.6,39.9,289.6,-74.7,yes,pedestrian_stationary
2586-3784,2586,3784,car,person,116.416,127.527,0,,,0,40,,868.0,868.0,0.0,450.8,334.3,289.6,-190.8,yes,pedestrian_stationary
2785-3784,2785,3784,car,person,116.416,125.325,0,,,0,40,1210.008,1342.5,1342.5,2.9,542.4,391.5,289.6,-337.9,yes,pedestrian_stationary
2860-3784,2860,3784,car,person,116.416,127.527,0,,,0,40,105.249,547.5,716.9,6.8,287.9,20.3,289.6,-82.4,yes,pedestrian_stationary
3050-3784,3050,3784,bus,person,116.416,127.527,0,,,0,40,3.337,157.1,358.3,124.7,398.1,299.0,289.6,-224.5,yes,pedestrian_stationary
3090-3784,3090,3784,car,person,116.416,118.618,0,,,0,23,9.392,1072.6,1093.3,128.9,289.6,0.0,289.6,,no,pedestrian_stationary
3336-3784,3336,3784,bus,person,116.416,117.818,0,,,0,15,2.44,300.7,461.2,258.5,289.6,0.0,289.6,,no,pedestrian_stationary
3378-3784,3378,3784,car,person,116.416,121.822,0,,,0,40,,499.1,499.1,0.0,285.0,273.2,289.6,-54.9,yes,pedestrian_stationary
3393-3784,3393,3784,car,person,116.416,123.423,0,,,0,40,,710.6,710.6,0.0,251.8,251.8,289.6,-44.5,yes,pedestrian_stationary
3421-3784,3421,3784,car,person,116.416,126.126,0,,,0,40,2.817,487.6,554.2,196.8,413.9,413.9,289.6,-225.4,yes,pedestrian_stationary
3431-3784,3431,3784,car,person,116.416,121.321,0,,,0,40,2.634,595.6,695.8,265.4,506.8,506.8,289.6,-134.3,yes,pedestrian_stationary
3526-3784,3526,3784,car,person,116.416,127.527,0,,,0,40,4.49,571.4,729.4,163.8,267.4,306.6,289.6,-88.1,yes,pedestrian_stationary
3603-3784,3603,3784,car,person,116.416,127.527,0,,,0,40,2.712,468.1,890.4,414.1,455.6,457.3,289.6,-101.0,yes,pedestrian_stationary
3633-3784,3633,3784,car,person,116.416,127.527,0,,,0,40,5.413,867.7,1028.8,251.1,346.1,441.6,289.6,-154.7,yes,pedestrian_stationary
3671-3784,3671,3784,car,person,116.416,116.717,0,,,0,4,9.14,1170.1,1367.9,149.7,288.9,0.0,288.9,,no,pedestrian_stationary
3688-3784,3688,3784,car,person,116.416,116.917,0,,,0,6,4.066,348.7,1103.9,275.4,289.6,0.0,289.6,,no,pedestrian_stationary
3711-3784,3711,3784,car,person,116.416,125.826,0,,,0,40,3.189,580.4,1021.9,382.7,435.0,435.0,289.6,-159.5,yes,pedestrian_stationary
3721-3784,3721,3784,car,person,116.416,117.918,0,,,0,16,3.915,340.8,873.0,275.5,289.6,0.0,289.6,,no,pedestrian_stationary
3722-3784,3722,3784,car,person,116.416,119.019,0,,,0,27,,2282.0,2282.0,0.0,289.6,0.0,289.6,,no,pedestrian_stationary
3730-3784,3730,3784,car,person,116.416,120.621,0,,,0,40,9.427,1128.9,1157.0,148.5,287.9,27.9,289.6,-19.7,no,pedestrian_stationary
3734-3784,3734,3784,car,person,116.416,119.92,0,,,0,36,6.412,855.3,911.8,190.7,289.6,0.0,289.6,,no,pedestrian_stationary
3743-3784,3743,3784,car,person,116.416,120.32,0,,,0,40,3.534,249.7,505.1,275.5,289.6,0.0,289.6,0.0,no,pedestrian_stationary
3745-3784,3745,3784,car,person,116.416,127.527,0,,,0,40,3.893,478.8,1162.0,477.2,495.1,495.7,289.6,-129.2,yes,pedestrian_stationary
3748-3784,3748,3784,car,person,116.416,119.82,0,,,0,35,,2469.5,2469.5,0.0,402.7,402.7,289.6,-139.3,yes,pedestrian_stationary
3773-3784,3773,3784,car,person,116.416,122.823,0,,,0,40,5.582,205.0,1586.3,340.0,431.8,642.6,289.6,-233.9,yes,pedestrian_stationary
3147-3794,3794,3147,car,person,116.617,124.024,0,,,0,18,5.72,1388.9,1657.1,341.5,671.6,597.0,112.8,-153.6,yes,vehicle_not_moving
3313-3794,3794,3313,car,person,116.617,124.024,0,,,0,49,5.092,104.3,1566.3,410.4,705.8,597.0,140.3,-153.6,yes,vehicle_not_moving
3334-3794,3794,3334,car,person,116.617,124.024,0,,,0,40,5.326,1095.1,1433.5,383.3,733.2,597.0,220.4,-153.6,yes,vehicle_not_moving
3392-3794,3794,3392,car,person,116.617,124.024,0,,,0,30,5.146,1388.4,1417.2,387.9,724.6,597.0,219.0,-153.6,yes,vehicle_not_moving
3403-3794,3794,3403,car,person,116.617,124.024,0,,,0,75,0.847,80.3,236.7,526.8,597.0,597.0,77.4,-153.6,yes,pedestrian_stationary
3445-3794,3794,3445,car,person,116.617,124.024,0,,,0,37,4.681,1381.1,1636.0,471.9,727.6,597.0,147.1,-153.6,yes,vehicle_not_moving
3490-3794,3794,3490,car,person,116.617,117.017,0,,,0,5,6.738,1163.2,1488.5,220.9,354.0,354.0,0.0,67.5,no,pedestrian_stationary
3499-3794,3794,3499,car,person,116.617,124.024,0,,,0,75,4.122,811.5,1609.9,534.3,745.8,597.0,287.1,-153.6,yes,vehicle_not_moving
3518-3794,3794,3518,car,person,116.617,121.121,0,,,0,46,4.565,1278.6,1539.6,423.7,597.0,597.0,169.9,-153.6,yes,vehicle_not_moving
3716-3794,3794,3716,car,person,116.617,117.517,0,,,0,10,5.611,1009.3,1419.3,252.9,359.8,359.8,0.0,1.7,no,pedestrian_stationary
3746-3794,3794,3746,car,person,116.617,119.019,0,,,0,25,2.058,514.3,1054.0,517.0,587.7,587.7,0.0,1.7,no,pedestrian_stationary
3784-3794,3794,3784,car,person,116.617,124.024,0,,,0,38,5.368,1260.6,1743.8,336.9,476.4,597.0,289.6,-153.6,yes,vehicle_not_moving
3147-3808,3808,3147,car,person,117.217,121.121,0,,,0,12,,1447.1,1447.1,0.0,112.8,0.0,112.8,,no,vehicle_not_moving
3313-3808,3808,3313,car,person,117.217,121.121,0,,,0,40,,1215.3,1215.3,0.0,136.3,0.0,136.3,,no,pedestrian_stationary
3334-3808,3808,3334,car,person,117.217,121.121,0,,,0,34,24.489,1243.2,1362.8,55.9,220.4,0.0,220.4,,no,vehicle_not_moving
3392-3808,3808,3392,car,person,117.217,121.121,0,,,0,24,,1440.5,1440.5,0.0,165.7,0.0,165.7,,no,vehicle_not_moving
3403-3808,3808,3403,car,person,117.217,121.121,0,,,0,40,963.227,2193.7,2219.5,2.3,47.7,0.0,47.7,,no,pedestrian_stationary
3445-3808,3808,3445,car,person,117.217,121.121,0,,,0,19,,946.4,946.4,0.0,147.1,0.0,147.1,,no,vehicle_not_moving
3499-3808,3808,3499,car,person,117.217,121.121,0,,,0,40,15.743,888.6,929.6,60.2,287.1,0.0,287.1,,no,vehicle_not_moving
3518-3808,3808,3518,car,person,117.217,121.121,0,,,0,40,,1124.9,1124.9,0.0,169.9,0.0,169.9,,no,vehicle_not_moving
3716-3808,3808,3716,car,person,117.217,117.517,0,,,0,4,,2070.4,2070.4,0.0,0.0,0.0,0.0,,no,pedestrian_stationary
3746-3808,3808,3746,car,person,117.217,119.019,0,,,0,19,,1652.4,1652.4,0.0,0.0,0.0,0.0,,no,pedestrian_stationary
3784-3808,3808,3784,car,person,117.217,121.121,0,,,0,32,3.541,188.6,462.0,262.6,278.4,0.0,278.4,,no,vehicle_not_moving
25-3815,25,3815,truck,person,117.517,127.527,0,,,0,45,,1203.3,1203.3,0.0,150.3,0.0,150.3,-0.0,no,pedestrian_stationary
1469-3815,1469,3815,car,person,117.517,127.527,0,,,0,45,,1366.6,1366.6,0.0,150.3,0.0,150.3,-0.0,no,pedestrian_stationary
2009-3815,2009,3815,car,person,117.517,127.527,0,,,0,45,13.238,550.6,818.8,61.9,329.2,379.5,150.3,-306.5,yes,pedestrian_stationary
2135-3815,2135,3815,car,person,117.517,127.527,0,,,0,45,15.357,616.0,710.1,46.3,381.6,389.3,150.3,-431.0,yes,pedestrian_stationary
2199-3815,2199,3815,car,person,117.517,127.527,0,,,0,45,34.778,768.3,846.2,24.6,214.4,312.5,150.3,-97.1,yes,pedestrian_stationary
2206-3815,2206,3815,car,person,117.517,127.527,0,,,0,45,24.801,884.3,1067.5,43.0,364.0,397.8,150.3,-439.7,yes,pedestrian_stationary
2233-3815,2233,3815,car,person,117.517,121.722,0,,,0,43,31.521,746.0,801.5,25.4,144.6,112.9,150.3,39.2,no,pedestrian_stationary
2237-3815,2237,3815,car,person,117.517,125.826,0,,,0,45,36.405,981.3,981.3,32.6,108.2,169.9,150.3,-14.5,no,pedestrian_stationary
2299-3815,2299,3815,bus,person,117.517,127.527,0,,,0,45,4.359,370.5,459.6,116.6,402.4,409.8,150.3,-238.2,yes,pedestrian_stationary
2470-3815,2470,3815,car,person,117.517,126.526,0,,,0,45,20.087,345.8,1286.8,66.1,387.7,510.8,150.3,-533.2,yes,pedestrian_stationary
2488-3815,2488,3815,car,person,117.517,125.626,0,,,0,45,,1761.6,1761.6,0.0,183.9,35.3,150.3,-74.7,yes,pedestrian_stationary
2586-3815,2586,3815,car,person,117.517,127.527,0,,,0,45,21.135,655.9,1201.8,56.9,218.5,334.3,150.3,-190.8,yes,pedestrian_stationary
2785-3815,2785,3815,car,person,117.517,125.325,0,,,0,45,23.684,8.3,1750.2,92.4,285.5,391.5,150.3,-337.9,yes,pedestrian_stationary
2860-3815,2860,3815,car,person,117.517,127.527,0,,,0,45,450.816,1358.0,1358.0,3.9,152.9,20.3,150.3,-82.4,yes,pedestrian_stationary
3050-3815,3050,3815,bus,person,117.517,127.527,0,,,0,45,18.526,853.7,902.2,53.3,299.0,299.0,150.3,-224.5,yes,pedestrian_stationary
3090-3815,3090,3815,car,person,117.517,118.618,0,,,0,12,,1651.9,1651.9,0.0,150.3,0.0,150.3,,no,pedestrian_stationary
3147-3816,3816,3147,car,person,117.517,121.621,0,,,0,9,,1480.0,1480.0,0.0,112.8,0.0,112.8,,no,vehicle_not_moving
3313-3816,3816,3313,car,person,117.517,121.621,0,,,0,40,,1220.5,1220.5,0.0,140.3,0.0,140.3,,no,pedestrian_stationary
3334-3816,3816,3334,car,person,117.517,121.621,0,,,0,31,24.5,1285.2,1363.2,55.8,220.4,0.0,220.4,,no,pedestrian_not_in_crosswalk
3336-3815,3336,3815,bus,person,117.517,117.818,0,,,0,4,,911.5,911.5,0.0,150.3,0.0,150.3,,no,pedestrian_stationary
3378-3815,3378,3815,car,person,117.517,121.822,0,,,0,44,,1281.5,1281.5,0.0,396.4,253.5,150.3,-44.1,yes,pedestrian_stationary
3392-3816,3816,3392,car,person,117.517,121.621,0,,,0,21,,1483.2,1483.2,0.0,199.3,0.0,199.3,,no,vehicle_not_moving
3393-3815,3393,3815,car,person,117.517,123.423,0,,,0,45,,1382.9,1382.9,0.0,352.6,211.0,150.3,-43.3,yes,pedestrian_stationary
3403-3816,3816,3403,car,person,117.517,121.621,0,,,0,42,363.462,2193.7,2219.6,6.1,77.4,0.0,77.4,,no,pedestrian_stationary
3421-3815,3421,3815,car,person,117.517,126.126,0,,,0,45,,1147.6,1147.6,0.0,517.6,367.3,150.3,-225.4,yes,pedestrian_stationary
3431-3815,3431,3815,car,person,117.517,121.321,0,,,0,39,284.784,1268.2,1268.2,4.5,524.7,386.7,150.3,-123.9,yes,pedestrian_stationary
3445-3816,3816,3445,car,person,117.517,121.621,0,,,0,21,,978.5,978.5,0.0,147.1,0.0,147.1,,no,vehicle_not_moving
3499-3816,3816,3499,car,person,117.517,121.621,0,,,0,42,15.755,888.6,935.2,60.1,287.1,0.0,287.1,,no,vehicle_not_moving
3518-3816,3816,3518,car,person,117.517,121.121,0,,,0,37,,1124.8,1124.8,0.0,169.9,0.0,169.9,,no,vehicle_not_moving
3526-3815,3526,3815,car,person,117.517,127.527,0,,,0,45,28.899,1223.0,1231.6,43.1,423.9,281.5,150.3,-88.1,yes,pedestrian_stationary
3603-3815,3603,3815,car,person,117.517,127.527,0,,,0,45,5.605,1123.8,1167.4,218.3,573.5,442.1,150.3,-101.0,yes,pedestrian_stationary
3633-3815,3633,3815,car,person,117.517,127.527,0,,,0,45,4.543,1195.4,1245.5,377.2,571.1,441.6,150.3,-154.7,yes,pedestrian_stationary
3711-3815,3711,3815,car,person,117.517,125.826,0,,,0,45,5.961,1227.2,1324.4,236.0,507.5,390.8,150.3,-122.5,yes,pedestrian_stationary
3716-3816,3816,3716,car,person,117.517,117.517,0,,,0,1,,2070.6,2070.6,0.0,0.0,0.0,0.0,,no,pedestrian_stationary
3721-3815,3721,3815,car,person,117.517,117.918,0,,,0,5,,1203.5,1203.5,0.0,150.3,0.0,150.3,,no,pedestrian_stationary
3722-3815,3722,3815,car,person,117.517,119.019,0,,,0,16,15.568,389.2,2167.5,148.2,150.3,0.0,150.3,,no,pedestrian_stationary
3730-3815,3730,3815,car,person,117.517,120.621,0,,,0,32,,1814.9,1814.9,0.0,150.3,0.0,150.3,,no,pedestrian_stationary
3734-3815,3734,3815,car,person,117.517,119.92,0,,,0,25,,1561.3,1561.3,0.0,150.3,0.0,150.3,,no,pedestrian_stationary
3743-3815,3743,3815,car,person,117.517,120.32,0,,,0,29,,1202.8,1202.8,0.0,150.3,0.0,150.3,,no,pedestrian_stationary
3745-3815,3745,3815,car,person,117.517,127.527,0,,,0,45,4.065,1211.8,1361.5,424.3,601.6,466.2,150.3,-129.2,yes,pedestrian_stationary
3746-3816,3816,3746,car,person,117.517,119.019,0,,,0,16,,1652.5,1652.5,0.0,0.0,0.0,0.0,,no,pedestrian_stationary
3748-3815,3748,3815,car,person,117.517,119.82,0,,,0,24,18.172,797.8,2417.8,143.1,150.3,0.0,150.3,,no,pedestrian_stationary
3773-3815,3773,3815,car,person,117.517,122.823,0,,,0,45,3.375,1233.8,1528.1,563.7,761.0,642.6,150.3,-233.9,yes,pedestrian_stationary
3784-3816,3816,3784,car,person,117.517,121.621,0,,,0,29,3.54,188.3,372.4,237.1,256.3,0.0,256.3,,no,vehicle_not_moving
3794-3815,3794,3815,car,person,117.517,124.024,0,,,0,45,4.297,1386.3,1521.4,456.7,716.5,597.0,150.3,-153.6,yes,pedestrian_stationary
3808-3815,3808,3815,car,person,117.517,121.121,0,,,0,37,,1203.7,1203.7,0.0,150.3,0.0,150.3,,no,pedestrian_stationary
3815-3816,3816,3815,car,person,117.517,121.621,0,,,0,42,,1204.1,1204.1,0.0,150.3,0.0,150.3,,no,pedestrian_stationary
3147-3825,3825,3147,bus,person,118.018,124.324,0,,,0,4,5.828,141.7,1028.7,176.5,230.2,230.2,104.9,-319.4,yes,vehicle_not_moving
3147-3827,3827,3147,car,person,118.018,122.923,0,,,0,4,,1522.9,1522.9,0.0,104.9,0.0,104.9,0.0,no,vehicle_not_moving
3313-3825,3825,3313,bus,person,118.018,127.527,0,,,0,35,4.012,33.0,564.2,206.0,262.4,262.4,140.3,-319.4,yes,vehicle_not_moving
3313-3827,3827,3313,car,person,118.018,122.923,0,,,0,35,,1248.7,1248.7,0.0,140.3,0.0,140.3,0.0,no,vehicle_not_moving
3334-3825,3825,3334,bus,person,118.018,127.227,0,,,0,30,3.236,128.2,667.5,245.4,262.4,262.4,220.4,-319.4,yes,vehicle_not_moving
3334-3827,3827,3334,car,person,118.018,122.923,0,,,0,30,,1404.4,1404.4,0.0,220.4,0.0,220.4,0.0,no,vehicle_not_moving
3392-3825,3825,3392,bus,person,118.018,126.326,0,,,0,16,3.712,170.5,905.2,249.3,257.4,257.4,219.0,-319.4,yes,vehicle_not_moving
3392-3827,3827,3392,car,person,118.018,122.923,0,,,0,16,,1542.1,1542.1,0.0,219.0,0.0,219.0,0.0,no,vehicle_not_moving
3403-3825,3825,3403,bus,person,118.018,127.527,0,,,0,96,5.745,11.1,890.5,219.8,260.8,262.4,88.4,-319.4,yes,pedestrian_stationary
3403-3827,3827,3403,car,person,118.018,122.923,0,,,0,50,364.119,2193.8,2219.6,6.1,77.4,0.0,77.4,0.0,no,pedestrian_stationary
3445-3825,3825,3445,bus,person,118.018,127.527,0,,,0,25,4.196,6.3,568.9,178.6,262.4,262.4,147.1,-319.4,yes,pedestrian_not_in_crosswalk
3445-3827,3827,3445,car,person,118.018,122.923,0,,,0,25,,1024.6,1024.6,0.0,147.1,0.0,147.1,0.0,no,pedestrian_not_in_crosswalk
3499-3825,3825,3499,bus,person,118.018,127.527,0,,,0,62,4.285,279.5,560.6,176.9,263.9,262.4,287.1,-319.4,yes,vehicle_not_moving
3499-3827,3827,3499,car,person,118.018,122.923,0,,,0,50,15.758,888.8,935.7,60.1,287.1,0.0,287.1,0.0,no,vehicle_not_moving
3518-3825,3825,3518,bus,person,118.018,121.121,0,,,0,32,11.18,49.1,985.5,94.4,139.6,139.6,0.0,-319.4,yes,vehicle_not_moving
3518-3827,3827,3518,car,person,118.018,121.121,0,,,0,32,,1124.5,1124.5,0.0,0.0,0.0,0.0,0.0,no,vehicle_not_moving
3746-3825,3825,3746,bus,person,118.018,119.019,0,,,0,11,41.658,94.9,1391.4,33.4,35.4,35.4,0.0,0.0,no,pedestrian_stationary
3746-3827,3827,3746,car,person,118.018,119.019,0,,,0,11,,1652.4,1652.4,0.0,0.0,0.0,0.0,0.0,no,pedestrian_stationary
3784-3825,3825,3784,bus,person,118.018,127.527,0,,,0,24,3.813,347.3,380.7,148.1,397.9,262.4,233.2,-319.4,yes,vehicle_not_moving
3784-3827,3827,3784,car,person,118.018,122.923,0,,,0,24,3.542,188.6,328.9,213.6,233.2,0.0,233.2,0.0,no,vehicle_not_moving
3815-3825,3825,3815,bus,person,118.018,127.527,0,,,0,40,3.485,42.8,555.7,222.7,262.4,262.4,144.6,-319.4,yes,vehicle_not_moving
3815-3827,3827,3815,car,person,118.018,122.923,0,,,0,40,,1270.1,1270.1,0.0,144.6,0.0,144.6,0.0,no,vehicle_not_moving
3313-3850,3850,3313,car,person,118.819,127.527,0,,,0,27,12.545,523.7,1029.5,92.3,204.9,206.9,140.3,-108.3,yes,vehicle_not_moving
3334-3850,3850,3334,car,person,118.819,127.227,0,,,0,22,8.399,134.0,963.4,143.2,206.9,206.9,205.0,-108.3,yes,vehicle_not_moving
3392-3850,3850,3392,car,person,118.819,126.326,0,,,0,8,8.038,745.1,1010.6,151.1,206.9,206.9,219.0,-96.4,yes,vehicle_not_moving
3403-3850,3850,3403,car,person,118.819,127.527,0,,,0,88,3.959,0.6,426.6,189.9,206.9,206.9,88.4,-108.3,yes,pedestrian_stationary
3445-3850,3850,3445,car,person,118.819,127.527,0,,,0,25,14.829,505.8,1038.9,79.1,144.8,206.9,147.1,-108.3,yes,pedestrian_not_in_crosswalk
3499-3850,3850,3499,car,person,118.819,127.527,0,,,0,54,12.901,17.9,921.8,71.4,251.9,206.9,287.1,-108.3,yes,vehicle_not_moving
3518-3850,3850,3518,car,person,118.819,121.121,0,,,0,24,15.8,599.5,909.7,59.2,122.8,122.8,0.0,-24.0,no,vehicle_not_moving
3746-3850,3850,3746,car,person,118.819,119.019,0,,,0,3,43.185,632.1,970.1,22.5,29.6,29.6,0.0,,no,pedestrian_stationary
3784-3850,3850,3784,car,person,118.819,127.527,0,,,0,16,,556.7,556.7,0.0,277.6,206.9,192.8,-108.3,yes,vehicle_not_moving
3815-3850,3850,3815,car,person,118.819,127.527,0,,,0,32,11.025,674.5,993.7,103.4,200.0,206.9,144.6,-108.3,yes,vehicle_not_moving
3313-3888,3888,3313,car,person,119.72,124.624,0,,,0,18,,1518.8,1518.8,0.0,140.3,114.7,140.3,-29.0,no,vehicle_not_moving
3313-3889,3889,3313,car,person,119.72,127.527,0,,,0,18,8.965,395.6,898.5,117.3,269.2,269.2,140.3,-108.1,yes,vehicle_not_moving
3334-3888,3888,3334,car,person,119.72,124.624,0,,,0,13,,1640.6,1640.6,0.0,173.0,114.7,173.0,-29.0,no,vehicle_not_moving
3334-3889,3889,3334,car,person,119.72,127.227,0,,,0,13,6.431,40.8,765.5,173.8,269.2,269.2,173.0,-87.3,yes,vehicle_not_moving
3403-3888,3888,3403,car,person,119.72,124.624,0,,,0,50,15.64,223.0,1723.6,111.6,114.7,114.7,77.4,-29.0,no,pedestrian_stationary
3403-3889,3889,3403,car,person,119.72,127.527,0,,,0,79,2.821,30.0,421.0,198.1,262.7,269.2,88.4,-108.1,yes,pedestrian_stationary
3445-3888,3888,3445,car,person,119.72,124.624,0,,,0,25,,1402.2,1402.2,0.0,147.1,114.7,147.1,-29.0,no,pedestrian_not_in_crosswalk
3445-3889,3889,3445,car,person,119.72,127.527,0,,,0,25,10.288,364.0,907.9,102.4,269.2,269.2,147.1,-108.1,yes,pedestrian_not_in_crosswalk
3499-3888,3888,3499,car,person,119.72,124.624,0,,,0,45,,1275.1,1275.1,0.0,287.1,114.7,287.1,-29.0,no,vehicle_not_moving
3499-3889,3889,3499,car,person,119.72,127.527,0,,,0,45,16.708,805.0,915.3,57.2,287.1,269.2,287.1,-108.1,yes,vehicle_not_moving
3518-3888,3888,3518,car,person,119.72,121.121,0,,,0,15,24.488,1036.8,1164.7,48.7,114.7,114.7,0.0,-29.0,no,pedestrian_stationary
3518-3889,3889,3518,car,person,119.72,121.121,0,,,0,15,8.665,535.2,843.1,98.9,157.0,157.0,0.0,-69.2,yes,pedestrian_stationary
3784-3888,3888,3784,car,person,119.72,124.624,0,,,0,7,56.676,686.0,686.6,12.1,276.4,114.7,175.8,-29.0,no,vehicle_not_moving
3784-3889,3889,3784,car,person,119.72,127.527,0,,,0,7,,507.5,507.5,0.0,419.6,269.2,192.8,-108.1,yes,vehicle_not_moving
3815-3888,3888,3815,car,person,119.72,124.624,0,,,0,23,,1523.8,1523.8,0.0,144.6,114.7,144.6,-29.0,no,vehicle_not_moving
3815-3889,3889,3815,car,person,119.72,127.527,0,,,0,23,8.247,516.7,857.0,132.0,269.2,269.2,144.6,-108.1,yes,vehicle_not_moving
3313-3913,3913,3313,car,person,120.42,124.324,0,,,0,11,65.302,1531.5,1533.0,24.3,140.3,0.0,140.3,,no,vehicle_not_moving
3334-3913,3913,3334,car,person,120.42,124.324,0,,,0,6,205.944,1489.9,1489.9,7.5,173.0,0.0,173.0,,no,vehicle_not_moving
3403-3913,3913,3403,car,person,120.42,124.324,0,,,0,40,24.608,547.3,677.3,27.5,77.4,0.0,77.4,,no,pedestrian_stationary
3445-3913,3913,3445,car,person,120.42,124.324,0,,,0,20,64.603,1535.1,1536.8,24.7,140.4,0.0,140.4,,no,vehicle_not_moving
3499-3913,3913,3499,car,person,120.42,124.324,0,,,0,38,,1476.5,1476.5,0.0,142.2,0.0,142.2,,no,vehicle_not_moving
3518-3913,3913,3518,car,person,120.42,121.121,0,,,0,8,,1327.8,1327.8,0.0,0.0,0.0,0.0,,no,pedestrian_stationary
3815-3913,3913,3815,car,person,120.42,124.324,0,,,0,16,135.978,1448.1,1448.1,11.4,144.6,0.0,144.6,,no,vehicle_not_moving
3313-3946,3946,3313,car,person,121.021,127.527,0,,,0,5,,1551.5,1551.5,0.0,490.4,361.6,140.3,-105.9,yes,vehicle_not_moving
3403-3946,3946,3403,car,person,121.021,127.527,0,,,0,66,20.207,458.0,552.8,28.0,383.9,361.6,88.4,-105.9,yes,pedestrian_stationary
3445-3946,3946,3445,car,person,121.021,127.527,0,,,0,14,45.053,1538.1,1538.3,34.4,475.3,361.6,140.4,-105.9,yes,vehicle_not_moving
3499-3946,3946,3499,car,person,121.021,127.527,0,,,0,32,16.878,1447.5,1450.0,88.0,469.0,361.6,146.0,-105.9,yes,vehicle_not_moving
3518-3946,3946,3518,car,person,121.021,121.121,0,,,0,2,,1335.0,1335.0,0.0,0.0,0.0,0.0,,no,pedestrian_stationary
3815-3946,3946,3815,car,person,121.021,127.527,0,,,0,10,,1466.1,1466.1,0.0,493.4,361.6,144.6,-105.9,yes,vehicle_not_moving
3313-3966,3966,3313,car,person,121.421,127.527,0,,,0,1,11.517,77.1,1120.1,104.7,181.2,181.2,140.2,-97.8,yes,vehicle_not_moving
3403-3966,3966,3403,car,person,121.421,127.527,0,,,0,62,6.11,3.6,776.7,175.5,181.2,181.2,88.4,-97.8,yes,vehicle_not_moving
3445-3966,3966,3445,car,person,121.421,127.527,0,,,0,10,11.825,173.3,1120.5,98.4,158.5,181.2,140.4,-97.8,yes,vehicle_not_moving
3499-3966,3966,3499,car,person,121.421,127.527,0,,,0,28,12.459,41.1,1119.9,93.3,136.5,181.2,146.0,-97.8,yes,vehicle_not_moving
3815-3966,3966,3815,car,person,121.421,127.527,0,,,0,6,10.466,46.9,1123.2,117.0,181.2,181.2,143.6,-97.8,yes,vehicle_not_moving
3403-3978,3978,3403,car,person,121.621,127.527,0,,,0,60,7.921,27.3,1304.7,195.3,196.7,196.7,88.4,-138.5,yes,vehicle_not_moving
3445-3978,3978,3445,car,person,121.621,127.527,0,,,0,8,11.563,7.6,1424.4,138.7,196.7,196.7,140.4,-138.5,yes,vehicle_not_moving
3499-3978,3978,3499,car,person,121.621,127.527,0,,,0,26,11.718,264.1,1442.0,138.5,143.1,196.7,146.0,-138.5,yes,vehicle_not_moving
3815-3978,3978,3815,car,person,121.621,127.527,0,,,0,4,10.094,73.6,1476.0,169.8,196.7,196.7,140.7,-138.5,yes,vehicle_not_moving
3403-4011,4011,3403,car,person,122.422,127.527,0,,,0,52,12.937,14.0,1917.5,149.2,150.0,150.0,88.4,9.5,no,vehicle_not_moving
3499-4011,4011,3499,car,person,122.422,127.527,0,,,0,18,68.446,1396.7,1681.1,24.6,146.0,150.0,146.0,9.5,no,vehicle_not_moving
3403-4032,4032,3403,car,person,122.823,127.527,0,,,0,48,15.003,3.9,1719.9,117.0,135.7,121.7,88.4,-41.9,yes,vehicle_not_moving
3499-4032,4032,3499,car,person,122.823,127.527,0,,,0,14,22.615,73.2,1771.0,78.3,133.5,121.7,146.0,-41.9,yes,vehicle_not_moving
3403-4055,4055,3403,car,person,123.323,127.327,0,,,0,41,1402.931,2219.9,2220.6,1.6,88.4,0.0,88.4,,no,vehicle_not_moving
3499-4055,4055,3499,car,person,123.323,127.327,0,,,0,9,,1518.9,1518.9,0.0,146.0,0.0,146.0,,no,vehicle_not_moving
3403-4068,4068,3403,car,person,123.724,127.527,0,,,0,39,,1934.1,1934.1,0.0,88.4,0.0,88.4,,no,pedestrian_stationary
3499-4068,4068,3499,car,person,123.724,127.527,0,,,0,5,,1916.8,1916.8,0.0,146.0,0.0,146.0,,no,vehicle_not_moving
3403-4093,4093,3403,car,person,124.224,127.527,0,,,0,34,6.676,11.5,1366.9,259.4,260.4,260.4,88.4,-368.4,yes,pedestrian_stationary
3403-4103,4103,3403,car,person,124.324,127.527,0,,,0,33,6.432,27.3,1027.5,208.9,210.3,210.3,88.4,-91.8,yes,pedestrian_stationary
3403-4105,4105,3403,car,person,124.324,127.527,0,,,0,33,13.707,99.6,1884.0,140.9,143.5,143.5,88.4,-11.3,no,pedestrian_stationary
3403-4125,4125,3403,car,person,124.825,127.527,0,,,0,28,0.512,181.9,182.5,931.0,980.8,980.8,88.4,-333.3,yes,pedestrian_stationary
3403-4129,4129,3403,car,person,124.925,127.527,0,,,0,27,1435.263,2219.2,2219.9,1.5,88.4,0.0,88.4,0.0,no,pedestrian_stationary
25-4155,25,4155,truck,person,125.626,127.527,0,,,0,9,,363.6,363.6,0.0,115.5,0.0,115.5,-0.0,no,pedestrian_not_in_crosswalk
1469-4155,1469,4155,car,person,125.626,127.527,0,,,0,9,,546.0,546.0,0.0,115.5,0.0,115.5,-0.0,no,pedestrian_not_in_crosswalk
2009-4155,2009,4155,car,person,125.626,127.527,0,,,0,9,32.028,807.5,3406.8,108.9,143.4,166.4,115.5,-1.9,yes,pedestrian_not_in_crosswalk
2135-4155,2135,4155,car,person,125.626,127.527,0,,,0,9,36.993,1108.1,3306.8,91.1,381.6,381.6,115.5,-431.0,yes,pedestrian_not_in_crosswalk
2199-4155,2199,4155,car,person,125.626,127.527,0,,,0,9,248.011,2554.5,3110.6,12.8,200.7,200.7,115.5,-97.1,yes,pedestrian_not_in_crosswalk
2206-4155,2206,4155,car,person,125.626,127.527,0,,,0,9,34.69,1299.7,3337.3,98.2,162.1,162.1,115.5,-64.8,yes,pedestrian_not_in_crosswalk
2299-4155,2299,4155,bus,person,125.626,127.527,0,,,0,9,69.094,1927.9,2543.4,38.6,315.5,315.5,115.5,-238.2,yes,pedestrian_not_in_crosswalk
2586-4155,2586,4155,car,person,125.626,127.527,0,,,0,9,32.183,980.6,3413.9,108.8,130.9,121.9,115.5,-51.3,yes,pedestrian_not_in_crosswalk
2860-4155,2860,4155,car,person,125.626,127.527,0,,,0,9,33.755,1287.8,1462.7,44.5,115.5,0.0,115.5,-0.0,no,pedestrian_not_in_crosswalk
3050-4155,3050,4155,bus,person,125.626,127.527,0,,,0,9,,2272.4,2272.4,0.0,223.1,299.0,115.5,-23.7,yes,pedestrian_not_in_crosswalk
3526-4155,3526,4155,car,person,125.626,127.527,0,,,0,9,,1172.9,1172.9,0.0,115.5,0.0,115.5,,no,pedestrian_not_in_crosswalk
3603-4155,3603,4155,car,person,125.626,127.527,0,,,0,9,,1114.6,1114.6,0.0,115.5,72.5,115.5,-16.3,no,pedestrian_not_in_crosswalk
3633-4155,3633,4155,car,person,125.626,127.527,0,,,0,9,120.035,1103.8,1110.2,9.2,115.5,0.0,115.5,,no,pedestrian_not_in_crosswalk
3745-4155,3745,4155,car,person,125.626,127.527,0,,,0,9,41.691,1159.6,1174.6,28.2,228.3,138.8,115.5,-26.1,yes,pedestrian_not_in_crosswalk
3825-4155,3825,4155,bus,person,125.626,127.527,0,,,0,9,,1053.1,1053.1,0.0,257.4,262.4,115.5,-89.3,yes,pedestrian_not_in_crosswalk
3850-4155,3850,4155,car,person,125.626,127.527,0,,,0,9,,1565.8,1565.8,0.0,157.6,157.6,115.5,-108.3,yes,pedestrian_not_in_crosswalk
3889-4155,3889,4155,car,person,125.626,127.527,0,,,0,9,,1556.9,1556.9,0.0,243.1,269.2,115.5,-108.1,yes,pedestrian_not_in_crosswalk
3946-4155,3946,4155,car,person,125.626,127.527,0,,,0,9,25.84,1209.9,1253.3,48.6,180.9,180.9,115.5,-42.6,yes,pedestrian_not_in_crosswalk
3966-4155,3966,4155,car,person,125.626,127.527,0,,,0,9,,1247.9,1247.9,0.0,165.5,165.5,115.5,-97.8,yes,pedestrian_not_in_crosswalk
3978-4155,3978,4155,car,person,125.626,127.527,0,,,0,9,69.801,846.7,936.5,13.7,184.3,196.7,115.5,-138.5,yes,pedestrian_not_in_crosswalk
4011-4155,4011,4155,car,person,125.626,127.527,0,,,0,9,,833.9,833.9,0.0,115.5,0.0,115.5,,no,pedestrian_not_in_crosswalk
4032-4155,4032,4155,car,person,125.626,127.527,0,,,0,9,36.562,735.8,912.6,25.0,113.2,121.7,115.5,-41.9,yes,pedestrian_not_in_crosswalk
4055-4155,4055,4155,car,person,125.626,127.327,0,,,0,7,,362.5,362.5,0.0,115.5,0.0,115.5,,no,pedestrian_not_in_crosswalk
4068-4155,4068,4155,car,person,125.626,127.527,0,,,0,9,,1132.7,1132.7,0.0,115.5,0.0,115.5,,no,pedestrian_not_in_crosswalk
4093-4155,4093,4155,car,person,125.626,127.527,0,,,0,9,,822.9,822.9,0.0,157.6,159.9,115.5,-62.1,yes,pedestrian_not_in_crosswalk
4103-4155,4103,4155,car,person,125.626,127.527,0,,,0,9,,1084.4,1084.4,0.0,174.7,174.7,115.5,-91.8,yes,pedestrian_not_in_crosswalk
4105-4155,4105,4155,car,person,125.626,127.527,0,,,0,9,16.851,460.2,818.8,49.0,125.9,143.5,115.5,-11.3,no,pedestrian_not_in_crosswalk
4125-4155,4125,4155,car,person,125.626,127.527,0,,,0,9,2.903,1145.3,1607.4,889.1,990.8,980.8,115.5,-333.3,yes,pedestrian_not_in_crosswalk
4129-4155,4129,4155,car,person,125.626,127.527,0,,,0,9,,363.8,363.8,0.0,115.5,0.0,115.5,0.0,no,pedestrian_not_in_crosswalk
3403-4164,4164,3403,car,person,125.726,127.527,0,,,0,19,,2153.2,2153.2,0.0,124.5,72.7,88.4,102.4,no,pedestrian_stationary
4155-4164,4164,4155,car,person,125.726,127.527,0,,,0,9,,1148.1,1148.1,0.0,187.9,72.7,115.5,102.4,no,pedestrian_not_in_crosswalk
3403-4172,4172,3403,car,person,125.926,127.527,0,,,0,17,8.636,48.2,1135.3,142.2,179.4,179.4,88.4,-75.6,yes,pedestrian_stationary
4155-4172,4172,4155,car,person,125.926,127.527,0,,,0,9,18.195,754.5,930.6,51.8,100.0,179.4,115.5,-75.6,yes,pedestrian_not_in_crosswalk
3403-4191,4191,3403,car,person,126.326,127.527,0,,,0,13,47.533,1387.4,1527.2,32.2,88.4,0.0,88.4,,no,pedestrian_stationary
3403-4192,4192,3403,car,person,126.326,127.527,0,,,0,13,,907.4,907.4,0.0,336.0,338.4,88.4,-8.7,no,pedestrian_stationary
4155-4191,4191,4155,car,person,126.326,127.527,0,,,0,9,33.516,1346.0,3392.4,103.6,115.5,0.0,115.5,,no,pedestrian_not_in_crosswalk
4155-4192,4192,4155,car,person,126.326,127.527,0,,,0,9,29.159,1447.9,2868.7,99.0,257.6,338.4,115.5,-8.7,no,pedestrian_not_in_crosswalk
3403-4205,4205,3403,car,person,126.727,127.527,0,,,0,9,,2070.1,2070.1,0.0,88.4,0.0,88.4,,no,vehicle_not_moving
4155-4205,4205,4155,car,person,126.727,127.527,0,,,0,9,,898.2,898.2,0.0,106.2,0.0,106.2,,no,vehicle_not_moving
3403-4210,4210,3403,car,person,126.927,127.527,0,,,0,7,1501.991,2218.4,2219.0,1.5,82.9,0.0,82.9,,no,vehicle_not_moving
3403-4212,4212,3403,car,person,126.927,127.527,0,,,0,7,19.367,79.5,2081.9,107.5,108.0,109.7,82.9,-17.1,no,vehicle_not_moving
4155-4210,4210,4155,car,person,126.927,127.527,0,,,0,7,,464.7,464.7,0.0,99.5,0.0,99.5,,no,vehicle_not_moving
4155-4212,4212,4155,car,person,126.927,127.527,0,,,0,7,191.239,1008.1,1051.0,5.5,99.5,109.7,99.5,-17.1,no,vehicle_not_moving
3403-4213,4213,3403,car,person,127.027,127.527,0,,,0,6,,1784.3,1784.3,0.0,75.6,0.0,75.6,,no,vehicle_not_moving
4155-4213,4213,4155,car,person,127.027,127.527,0,,,0,6,,838.4,838.4,0.0,96.5,0.0,96.5,,no,vehicle_not_moving
3403-4216,4216,3403,car,person,127.227,127.527,0,,,0,4,33.808,775.9,2122.3,62.8,71.5,71.5,48.2,8.5,no,vehicle_not_moving
3403-4217,4217,3403,car,person,127.227,127.527,0,,,0,4,8.329,538.7,1788.3,216.0,226.4,234.4,48.2,-359.7,yes,vehicle_not_moving
4155-4216,4216,4155,car,person,127.227,127.527,0,,,0,4,,972.9,972.9,0.0,89.3,71.5,96.5,8.5,no,vehicle_not_moving
4155-4217,4217,4155,car,person,127.227,127.527,0,,,0,4,21.098,679.6,718.5,34.2,142.6,234.4,96.5,-359.7,yes,vehicle_not_moving
3403-4230,4230,3403,car,person,127.527,127.527,0,,,0,1,,2221.9,2221.9,0.0,0.0,0.0,0.0,,no,vehicle_not_moving
4155-4230,4230,4155,car,person,127.527,127.527,0,,,0,1,,519.1,519.1,0.0,96.5,0.0,96.5,,no,vehicle_not_moving
